2026-08-20 19:00:12 DEBUG:busco.run_BUSCO	Command line: /work/pi_hputnam_uri_edu/conda/envs/env-busco/bin/busco -f -c 15 -i /scratch4/workspace/jillashey_uri_edu-Ptua_genome/Pocillopora_tuahiniensis_genome_v1.0.fasta -l metazoa_odb10 -o Ptua_genome_busco -m genome --download_path /work/pi_hputnam_uri_edu/lineages
2026-08-20 19:00:12 INFO:busco.run_BUSCO	***** Start a BUSCO v5.8.3 analysis, current time: 08/20/2026 19:00:12 *****
2026-08-20 19:00:12 DEBUG:busco.ConfigManager	Getting config file
2026-08-20 19:00:12 INFO:busco.ConfigManager	Configuring BUSCO with local environment
2026-08-20 19:00:12 INFO:busco.BuscoConfig	Running genome mode
2026-08-20 19:00:12 INFO:busco.BuscoConfig	'Force' option selected; overwriting previous results directory
2026-08-20 19:00:12 INFO:busco.BuscoDownloadManager	Downloading information on latest versions of BUSCO data...
2026-08-20 19:00:14 DEBUG:busco.BuscoConfig	State of BUSCO config before run:
2026-08-20 19:00:14 DEBUG:busco.BuscoConfig	{'_allow_no_value': False,
 '_comment_prefixes': ('#', ';'),
 '_converters': <configparser.ConverterMapping object at 0x761d840bcc50>,
 '_defaults': OrderedDict(),
 '_delimiters': ('=', ':'),
 '_dict': <class 'collections.OrderedDict'>,
 '_empty_lines_in_values': True,
 '_inline_comment_prefixes': (),
 '_input_filepath': '/scratch4/workspace/jillashey_uri_edu-Ptua_genome/Pocillopora_tuahiniensis_genome_v1.0.fasta',
 '_interpolation': <configparser.BasicInterpolation object at 0x761d92d832d0>,
 '_mode': 'genome',
 '_optcre': re.compile('\n        (?P<option>.*?)                    # very permissive!\n        \\s*(?P<vi>=|:)\\s*              # any number of space/tab,\n                                           # followed by any of t, re.VERBOSE),
 '_proxies': OrderedDict([('DEFAULT', <Section: DEFAULT>),
                          ('busco_run', <Section: busco_run>),
                          ('gff2gbSmallDNA.pl', <Section: gff2gbSmallDNA.pl>),
                          ('tblastn', <Section: tblastn>),
                          ('bbtools', <Section: bbtools>),
                          ('prodigal', <Section: prodigal>),
                          ('makeblastdb', <Section: makeblastdb>),
                          ('optimize_augustus.pl',
                           <Section: optimize_augustus.pl>),
                          ('augustus', <Section: augustus>),
                          ('metaeuk', <Section: metaeuk>),
                          ('sepp', <Section: sepp>),
                          ('miniprot', <Section: miniprot>),
                          ('etraining', <Section: etraining>),
                          ('hmmsearch', <Section: hmmsearch>),
                          ('new_species.pl', <Section: new_species.pl>)]),
 '_sections': OrderedDict([('busco_run',
                            OrderedDict([('out_path',
                                          '/work/pi_hputnam_uri_edu/Ptua_genome'),
                                         ('cpu', '15'),
                                         ('force', 'True'),
                                         ('restart', 'False'),
                                         ('quiet', 'False'),
                                         ('download_path',
                                          '/work/pi_hputnam_uri_edu/lineages'),
                                         ('datasets_version', 'odb10'),
                                         ('offline', 'False'),
                                         ('download_base_url',
                                          'https://busco-data.ezlab.org/v5/data/'),
                                         ('auto-lineage', 'False'),
                                         ('auto-lineage-prok', 'False'),
                                         ('auto-lineage-euk', 'False'),
                                         ('use_augustus', 'False'),
                                         ('use_miniprot', 'False'),
                                         ('use_metaeuk', 'False'),
                                         ('skip_bbtools', 'False'),
                                         ('batch_mode', 'False'),
                                         ('tar', 'False'),
                                         ('opt-out-run-stats', 'False'),
                                         ('in',
                                          '/scratch4/workspace/jillashey_uri_edu-Ptua_genome/Pocillopora_tuahiniensis_genome_v1.0.fasta'),
                                         ('out', 'Ptua_genome_busco'),
                                         ('mode', 'genome'),
                                         ('lineage_dataset', 'metazoa_odb10'),
                                         ('main_out',
                                          '/work/pi_hputnam_uri_edu/Ptua_genome/Ptua_genome_busco')])),
                           ('gff2gbSmallDNA.pl',
                            OrderedDict([('path', ''), ('command', '')])),
                           ('tblastn',
                            OrderedDict([('path', ''), ('command', '')])),
                           ('bbtools',
                            OrderedDict([('path', ''), ('command', '')])),
                           ('prodigal',
                            OrderedDict([('path', ''), ('command', '')])),
                           ('makeblastdb',
                            OrderedDict([('path', ''), ('command', '')])),
                           ('optimize_augustus.pl',
                            OrderedDict([('path', ''), ('command', '')])),
                           ('augustus',
                            OrderedDict([('path', ''), ('command', '')])),
                           ('metaeuk',
                            OrderedDict([('path', ''), ('command', '')])),
                           ('sepp',
                            OrderedDict([('path', ''), ('command', '')])),
                           ('miniprot',
                            OrderedDict([('path', ''), ('command', '')])),
                           ('etraining',
                            OrderedDict([('path', ''), ('command', '')])),
                           ('hmmsearch',
                            OrderedDict([('path', ''), ('command', '')])),
                           ('new_species.pl',
                            OrderedDict([('path', ''), ('command', '')]))]),
 '_strict': True,
 'conf_file': 'local environment',
 'default_section': 'DEFAULT',
 'downloader': <busco.BuscoDownloadManager.BuscoDownloadManager object at 0x761d92f31610>,
 'main_out': '/work/pi_hputnam_uri_edu/Ptua_genome/Ptua_genome_busco',
 'params': {'augustus_parameters': None,
            'augustus_species': None,
            'auto-lineage': False,
            'auto-lineage-euk': False,
            'auto-lineage-prok': False,
            'config_file': None,
            'contig_break': None,
            'cpu': 15,
            'datasets_version': None,
            'download': '==SUPPRESS==',
            'download_base_url': None,
            'download_path': '/work/pi_hputnam_uri_edu/lineages',
            'evalue': None,
            'force': True,
            'help': '==SUPPRESS==',
            'in': '/scratch4/workspace/jillashey_uri_edu-Ptua_genome/Pocillopora_tuahiniensis_genome_v1.0.fasta',
            'limit': None,
            'lineage_dataset': 'metazoa_odb10',
            'list_datasets': '==SUPPRESS==',
            'long': False,
            'metaeuk_parameters': None,
            'metaeuk_rerun_parameters': None,
            'mode': 'genome',
            'offline': False,
            'opt-out-run-stats': False,
            'out': 'Ptua_genome_busco',
            'out_path': None,
            'quiet': False,
            'restart': False,
            'scaffold_composition': False,
            'skip_bbtools': False,
            'tar': False,
            'use_augustus': False,
            'use_metaeuk': False,
            'use_miniprot': False,
            'version': '==SUPPRESS=='},
 'run_stats': {'cpu': 15,
               'download_path': 'user-specified',
               'force': True,
               'input_file_size': 360585256,
               'lineage_dataset': ['metazoa_odb10'],
               'mode': 'genome'}}
2026-08-20 19:00:14 INFO:busco.BuscoRunner	Input file is /scratch4/workspace/jillashey_uri_edu-Ptua_genome/Pocillopora_tuahiniensis_genome_v1.0.fasta
2026-08-20 19:00:14 DEBUG:busco.analysis.BuscoAnalysis	Check all required tools are accessible...
2026-08-20 19:00:15 DEBUG:busco.analysis.BuscoAnalysis	Checking dataset for HMM profiles
2026-08-20 19:00:19 INFO:busco.analysis.BuscoAnalysis	Running BUSCO using lineage dataset metazoa_odb10 (eukaryota, 2024-01-08)
2026-08-20 19:00:19 INFO:busco.busco_tools.Toolset	Running 1 job(s) on bbtools, starting at 08/20/2026 19:00:19
2026-08-20 19:00:27 DEBUG:busco.busco_tools.Toolset	cmd call: stats.sh format=2 in=/scratch4/workspace/jillashey_uri_edu-Ptua_genome/Pocillopora_tuahiniensis_genome_v1.0.fasta n=10
2026-08-20 19:00:30 INFO:busco.busco_tools.Toolset	[bbtools]	1 of 1 task(s) completed
2026-08-20 19:00:30 DEBUG:busco.busco_tools.base	Tool: miniprot_index
2026-08-20 19:00:30 DEBUG:busco.busco_tools.base	Version: 0.17-r279
2026-08-20 19:00:30 INFO:busco.busco_tools.Toolset	Running 1 job(s) on miniprot_index, starting at 08/20/2026 19:00:30
2026-08-20 19:00:39 DEBUG:busco.busco_tools.Toolset	cmd call: miniprot -t 15 -d /work/pi_hputnam_uri_edu/Ptua_genome/Ptua_genome_busco/run_metazoa_odb10/miniprot_output/ref.mpi /scratch4/workspace/jillashey_uri_edu-Ptua_genome/Pocillopora_tuahiniensis_genome_v1.0.fasta
2026-08-20 19:01:16 INFO:busco.busco_tools.Toolset	[miniprot_index]	1 of 1 task(s) completed
2026-08-20 19:01:17 DEBUG:busco.busco_tools.base	Tool: miniprot_align
2026-08-20 19:01:17 DEBUG:busco.busco_tools.base	Version: 0.17-r279
2026-08-20 19:01:17 INFO:busco.busco_tools.Toolset	Running 1 job(s) on miniprot_align, starting at 08/20/2026 19:01:17
2026-08-20 19:01:26 DEBUG:busco.busco_tools.Toolset	cmd call: miniprot --trans -u -I --outs 0.95 -t 15 --gff /work/pi_hputnam_uri_edu/Ptua_genome/Ptua_genome_busco/run_metazoa_odb10/miniprot_output/ref.mpi /work/pi_hputnam_uri_edu/lineages/lineages/metazoa_odb10/refseq_db.faa
2026-08-20 22:53:39 INFO:busco.busco_tools.Toolset	[miniprot_align]	1 of 1 task(s) completed
2026-08-20 23:04:44 INFO:busco.analysis.BuscoAnalysis	***** Run HMMER on gene sequences *****
2026-08-20 23:04:44 DEBUG:busco.busco_tools.base	Tool: hmmsearch
2026-08-20 23:04:44 DEBUG:busco.busco_tools.base	Version: 3.4
2026-08-20 23:04:45 INFO:busco.busco_tools.Toolset	Running 954 job(s) on hmmsearch, starting at 08/20/2026 23:04:45
2026-08-20 23:05:22 DEBUG:busco.busco_tools.Toolset	cmd call: hmmsearch --domtblout /work/pi_hputnam_uri_edu/Ptua_genome/Ptua_genome_busco/run_metazoa_odb10/hmmer_output/102804at33208.out --cpu 1 /work/pi_hputnam_uri_edu/lineages/lineages/metazoa_odb10/hmms/102804at33208.hmm /work/pi_hputnam_uri_edu/Ptua_genome/Ptua_genome_busco/run_metazoa_odb10/miniprot_output/translated_proteins/102804at33208.faa
2026-08-20 23:05:24 DEBUG:busco.busco_tools.Toolset	cmd call: hmmsearch --domtblout /work/pi_hputnam_uri_edu/Ptua_genome/Ptua_genome_busco/run_metazoa_odb10/hmmer_output/127766at33208.out --cpu 1 /work/pi_hputnam_uri_edu/lineages/lineages/metazoa_odb10/hmms/127766at33208.hmm /work/pi_hputnam_uri_edu/Ptua_genome/Ptua_genome_busco/run_metazoa_odb10/miniprot_output/translated_proteins/127766at33208.faa
2026-08-20 23:05:24 DEBUG:busco.busco_tools.Toolset	cmd call: hmmsearch --domtblout /work/pi_hputnam_uri_edu/Ptua_genome/Ptua_genome_busco/run_metazoa_odb10/hmmer_output/103854at33208.out --cpu 1 /work/pi_hputnam_uri_edu/lineages/lineages/metazoa_odb10/hmms/103854at33208.hmm /work/pi_hputnam_uri_edu/Ptua_genome/Ptua_genome_busco/run_metazoa_odb10/miniprot_output/translated_proteins/103854at33208.faa
2026-08-20 23:05:25 DEBUG:busco.busco_tools.Toolset	cmd call: hmmsearch --domtblout /work/pi_hputnam_uri_edu/Ptua_genome/Ptua_genome_busco/run_metazoa_odb10/hmmer_output/147873at33208.out --cpu 1 /work/pi_hputnam_uri_edu/lineages/lineages/metazoa_odb10/hmms/147873at33208.hmm /work/pi_hputnam_uri_edu/Ptua_genome/Ptua_genome_busco/run_metazoa_odb10/miniprot_output/translated_proteins/147873at33208.faa
2026-08-20 23:05:25 DEBUG:busco.busco_tools.Toolset	cmd call: hmmsearch --domtblout /work/pi_hputnam_uri_edu/Ptua_genome/Ptua_genome_busco/run_metazoa_odb10/hmmer_output/129179at33208.out --cpu 1 /work/pi_hputnam_uri_edu/lineages/lineages/metazoa_odb10/hmms/129179at33208.hmm /work/pi_hputnam_uri_edu/Ptua_genome/Ptua_genome_busco/run_metazoa_odb10/miniprot_output/translated_proteins/129179at33208.faa
2026-08-20 23:05:25 DEBUG:busco.busco_tools.Toolset	cmd call: hmmsearch --domtblout /work/pi_hputnam_uri_edu/Ptua_genome/Ptua_genome_busco/run_metazoa_odb10/hmmer_output/107151at33208.out --cpu 1 /work/pi_hputnam_uri_edu/lineages/lineages/metazoa_odb10/hmms/107151at33208.hmm /work/pi_hputnam_uri_edu/Ptua_genome/Ptua_genome_busco/run_metazoa_odb10/miniprot_output/translated_proteins/107151at33208.faa
2026-08-20 23:05:25 DEBUG:busco.busco_tools.Toolset	cmd call: hmmsearch --domtblout /work/pi_hputnam_uri_edu/Ptua_genome/Ptua_genome_busco/run_metazoa_odb10/hmmer_output/148067at33208.out --cpu 1 /work/pi_hputnam_uri_edu/lineages/lineages/metazoa_odb10/hmms/148067at33208.hmm /work/pi_hputnam_uri_edu/Ptua_genome/Ptua_genome_busco/run_metazoa_odb10/miniprot_output/translated_proteins/148067at33208.faa
2026-08-20 23:05:26 DEBUG:busco.busco_tools.Toolset	cmd call: hmmsearch --domtblout /work/pi_hputnam_uri_edu/Ptua_genome/Ptua_genome_busco/run_metazoa_odb10/hmmer_output/130245at33208.out --cpu 1 /work/pi_hputnam_uri_edu/lineages/lineages/metazoa_odb10/hmms/130245at33208.hmm /work/pi_hputnam_uri_edu/Ptua_genome/Ptua_genome_busco/run_metazoa_odb10/miniprot_output/translated_proteins/130245at33208.faa
2026-08-20 23:05:26 DEBUG:busco.busco_tools.Toolset	cmd call: hmmsearch --domtblout /work/pi_hputnam_uri_edu/Ptua_genome/Ptua_genome_busco/run_metazoa_odb10/hmmer_output/107574at33208.out --cpu 1 /work/pi_hputnam_uri_edu/lineages/lineages/metazoa_odb10/hmms/107574at33208.hmm /work/pi_hputnam_uri_edu/Ptua_genome/Ptua_genome_busco/run_metazoa_odb10/miniprot_output/translated_proteins/107574at33208.faa
2026-08-20 23:05:26 DEBUG:busco.busco_tools.Toolset	cmd call: hmmsearch --domtblout /work/pi_hputnam_uri_edu/Ptua_genome/Ptua_genome_busco/run_metazoa_odb10/hmmer_output/169864at33208.out --cpu 1 /work/pi_hputnam_uri_edu/lineages/lineages/metazoa_odb10/hmms/169864at33208.hmm /work/pi_hputnam_uri_edu/Ptua_genome/Ptua_genome_busco/run_metazoa_odb10/miniprot_output/translated_proteins/169864at33208.faa
2026-08-20 23:05:26 DEBUG:busco.busco_tools.Toolset	cmd call: hmmsearch --domtblout /work/pi_hputnam_uri_edu/Ptua_genome/Ptua_genome_busco/run_metazoa_odb10/hmmer_output/130256at33208.out --cpu 1 /work/pi_hputnam_uri_edu/lineages/lineages/metazoa_odb10/hmms/130256at33208.hmm /work/pi_hputnam_uri_edu/Ptua_genome/Ptua_genome_busco/run_metazoa_odb10/miniprot_output/translated_proteins/130256at33208.faa
2026-08-20 23:05:27 DEBUG:busco.busco_tools.Toolset	cmd call: hmmsearch --domtblout /work/pi_hputnam_uri_edu/Ptua_genome/Ptua_genome_busco/run_metazoa_odb10/hmmer_output/108764at33208.out --cpu 1 /work/pi_hputnam_uri_edu/lineages/lineages/metazoa_odb10/hmms/108764at33208.hmm /work/pi_hputnam_uri_edu/Ptua_genome/Ptua_genome_busco/run_metazoa_odb10/miniprot_output/translated_proteins/108764at33208.faa
2026-08-20 23:05:27 DEBUG:busco.busco_tools.Toolset	cmd call: hmmsearch --domtblout /work/pi_hputnam_uri_edu/Ptua_genome/Ptua_genome_busco/run_metazoa_odb10/hmmer_output/148325at33208.out --cpu 1 /work/pi_hputnam_uri_edu/lineages/lineages/metazoa_odb10/hmms/148325at33208.hmm /work/pi_hputnam_uri_edu/Ptua_genome/Ptua_genome_busco/run_metazoa_odb10/miniprot_output/translated_proteins/148325at33208.faa
2026-08-20 23:05:27 DEBUG:busco.busco_tools.Toolset	cmd call: hmmsearch --domtblout /work/pi_hputnam_uri_edu/Ptua_genome/Ptua_genome_busco/run_metazoa_odb10/hmmer_output/172677at33208.out --cpu 1 /work/pi_hputnam_uri_edu/lineages/lineages/metazoa_odb10/hmms/172677at33208.hmm /work/pi_hputnam_uri_edu/Ptua_genome/Ptua_genome_busco/run_metazoa_odb10/miniprot_output/translated_proteins/172677at33208.faa
2026-08-20 23:05:28 DEBUG:busco.busco_tools.Toolset	cmd call: hmmsearch --domtblout /work/pi_hputnam_uri_edu/Ptua_genome/Ptua_genome_busco/run_metazoa_odb10/hmmer_output/109109at33208.out --cpu 1 /work/pi_hputnam_uri_edu/lineages/lineages/metazoa_odb10/hmms/109109at33208.hmm /work/pi_hputnam_uri_edu/Ptua_genome/Ptua_genome_busco/run_metazoa_odb10/miniprot_output/translated_proteins/109109at33208.faa
2026-08-20 23:05:28 DEBUG:busco.busco_tools.Toolset	cmd call: hmmsearch --domtblout /work/pi_hputnam_uri_edu/Ptua_genome/Ptua_genome_busco/run_metazoa_odb10/hmmer_output/176247at33208.out --cpu 1 /work/pi_hputnam_uri_edu/lineages/lineages/metazoa_odb10/hmms/176247at33208.hmm /work/pi_hputnam_uri_edu/Ptua_genome/Ptua_genome_busco/run_metazoa_odb10/miniprot_output/translated_proteins/176247at33208.faa
2026-08-20 23:05:28 DEBUG:busco.busco_tools.Toolset	cmd call: hmmsearch --domtblout /work/pi_hputnam_uri_edu/Ptua_genome/Ptua_genome_busco/run_metazoa_odb10/hmmer_output/191938at33208.out --cpu 1 /work/pi_hputnam_uri_edu/lineages/lineages/metazoa_odb10/hmms/191938at33208.hmm /work/pi_hputnam_uri_edu/Ptua_genome/Ptua_genome_busco/run_metazoa_odb10/miniprot_output/translated_proteins/191938at33208.faa
2026-08-20 23:05:28 DEBUG:busco.busco_tools.Toolset	cmd call: hmmsearch --domtblout /work/pi_hputnam_uri_edu/Ptua_genome/Ptua_genome_busco/run_metazoa_odb10/hmmer_output/152327at33208.out --cpu 1 /work/pi_hputnam_uri_edu/lineages/lineages/metazoa_odb10/hmms/152327at33208.hmm /work/pi_hputnam_uri_edu/Ptua_genome/Ptua_genome_busco/run_metazoa_odb10/miniprot_output/translated_proteins/152327at33208.faa
2026-08-20 23:05:29 DEBUG:busco.busco_tools.Toolset	cmd call: hmmsearch --domtblout /work/pi_hputnam_uri_edu/Ptua_genome/Ptua_genome_busco/run_metazoa_odb10/hmmer_output/111730at33208.out --cpu 1 /work/pi_hputnam_uri_edu/lineages/lineages/metazoa_odb10/hmms/111730at33208.hmm /work/pi_hputnam_uri_edu/Ptua_genome/Ptua_genome_busco/run_metazoa_odb10/miniprot_output/translated_proteins/111730at33208.faa
2026-08-20 23:05:29 DEBUG:busco.busco_tools.Toolset	cmd call: hmmsearch --domtblout /work/pi_hputnam_uri_edu/Ptua_genome/Ptua_genome_busco/run_metazoa_odb10/hmmer_output/192250at33208.out --cpu 1 /work/pi_hputnam_uri_edu/lineages/lineages/metazoa_odb10/hmms/192250at33208.hmm /work/pi_hputnam_uri_edu/Ptua_genome/Ptua_genome_busco/run_metazoa_odb10/miniprot_output/translated_proteins/192250at33208.faa
2026-08-20 23:05:29 DEBUG:busco.busco_tools.Toolset	cmd call: hmmsearch --domtblout /work/pi_hputnam_uri_edu/Ptua_genome/Ptua_genome_busco/run_metazoa_odb10/hmmer_output/152977at33208.out --cpu 1 /work/pi_hputnam_uri_edu/lineages/lineages/metazoa_odb10/hmms/152977at33208.hmm /work/pi_hputnam_uri_edu/Ptua_genome/Ptua_genome_busco/run_metazoa_odb10/miniprot_output/translated_proteins/152977at33208.faa
2026-08-20 23:05:29 DEBUG:busco.busco_tools.Toolset	cmd call: hmmsearch --domtblout /work/pi_hputnam_uri_edu/Ptua_genome/Ptua_genome_busco/run_metazoa_odb10/hmmer_output/131349at33208.out --cpu 1 /work/pi_hputnam_uri_edu/lineages/lineages/metazoa_odb10/hmms/131349at33208.hmm /work/pi_hputnam_uri_edu/Ptua_genome/Ptua_genome_busco/run_metazoa_odb10/miniprot_output/translated_proteins/131349at33208.faa
2026-08-20 23:05:29 DEBUG:busco.busco_tools.Toolset	cmd call: hmmsearch --domtblout /work/pi_hputnam_uri_edu/Ptua_genome/Ptua_genome_busco/run_metazoa_odb10/hmmer_output/177718at33208.out --cpu 1 /work/pi_hputnam_uri_edu/lineages/lineages/metazoa_odb10/hmms/177718at33208.hmm /work/pi_hputnam_uri_edu/Ptua_genome/Ptua_genome_busco/run_metazoa_odb10/miniprot_output/translated_proteins/177718at33208.faa
2026-08-20 23:05:30 DEBUG:busco.busco_tools.Toolset	cmd call: hmmsearch --domtblout /work/pi_hputnam_uri_edu/Ptua_genome/Ptua_genome_busco/run_metazoa_odb10/hmmer_output/194754at33208.out --cpu 1 /work/pi_hputnam_uri_edu/lineages/lineages/metazoa_odb10/hmms/194754at33208.hmm /work/pi_hputnam_uri_edu/Ptua_genome/Ptua_genome_busco/run_metazoa_odb10/miniprot_output/translated_proteins/194754at33208.faa
2026-08-20 23:05:30 DEBUG:busco.busco_tools.Toolset	cmd call: hmmsearch --domtblout /work/pi_hputnam_uri_edu/Ptua_genome/Ptua_genome_busco/run_metazoa_odb10/hmmer_output/177858at33208.out --cpu 1 /work/pi_hputnam_uri_edu/lineages/lineages/metazoa_odb10/hmms/177858at33208.hmm /work/pi_hputnam_uri_edu/Ptua_genome/Ptua_genome_busco/run_metazoa_odb10/miniprot_output/translated_proteins/177858at33208.faa
2026-08-20 23:05:30 DEBUG:busco.busco_tools.Toolset	cmd call: hmmsearch --domtblout /work/pi_hputnam_uri_edu/Ptua_genome/Ptua_genome_busco/run_metazoa_odb10/hmmer_output/208219at33208.out --cpu 1 /work/pi_hputnam_uri_edu/lineages/lineages/metazoa_odb10/hmms/208219at33208.hmm /work/pi_hputnam_uri_edu/Ptua_genome/Ptua_genome_busco/run_metazoa_odb10/miniprot_output/translated_proteins/208219at33208.faa
2026-08-20 23:05:30 DEBUG:busco.busco_tools.Toolset	cmd call: hmmsearch --domtblout /work/pi_hputnam_uri_edu/Ptua_genome/Ptua_genome_busco/run_metazoa_odb10/hmmer_output/153034at33208.out --cpu 1 /work/pi_hputnam_uri_edu/lineages/lineages/metazoa_odb10/hmms/153034at33208.hmm /work/pi_hputnam_uri_edu/Ptua_genome/Ptua_genome_busco/run_metazoa_odb10/miniprot_output/translated_proteins/153034at33208.faa
2026-08-20 23:05:30 DEBUG:busco.busco_tools.Toolset	cmd call: hmmsearch --domtblout /work/pi_hputnam_uri_edu/Ptua_genome/Ptua_genome_busco/run_metazoa_odb10/hmmer_output/210614at33208.out --cpu 1 /work/pi_hputnam_uri_edu/lineages/lineages/metazoa_odb10/hmms/210614at33208.hmm /work/pi_hputnam_uri_edu/Ptua_genome/Ptua_genome_busco/run_metazoa_odb10/miniprot_output/translated_proteins/210614at33208.faa
2026-08-20 23:05:31 DEBUG:busco.busco_tools.Toolset	cmd call: hmmsearch --domtblout /work/pi_hputnam_uri_edu/Ptua_genome/Ptua_genome_busco/run_metazoa_odb10/hmmer_output/157109at33208.out --cpu 1 /work/pi_hputnam_uri_edu/lineages/lineages/metazoa_odb10/hmms/157109at33208.hmm /work/pi_hputnam_uri_edu/Ptua_genome/Ptua_genome_busco/run_metazoa_odb10/miniprot_output/translated_proteins/157109at33208.faa
2026-08-20 23:05:31 DEBUG:busco.busco_tools.Toolset	cmd call: hmmsearch --domtblout /work/pi_hputnam_uri_edu/Ptua_genome/Ptua_genome_busco/run_metazoa_odb10/hmmer_output/111746at33208.out --cpu 1 /work/pi_hputnam_uri_edu/lineages/lineages/metazoa_odb10/hmms/111746at33208.hmm /work/pi_hputnam_uri_edu/Ptua_genome/Ptua_genome_busco/run_metazoa_odb10/miniprot_output/translated_proteins/111746at33208.faa
2026-08-20 23:05:31 DEBUG:busco.busco_tools.Toolset	cmd call: hmmsearch --domtblout /work/pi_hputnam_uri_edu/Ptua_genome/Ptua_genome_busco/run_metazoa_odb10/hmmer_output/157138at33208.out --cpu 1 /work/pi_hputnam_uri_edu/lineages/lineages/metazoa_odb10/hmms/157138at33208.hmm /work/pi_hputnam_uri_edu/Ptua_genome/Ptua_genome_busco/run_metazoa_odb10/miniprot_output/translated_proteins/157138at33208.faa
2026-08-20 23:05:31 DEBUG:busco.busco_tools.Toolset	cmd call: hmmsearch --domtblout /work/pi_hputnam_uri_edu/Ptua_genome/Ptua_genome_busco/run_metazoa_odb10/hmmer_output/178537at33208.out --cpu 1 /work/pi_hputnam_uri_edu/lineages/lineages/metazoa_odb10/hmms/178537at33208.hmm /work/pi_hputnam_uri_edu/Ptua_genome/Ptua_genome_busco/run_metazoa_odb10/miniprot_output/translated_proteins/178537at33208.faa
2026-08-20 23:05:31 DEBUG:busco.busco_tools.Toolset	cmd call: hmmsearch --domtblout /work/pi_hputnam_uri_edu/Ptua_genome/Ptua_genome_busco/run_metazoa_odb10/hmmer_output/131848at33208.out --cpu 1 /work/pi_hputnam_uri_edu/lineages/lineages/metazoa_odb10/hmms/131848at33208.hmm /work/pi_hputnam_uri_edu/Ptua_genome/Ptua_genome_busco/run_metazoa_odb10/miniprot_output/translated_proteins/131848at33208.faa
2026-08-20 23:05:32 DEBUG:busco.busco_tools.Toolset	cmd call: hmmsearch --domtblout /work/pi_hputnam_uri_edu/Ptua_genome/Ptua_genome_busco/run_metazoa_odb10/hmmer_output/195986at33208.out --cpu 1 /work/pi_hputnam_uri_edu/lineages/lineages/metazoa_odb10/hmms/195986at33208.hmm /work/pi_hputnam_uri_edu/Ptua_genome/Ptua_genome_busco/run_metazoa_odb10/miniprot_output/translated_proteins/195986at33208.faa
2026-08-20 23:05:32 DEBUG:busco.busco_tools.Toolset	cmd call: hmmsearch --domtblout /work/pi_hputnam_uri_edu/Ptua_genome/Ptua_genome_busco/run_metazoa_odb10/hmmer_output/158845at33208.out --cpu 1 /work/pi_hputnam_uri_edu/lineages/lineages/metazoa_odb10/hmms/158845at33208.hmm /work/pi_hputnam_uri_edu/Ptua_genome/Ptua_genome_busco/run_metazoa_odb10/miniprot_output/translated_proteins/158845at33208.faa
2026-08-20 23:05:32 DEBUG:busco.busco_tools.Toolset	cmd call: hmmsearch --domtblout /work/pi_hputnam_uri_edu/Ptua_genome/Ptua_genome_busco/run_metazoa_odb10/hmmer_output/179485at33208.out --cpu 1 /work/pi_hputnam_uri_edu/lineages/lineages/metazoa_odb10/hmms/179485at33208.hmm /work/pi_hputnam_uri_edu/Ptua_genome/Ptua_genome_busco/run_metazoa_odb10/miniprot_output/translated_proteins/179485at33208.faa
2026-08-20 23:05:33 DEBUG:busco.busco_tools.Toolset	cmd call: hmmsearch --domtblout /work/pi_hputnam_uri_edu/Ptua_genome/Ptua_genome_busco/run_metazoa_odb10/hmmer_output/180808at33208.out --cpu 1 /work/pi_hputnam_uri_edu/lineages/lineages/metazoa_odb10/hmms/180808at33208.hmm /work/pi_hputnam_uri_edu/Ptua_genome/Ptua_genome_busco/run_metazoa_odb10/miniprot_output/translated_proteins/180808at33208.faa
2026-08-20 23:05:33 DEBUG:busco.busco_tools.Toolset	cmd call: hmmsearch --domtblout /work/pi_hputnam_uri_edu/Ptua_genome/Ptua_genome_busco/run_metazoa_odb10/hmmer_output/158962at33208.out --cpu 1 /work/pi_hputnam_uri_edu/lineages/lineages/metazoa_odb10/hmms/158962at33208.hmm /work/pi_hputnam_uri_edu/Ptua_genome/Ptua_genome_busco/run_metazoa_odb10/miniprot_output/translated_proteins/158962at33208.faa
2026-08-20 23:05:33 DEBUG:busco.busco_tools.Toolset	cmd call: hmmsearch --domtblout /work/pi_hputnam_uri_edu/Ptua_genome/Ptua_genome_busco/run_metazoa_odb10/hmmer_output/212972at33208.out --cpu 1 /work/pi_hputnam_uri_edu/lineages/lineages/metazoa_odb10/hmms/212972at33208.hmm /work/pi_hputnam_uri_edu/Ptua_genome/Ptua_genome_busco/run_metazoa_odb10/miniprot_output/translated_proteins/212972at33208.faa
2026-08-20 23:05:34 DEBUG:busco.busco_tools.Toolset	cmd call: hmmsearch --domtblout /work/pi_hputnam_uri_edu/Ptua_genome/Ptua_genome_busco/run_metazoa_odb10/hmmer_output/114954at33208.out --cpu 1 /work/pi_hputnam_uri_edu/lineages/lineages/metazoa_odb10/hmms/114954at33208.hmm /work/pi_hputnam_uri_edu/Ptua_genome/Ptua_genome_busco/run_metazoa_odb10/miniprot_output/translated_proteins/114954at33208.faa
2026-08-20 23:05:34 DEBUG:busco.busco_tools.Toolset	cmd call: hmmsearch --domtblout /work/pi_hputnam_uri_edu/Ptua_genome/Ptua_genome_busco/run_metazoa_odb10/hmmer_output/115878at33208.out --cpu 1 /work/pi_hputnam_uri_edu/lineages/lineages/metazoa_odb10/hmms/115878at33208.hmm /work/pi_hputnam_uri_edu/Ptua_genome/Ptua_genome_busco/run_metazoa_odb10/miniprot_output/translated_proteins/115878at33208.faa
2026-08-20 23:05:34 DEBUG:busco.busco_tools.Toolset	cmd call: hmmsearch --domtblout /work/pi_hputnam_uri_edu/Ptua_genome/Ptua_genome_busco/run_metazoa_odb10/hmmer_output/196950at33208.out --cpu 1 /work/pi_hputnam_uri_edu/lineages/lineages/metazoa_odb10/hmms/196950at33208.hmm /work/pi_hputnam_uri_edu/Ptua_genome/Ptua_genome_busco/run_metazoa_odb10/miniprot_output/translated_proteins/196950at33208.faa
2026-08-20 23:05:34 DEBUG:busco.busco_tools.Toolset	cmd call: hmmsearch --domtblout /work/pi_hputnam_uri_edu/Ptua_genome/Ptua_genome_busco/run_metazoa_odb10/hmmer_output/16244at33208.out --cpu 1 /work/pi_hputnam_uri_edu/lineages/lineages/metazoa_odb10/hmms/16244at33208.hmm /work/pi_hputnam_uri_edu/Ptua_genome/Ptua_genome_busco/run_metazoa_odb10/miniprot_output/translated_proteins/16244at33208.faa
2026-08-20 23:05:34 DEBUG:busco.busco_tools.Toolset	cmd call: hmmsearch --domtblout /work/pi_hputnam_uri_edu/Ptua_genome/Ptua_genome_busco/run_metazoa_odb10/hmmer_output/132087at33208.out --cpu 1 /work/pi_hputnam_uri_edu/lineages/lineages/metazoa_odb10/hmms/132087at33208.hmm /work/pi_hputnam_uri_edu/Ptua_genome/Ptua_genome_busco/run_metazoa_odb10/miniprot_output/translated_proteins/132087at33208.faa
2026-08-20 23:05:34 DEBUG:busco.busco_tools.Toolset	cmd call: hmmsearch --domtblout /work/pi_hputnam_uri_edu/Ptua_genome/Ptua_genome_busco/run_metazoa_odb10/hmmer_output/182834at33208.out --cpu 1 /work/pi_hputnam_uri_edu/lineages/lineages/metazoa_odb10/hmms/182834at33208.hmm /work/pi_hputnam_uri_edu/Ptua_genome/Ptua_genome_busco/run_metazoa_odb10/miniprot_output/translated_proteins/182834at33208.faa
2026-08-20 23:05:34 DEBUG:busco.busco_tools.Toolset	cmd call: hmmsearch --domtblout /work/pi_hputnam_uri_edu/Ptua_genome/Ptua_genome_busco/run_metazoa_odb10/hmmer_output/118209at33208.out --cpu 1 /work/pi_hputnam_uri_edu/lineages/lineages/metazoa_odb10/hmms/118209at33208.hmm /work/pi_hputnam_uri_edu/Ptua_genome/Ptua_genome_busco/run_metazoa_odb10/miniprot_output/translated_proteins/118209at33208.faa
2026-08-20 23:05:35 DEBUG:busco.busco_tools.Toolset	cmd call: hmmsearch --domtblout /work/pi_hputnam_uri_edu/Ptua_genome/Ptua_genome_busco/run_metazoa_odb10/hmmer_output/214788at33208.out --cpu 1 /work/pi_hputnam_uri_edu/lineages/lineages/metazoa_odb10/hmms/214788at33208.hmm /work/pi_hputnam_uri_edu/Ptua_genome/Ptua_genome_busco/run_metazoa_odb10/miniprot_output/translated_proteins/214788at33208.faa
2026-08-20 23:05:36 DEBUG:busco.busco_tools.Toolset	cmd call: hmmsearch --domtblout /work/pi_hputnam_uri_edu/Ptua_genome/Ptua_genome_busco/run_metazoa_odb10/hmmer_output/227453at33208.out --cpu 1 /work/pi_hputnam_uri_edu/lineages/lineages/metazoa_odb10/hmms/227453at33208.hmm /work/pi_hputnam_uri_edu/Ptua_genome/Ptua_genome_busco/run_metazoa_odb10/miniprot_output/translated_proteins/227453at33208.faa
2026-08-20 23:05:36 DEBUG:busco.busco_tools.Toolset	cmd call: hmmsearch --domtblout /work/pi_hputnam_uri_edu/Ptua_genome/Ptua_genome_busco/run_metazoa_odb10/hmmer_output/184508at33208.out --cpu 1 /work/pi_hputnam_uri_edu/lineages/lineages/metazoa_odb10/hmms/184508at33208.hmm /work/pi_hputnam_uri_edu/Ptua_genome/Ptua_genome_busco/run_metazoa_odb10/miniprot_output/translated_proteins/184508at33208.faa
2026-08-20 23:05:36 DEBUG:busco.busco_tools.Toolset	cmd call: hmmsearch --domtblout /work/pi_hputnam_uri_edu/Ptua_genome/Ptua_genome_busco/run_metazoa_odb10/hmmer_output/215654at33208.out --cpu 1 /work/pi_hputnam_uri_edu/lineages/lineages/metazoa_odb10/hmms/215654at33208.hmm /work/pi_hputnam_uri_edu/Ptua_genome/Ptua_genome_busco/run_metazoa_odb10/miniprot_output/translated_proteins/215654at33208.faa
2026-08-20 23:05:37 DEBUG:busco.busco_tools.Toolset	cmd call: hmmsearch --domtblout /work/pi_hputnam_uri_edu/Ptua_genome/Ptua_genome_busco/run_metazoa_odb10/hmmer_output/197549at33208.out --cpu 1 /work/pi_hputnam_uri_edu/lineages/lineages/metazoa_odb10/hmms/197549at33208.hmm /work/pi_hputnam_uri_edu/Ptua_genome/Ptua_genome_busco/run_metazoa_odb10/miniprot_output/translated_proteins/197549at33208.faa
2026-08-20 23:05:37 DEBUG:busco.busco_tools.Toolset	cmd call: hmmsearch --domtblout /work/pi_hputnam_uri_edu/Ptua_genome/Ptua_genome_busco/run_metazoa_odb10/hmmer_output/197652at33208.out --cpu 1 /work/pi_hputnam_uri_edu/lineages/lineages/metazoa_odb10/hmms/197652at33208.hmm /work/pi_hputnam_uri_edu/Ptua_genome/Ptua_genome_busco/run_metazoa_odb10/miniprot_output/translated_proteins/197652at33208.faa
2026-08-20 23:05:37 DEBUG:busco.busco_tools.Toolset	cmd call: hmmsearch --domtblout /work/pi_hputnam_uri_edu/Ptua_genome/Ptua_genome_busco/run_metazoa_odb10/hmmer_output/134492at33208.out --cpu 1 /work/pi_hputnam_uri_edu/lineages/lineages/metazoa_odb10/hmms/134492at33208.hmm /work/pi_hputnam_uri_edu/Ptua_genome/Ptua_genome_busco/run_metazoa_odb10/miniprot_output/translated_proteins/134492at33208.faa
2026-08-20 23:05:37 DEBUG:busco.busco_tools.Toolset	cmd call: hmmsearch --domtblout /work/pi_hputnam_uri_edu/Ptua_genome/Ptua_genome_busco/run_metazoa_odb10/hmmer_output/227979at33208.out --cpu 1 /work/pi_hputnam_uri_edu/lineages/lineages/metazoa_odb10/hmms/227979at33208.hmm /work/pi_hputnam_uri_edu/Ptua_genome/Ptua_genome_busco/run_metazoa_odb10/miniprot_output/translated_proteins/227979at33208.faa
2026-08-20 23:05:37 DEBUG:busco.busco_tools.Toolset	cmd call: hmmsearch --domtblout /work/pi_hputnam_uri_edu/Ptua_genome/Ptua_genome_busco/run_metazoa_odb10/hmmer_output/216257at33208.out --cpu 1 /work/pi_hputnam_uri_edu/lineages/lineages/metazoa_odb10/hmms/216257at33208.hmm /work/pi_hputnam_uri_edu/Ptua_genome/Ptua_genome_busco/run_metazoa_odb10/miniprot_output/translated_proteins/216257at33208.faa
2026-08-20 23:05:38 DEBUG:busco.busco_tools.Toolset	cmd call: hmmsearch --domtblout /work/pi_hputnam_uri_edu/Ptua_genome/Ptua_genome_busco/run_metazoa_odb10/hmmer_output/119252at33208.out --cpu 1 /work/pi_hputnam_uri_edu/lineages/lineages/metazoa_odb10/hmms/119252at33208.hmm /work/pi_hputnam_uri_edu/Ptua_genome/Ptua_genome_busco/run_metazoa_odb10/miniprot_output/translated_proteins/119252at33208.faa
2026-08-20 23:05:38 DEBUG:busco.busco_tools.Toolset	cmd call: hmmsearch --domtblout /work/pi_hputnam_uri_edu/Ptua_genome/Ptua_genome_busco/run_metazoa_odb10/hmmer_output/200997at33208.out --cpu 1 /work/pi_hputnam_uri_edu/lineages/lineages/metazoa_odb10/hmms/200997at33208.hmm /work/pi_hputnam_uri_edu/Ptua_genome/Ptua_genome_busco/run_metazoa_odb10/miniprot_output/translated_proteins/200997at33208.faa
2026-08-20 23:05:38 DEBUG:busco.busco_tools.Toolset	cmd call: hmmsearch --domtblout /work/pi_hputnam_uri_edu/Ptua_genome/Ptua_genome_busco/run_metazoa_odb10/hmmer_output/184717at33208.out --cpu 1 /work/pi_hputnam_uri_edu/lineages/lineages/metazoa_odb10/hmms/184717at33208.hmm /work/pi_hputnam_uri_edu/Ptua_genome/Ptua_genome_busco/run_metazoa_odb10/miniprot_output/translated_proteins/184717at33208.faa
2026-08-20 23:05:39 DEBUG:busco.busco_tools.Toolset	cmd call: hmmsearch --domtblout /work/pi_hputnam_uri_edu/Ptua_genome/Ptua_genome_busco/run_metazoa_odb10/hmmer_output/216563at33208.out --cpu 1 /work/pi_hputnam_uri_edu/lineages/lineages/metazoa_odb10/hmms/216563at33208.hmm /work/pi_hputnam_uri_edu/Ptua_genome/Ptua_genome_busco/run_metazoa_odb10/miniprot_output/translated_proteins/216563at33208.faa
2026-08-20 23:05:39 DEBUG:busco.busco_tools.Toolset	cmd call: hmmsearch --domtblout /work/pi_hputnam_uri_edu/Ptua_genome/Ptua_genome_busco/run_metazoa_odb10/hmmer_output/247183at33208.out --cpu 1 /work/pi_hputnam_uri_edu/lineages/lineages/metazoa_odb10/hmms/247183at33208.hmm /work/pi_hputnam_uri_edu/Ptua_genome/Ptua_genome_busco/run_metazoa_odb10/miniprot_output/translated_proteins/247183at33208.faa
2026-08-20 23:05:39 DEBUG:busco.busco_tools.Toolset	cmd call: hmmsearch --domtblout /work/pi_hputnam_uri_edu/Ptua_genome/Ptua_genome_busco/run_metazoa_odb10/hmmer_output/218441at33208.out --cpu 1 /work/pi_hputnam_uri_edu/lineages/lineages/metazoa_odb10/hmms/218441at33208.hmm /work/pi_hputnam_uri_edu/Ptua_genome/Ptua_genome_busco/run_metazoa_odb10/miniprot_output/translated_proteins/218441at33208.faa
2026-08-20 23:05:39 DEBUG:busco.busco_tools.Toolset	cmd call: hmmsearch --domtblout /work/pi_hputnam_uri_edu/Ptua_genome/Ptua_genome_busco/run_metazoa_odb10/hmmer_output/231157at33208.out --cpu 1 /work/pi_hputnam_uri_edu/lineages/lineages/metazoa_odb10/hmms/231157at33208.hmm /work/pi_hputnam_uri_edu/Ptua_genome/Ptua_genome_busco/run_metazoa_odb10/miniprot_output/translated_proteins/231157at33208.faa
2026-08-20 23:05:40 DEBUG:busco.busco_tools.Toolset	cmd call: hmmsearch --domtblout /work/pi_hputnam_uri_edu/Ptua_genome/Ptua_genome_busco/run_metazoa_odb10/hmmer_output/219795at33208.out --cpu 1 /work/pi_hputnam_uri_edu/lineages/lineages/metazoa_odb10/hmms/219795at33208.hmm /work/pi_hputnam_uri_edu/Ptua_genome/Ptua_genome_busco/run_metazoa_odb10/miniprot_output/translated_proteins/219795at33208.faa
2026-08-20 23:05:40 DEBUG:busco.busco_tools.Toolset	cmd call: hmmsearch --domtblout /work/pi_hputnam_uri_edu/Ptua_genome/Ptua_genome_busco/run_metazoa_odb10/hmmer_output/186208at33208.out --cpu 1 /work/pi_hputnam_uri_edu/lineages/lineages/metazoa_odb10/hmms/186208at33208.hmm /work/pi_hputnam_uri_edu/Ptua_genome/Ptua_genome_busco/run_metazoa_odb10/miniprot_output/translated_proteins/186208at33208.faa
2026-08-20 23:05:40 DEBUG:busco.busco_tools.Toolset	cmd call: hmmsearch --domtblout /work/pi_hputnam_uri_edu/Ptua_genome/Ptua_genome_busco/run_metazoa_odb10/hmmer_output/201397at33208.out --cpu 1 /work/pi_hputnam_uri_edu/lineages/lineages/metazoa_odb10/hmms/201397at33208.hmm /work/pi_hputnam_uri_edu/Ptua_genome/Ptua_genome_busco/run_metazoa_odb10/miniprot_output/translated_proteins/201397at33208.faa
2026-08-20 23:05:40 DEBUG:busco.busco_tools.Toolset	cmd call: hmmsearch --domtblout /work/pi_hputnam_uri_edu/Ptua_genome/Ptua_genome_busco/run_metazoa_odb10/hmmer_output/135294at33208.out --cpu 1 /work/pi_hputnam_uri_edu/lineages/lineages/metazoa_odb10/hmms/135294at33208.hmm /work/pi_hputnam_uri_edu/Ptua_genome/Ptua_genome_busco/run_metazoa_odb10/miniprot_output/translated_proteins/135294at33208.faa
2026-08-20 23:05:40 DEBUG:busco.busco_tools.Toolset	cmd call: hmmsearch --domtblout /work/pi_hputnam_uri_edu/Ptua_genome/Ptua_genome_busco/run_metazoa_odb10/hmmer_output/247905at33208.out --cpu 1 /work/pi_hputnam_uri_edu/lineages/lineages/metazoa_odb10/hmms/247905at33208.hmm /work/pi_hputnam_uri_edu/Ptua_genome/Ptua_genome_busco/run_metazoa_odb10/miniprot_output/translated_proteins/247905at33208.faa
2026-08-20 23:05:41 DEBUG:busco.busco_tools.Toolset	cmd call: hmmsearch --domtblout /work/pi_hputnam_uri_edu/Ptua_genome/Ptua_genome_busco/run_metazoa_odb10/hmmer_output/249486at33208.out --cpu 1 /work/pi_hputnam_uri_edu/lineages/lineages/metazoa_odb10/hmms/249486at33208.hmm /work/pi_hputnam_uri_edu/Ptua_genome/Ptua_genome_busco/run_metazoa_odb10/miniprot_output/translated_proteins/249486at33208.faa
2026-08-20 23:05:41 DEBUG:busco.busco_tools.Toolset	cmd call: hmmsearch --domtblout /work/pi_hputnam_uri_edu/Ptua_genome/Ptua_genome_busco/run_metazoa_odb10/hmmer_output/202545at33208.out --cpu 1 /work/pi_hputnam_uri_edu/lineages/lineages/metazoa_odb10/hmms/202545at33208.hmm /work/pi_hputnam_uri_edu/Ptua_genome/Ptua_genome_busco/run_metazoa_odb10/miniprot_output/translated_proteins/202545at33208.faa
2026-08-20 23:05:41 DEBUG:busco.busco_tools.Toolset	cmd call: hmmsearch --domtblout /work/pi_hputnam_uri_edu/Ptua_genome/Ptua_genome_busco/run_metazoa_odb10/hmmer_output/231700at33208.out --cpu 1 /work/pi_hputnam_uri_edu/lineages/lineages/metazoa_odb10/hmms/231700at33208.hmm /work/pi_hputnam_uri_edu/Ptua_genome/Ptua_genome_busco/run_metazoa_odb10/miniprot_output/translated_proteins/231700at33208.faa
2026-08-20 23:05:41 DEBUG:busco.busco_tools.Toolset	cmd call: hmmsearch --domtblout /work/pi_hputnam_uri_edu/Ptua_genome/Ptua_genome_busco/run_metazoa_odb10/hmmer_output/219856at33208.out --cpu 1 /work/pi_hputnam_uri_edu/lineages/lineages/metazoa_odb10/hmms/219856at33208.hmm /work/pi_hputnam_uri_edu/Ptua_genome/Ptua_genome_busco/run_metazoa_odb10/miniprot_output/translated_proteins/219856at33208.faa
2026-08-20 23:05:41 DEBUG:busco.busco_tools.Toolset	cmd call: hmmsearch --domtblout /work/pi_hputnam_uri_edu/Ptua_genome/Ptua_genome_busco/run_metazoa_odb10/hmmer_output/203128at33208.out --cpu 1 /work/pi_hputnam_uri_edu/lineages/lineages/metazoa_odb10/hmms/203128at33208.hmm /work/pi_hputnam_uri_edu/Ptua_genome/Ptua_genome_busco/run_metazoa_odb10/miniprot_output/translated_proteins/203128at33208.faa
2026-08-20 23:05:42 DEBUG:busco.busco_tools.Toolset	cmd call: hmmsearch --domtblout /work/pi_hputnam_uri_edu/Ptua_genome/Ptua_genome_busco/run_metazoa_odb10/hmmer_output/119591at33208.out --cpu 1 /work/pi_hputnam_uri_edu/lineages/lineages/metazoa_odb10/hmms/119591at33208.hmm /work/pi_hputnam_uri_edu/Ptua_genome/Ptua_genome_busco/run_metazoa_odb10/miniprot_output/translated_proteins/119591at33208.faa
2026-08-20 23:05:42 DEBUG:busco.busco_tools.Toolset	cmd call: hmmsearch --domtblout /work/pi_hputnam_uri_edu/Ptua_genome/Ptua_genome_busco/run_metazoa_odb10/hmmer_output/266469at33208.out --cpu 1 /work/pi_hputnam_uri_edu/lineages/lineages/metazoa_odb10/hmms/266469at33208.hmm /work/pi_hputnam_uri_edu/Ptua_genome/Ptua_genome_busco/run_metazoa_odb10/miniprot_output/translated_proteins/266469at33208.faa
2026-08-20 23:05:42 DEBUG:busco.busco_tools.Toolset	cmd call: hmmsearch --domtblout /work/pi_hputnam_uri_edu/Ptua_genome/Ptua_genome_busco/run_metazoa_odb10/hmmer_output/251076at33208.out --cpu 1 /work/pi_hputnam_uri_edu/lineages/lineages/metazoa_odb10/hmms/251076at33208.hmm /work/pi_hputnam_uri_edu/Ptua_genome/Ptua_genome_busco/run_metazoa_odb10/miniprot_output/translated_proteins/251076at33208.faa
2026-08-20 23:05:43 DEBUG:busco.busco_tools.Toolset	cmd call: hmmsearch --domtblout /work/pi_hputnam_uri_edu/Ptua_genome/Ptua_genome_busco/run_metazoa_odb10/hmmer_output/203698at33208.out --cpu 1 /work/pi_hputnam_uri_edu/lineages/lineages/metazoa_odb10/hmms/203698at33208.hmm /work/pi_hputnam_uri_edu/Ptua_genome/Ptua_genome_busco/run_metazoa_odb10/miniprot_output/translated_proteins/203698at33208.faa
2026-08-20 23:05:43 DEBUG:busco.busco_tools.Toolset	cmd call: hmmsearch --domtblout /work/pi_hputnam_uri_edu/Ptua_genome/Ptua_genome_busco/run_metazoa_odb10/hmmer_output/222489at33208.out --cpu 1 /work/pi_hputnam_uri_edu/lineages/lineages/metazoa_odb10/hmms/222489at33208.hmm /work/pi_hputnam_uri_edu/Ptua_genome/Ptua_genome_busco/run_metazoa_odb10/miniprot_output/translated_proteins/222489at33208.faa
2026-08-20 23:05:43 DEBUG:busco.busco_tools.Toolset	cmd call: hmmsearch --domtblout /work/pi_hputnam_uri_edu/Ptua_genome/Ptua_genome_busco/run_metazoa_odb10/hmmer_output/266808at33208.out --cpu 1 /work/pi_hputnam_uri_edu/lineages/lineages/metazoa_odb10/hmms/266808at33208.hmm /work/pi_hputnam_uri_edu/Ptua_genome/Ptua_genome_busco/run_metazoa_odb10/miniprot_output/translated_proteins/266808at33208.faa
2026-08-20 23:05:43 DEBUG:busco.busco_tools.Toolset	cmd call: hmmsearch --domtblout /work/pi_hputnam_uri_edu/Ptua_genome/Ptua_genome_busco/run_metazoa_odb10/hmmer_output/251577at33208.out --cpu 1 /work/pi_hputnam_uri_edu/lineages/lineages/metazoa_odb10/hmms/251577at33208.hmm /work/pi_hputnam_uri_edu/Ptua_genome/Ptua_genome_busco/run_metazoa_odb10/miniprot_output/translated_proteins/251577at33208.faa
2026-08-20 23:05:44 DEBUG:busco.busco_tools.Toolset	cmd call: hmmsearch --domtblout /work/pi_hputnam_uri_edu/Ptua_genome/Ptua_genome_busco/run_metazoa_odb10/hmmer_output/223234at33208.out --cpu 1 /work/pi_hputnam_uri_edu/lineages/lineages/metazoa_odb10/hmms/223234at33208.hmm /work/pi_hputnam_uri_edu/Ptua_genome/Ptua_genome_busco/run_metazoa_odb10/miniprot_output/translated_proteins/223234at33208.faa
2026-08-20 23:05:44 DEBUG:busco.busco_tools.Toolset	cmd call: hmmsearch --domtblout /work/pi_hputnam_uri_edu/Ptua_genome/Ptua_genome_busco/run_metazoa_odb10/hmmer_output/186707at33208.out --cpu 1 /work/pi_hputnam_uri_edu/lineages/lineages/metazoa_odb10/hmms/186707at33208.hmm /work/pi_hputnam_uri_edu/Ptua_genome/Ptua_genome_busco/run_metazoa_odb10/miniprot_output/translated_proteins/186707at33208.faa
2026-08-20 23:05:44 DEBUG:busco.busco_tools.Toolset	cmd call: hmmsearch --domtblout /work/pi_hputnam_uri_edu/Ptua_genome/Ptua_genome_busco/run_metazoa_odb10/hmmer_output/255117at33208.out --cpu 1 /work/pi_hputnam_uri_edu/lineages/lineages/metazoa_odb10/hmms/255117at33208.hmm /work/pi_hputnam_uri_edu/Ptua_genome/Ptua_genome_busco/run_metazoa_odb10/miniprot_output/translated_proteins/255117at33208.faa
2026-08-20 23:05:44 DEBUG:busco.busco_tools.Toolset	cmd call: hmmsearch --domtblout /work/pi_hputnam_uri_edu/Ptua_genome/Ptua_genome_busco/run_metazoa_odb10/hmmer_output/137383at33208.out --cpu 1 /work/pi_hputnam_uri_edu/lineages/lineages/metazoa_odb10/hmms/137383at33208.hmm /work/pi_hputnam_uri_edu/Ptua_genome/Ptua_genome_busco/run_metazoa_odb10/miniprot_output/translated_proteins/137383at33208.faa
2026-08-20 23:05:44 DEBUG:busco.busco_tools.Toolset	cmd call: hmmsearch --domtblout /work/pi_hputnam_uri_edu/Ptua_genome/Ptua_genome_busco/run_metazoa_odb10/hmmer_output/267439at33208.out --cpu 1 /work/pi_hputnam_uri_edu/lineages/lineages/metazoa_odb10/hmms/267439at33208.hmm /work/pi_hputnam_uri_edu/Ptua_genome/Ptua_genome_busco/run_metazoa_odb10/miniprot_output/translated_proteins/267439at33208.faa
2026-08-20 23:05:44 DEBUG:busco.busco_tools.Toolset	cmd call: hmmsearch --domtblout /work/pi_hputnam_uri_edu/Ptua_genome/Ptua_genome_busco/run_metazoa_odb10/hmmer_output/234290at33208.out --cpu 1 /work/pi_hputnam_uri_edu/lineages/lineages/metazoa_odb10/hmms/234290at33208.hmm /work/pi_hputnam_uri_edu/Ptua_genome/Ptua_genome_busco/run_metazoa_odb10/miniprot_output/translated_proteins/234290at33208.faa
2026-08-20 23:05:45 DEBUG:busco.busco_tools.Toolset	cmd call: hmmsearch --domtblout /work/pi_hputnam_uri_edu/Ptua_genome/Ptua_genome_busco/run_metazoa_odb10/hmmer_output/224280at33208.out --cpu 1 /work/pi_hputnam_uri_edu/lineages/lineages/metazoa_odb10/hmms/224280at33208.hmm /work/pi_hputnam_uri_edu/Ptua_genome/Ptua_genome_busco/run_metazoa_odb10/miniprot_output/translated_proteins/224280at33208.faa
2026-08-20 23:05:45 DEBUG:busco.busco_tools.Toolset	cmd call: hmmsearch --domtblout /work/pi_hputnam_uri_edu/Ptua_genome/Ptua_genome_busco/run_metazoa_odb10/hmmer_output/187280at33208.out --cpu 1 /work/pi_hputnam_uri_edu/lineages/lineages/metazoa_odb10/hmms/187280at33208.hmm /work/pi_hputnam_uri_edu/Ptua_genome/Ptua_genome_busco/run_metazoa_odb10/miniprot_output/translated_proteins/187280at33208.faa
2026-08-20 23:05:45 DEBUG:busco.busco_tools.Toolset	cmd call: hmmsearch --domtblout /work/pi_hputnam_uri_edu/Ptua_genome/Ptua_genome_busco/run_metazoa_odb10/hmmer_output/268134at33208.out --cpu 1 /work/pi_hputnam_uri_edu/lineages/lineages/metazoa_odb10/hmms/268134at33208.hmm /work/pi_hputnam_uri_edu/Ptua_genome/Ptua_genome_busco/run_metazoa_odb10/miniprot_output/translated_proteins/268134at33208.faa
2026-08-20 23:05:45 DEBUG:busco.busco_tools.Toolset	cmd call: hmmsearch --domtblout /work/pi_hputnam_uri_edu/Ptua_genome/Ptua_genome_busco/run_metazoa_odb10/hmmer_output/235149at33208.out --cpu 1 /work/pi_hputnam_uri_edu/lineages/lineages/metazoa_odb10/hmms/235149at33208.hmm /work/pi_hputnam_uri_edu/Ptua_genome/Ptua_genome_busco/run_metazoa_odb10/miniprot_output/translated_proteins/235149at33208.faa
2026-08-20 23:05:45 DEBUG:busco.busco_tools.Toolset	cmd call: hmmsearch --domtblout /work/pi_hputnam_uri_edu/Ptua_genome/Ptua_genome_busco/run_metazoa_odb10/hmmer_output/226335at33208.out --cpu 1 /work/pi_hputnam_uri_edu/lineages/lineages/metazoa_odb10/hmms/226335at33208.hmm /work/pi_hputnam_uri_edu/Ptua_genome/Ptua_genome_busco/run_metazoa_odb10/miniprot_output/translated_proteins/226335at33208.faa
2026-08-20 23:05:46 DEBUG:busco.busco_tools.Toolset	cmd call: hmmsearch --domtblout /work/pi_hputnam_uri_edu/Ptua_genome/Ptua_genome_busco/run_metazoa_odb10/hmmer_output/205220at33208.out --cpu 1 /work/pi_hputnam_uri_edu/lineages/lineages/metazoa_odb10/hmms/205220at33208.hmm /work/pi_hputnam_uri_edu/Ptua_genome/Ptua_genome_busco/run_metazoa_odb10/miniprot_output/translated_proteins/205220at33208.faa
2026-08-20 23:05:46 DEBUG:busco.busco_tools.Toolset	cmd call: hmmsearch --domtblout /work/pi_hputnam_uri_edu/Ptua_genome/Ptua_genome_busco/run_metazoa_odb10/hmmer_output/277935at33208.out --cpu 1 /work/pi_hputnam_uri_edu/lineages/lineages/metazoa_odb10/hmms/277935at33208.hmm /work/pi_hputnam_uri_edu/Ptua_genome/Ptua_genome_busco/run_metazoa_odb10/miniprot_output/translated_proteins/277935at33208.faa
2026-08-20 23:05:46 DEBUG:busco.busco_tools.Toolset	cmd call: hmmsearch --domtblout /work/pi_hputnam_uri_edu/Ptua_genome/Ptua_genome_busco/run_metazoa_odb10/hmmer_output/235430at33208.out --cpu 1 /work/pi_hputnam_uri_edu/lineages/lineages/metazoa_odb10/hmms/235430at33208.hmm /work/pi_hputnam_uri_edu/Ptua_genome/Ptua_genome_busco/run_metazoa_odb10/miniprot_output/translated_proteins/235430at33208.faa
2026-08-20 23:05:47 DEBUG:busco.busco_tools.Toolset	cmd call: hmmsearch --domtblout /work/pi_hputnam_uri_edu/Ptua_genome/Ptua_genome_busco/run_metazoa_odb10/hmmer_output/226941at33208.out --cpu 1 /work/pi_hputnam_uri_edu/lineages/lineages/metazoa_odb10/hmms/226941at33208.hmm /work/pi_hputnam_uri_edu/Ptua_genome/Ptua_genome_busco/run_metazoa_odb10/miniprot_output/translated_proteins/226941at33208.faa
2026-08-20 23:05:47 DEBUG:busco.busco_tools.Toolset	cmd call: hmmsearch --domtblout /work/pi_hputnam_uri_edu/Ptua_genome/Ptua_genome_busco/run_metazoa_odb10/hmmer_output/268397at33208.out --cpu 1 /work/pi_hputnam_uri_edu/lineages/lineages/metazoa_odb10/hmms/268397at33208.hmm /work/pi_hputnam_uri_edu/Ptua_genome/Ptua_genome_busco/run_metazoa_odb10/miniprot_output/translated_proteins/268397at33208.faa
2026-08-20 23:05:47 DEBUG:busco.busco_tools.Toolset	cmd call: hmmsearch --domtblout /work/pi_hputnam_uri_edu/Ptua_genome/Ptua_genome_busco/run_metazoa_odb10/hmmer_output/235458at33208.out --cpu 1 /work/pi_hputnam_uri_edu/lineages/lineages/metazoa_odb10/hmms/235458at33208.hmm /work/pi_hputnam_uri_edu/Ptua_genome/Ptua_genome_busco/run_metazoa_odb10/miniprot_output/translated_proteins/235458at33208.faa
2026-08-20 23:05:48 DEBUG:busco.busco_tools.Toolset	cmd call: hmmsearch --domtblout /work/pi_hputnam_uri_edu/Ptua_genome/Ptua_genome_busco/run_metazoa_odb10/hmmer_output/189414at33208.out --cpu 1 /work/pi_hputnam_uri_edu/lineages/lineages/metazoa_odb10/hmms/189414at33208.hmm /work/pi_hputnam_uri_edu/Ptua_genome/Ptua_genome_busco/run_metazoa_odb10/miniprot_output/translated_proteins/189414at33208.faa
2026-08-20 23:05:48 DEBUG:busco.busco_tools.Toolset	cmd call: hmmsearch --domtblout /work/pi_hputnam_uri_edu/Ptua_genome/Ptua_genome_busco/run_metazoa_odb10/hmmer_output/239016at33208.out --cpu 1 /work/pi_hputnam_uri_edu/lineages/lineages/metazoa_odb10/hmms/239016at33208.hmm /work/pi_hputnam_uri_edu/Ptua_genome/Ptua_genome_busco/run_metazoa_odb10/miniprot_output/translated_proteins/239016at33208.faa
2026-08-20 23:05:49 DEBUG:busco.busco_tools.Toolset	cmd call: hmmsearch --domtblout /work/pi_hputnam_uri_edu/Ptua_genome/Ptua_genome_busco/run_metazoa_odb10/hmmer_output/255242at33208.out --cpu 1 /work/pi_hputnam_uri_edu/lineages/lineages/metazoa_odb10/hmms/255242at33208.hmm /work/pi_hputnam_uri_edu/Ptua_genome/Ptua_genome_busco/run_metazoa_odb10/miniprot_output/translated_proteins/255242at33208.faa
2026-08-20 23:05:49 DEBUG:busco.busco_tools.Toolset	cmd call: hmmsearch --domtblout /work/pi_hputnam_uri_edu/Ptua_genome/Ptua_genome_busco/run_metazoa_odb10/hmmer_output/121127at33208.out --cpu 1 /work/pi_hputnam_uri_edu/lineages/lineages/metazoa_odb10/hmms/121127at33208.hmm /work/pi_hputnam_uri_edu/Ptua_genome/Ptua_genome_busco/run_metazoa_odb10/miniprot_output/translated_proteins/121127at33208.faa
2026-08-20 23:05:49 DEBUG:busco.busco_tools.Toolset	cmd call: hmmsearch --domtblout /work/pi_hputnam_uri_edu/Ptua_genome/Ptua_genome_busco/run_metazoa_odb10/hmmer_output/227087at33208.out --cpu 1 /work/pi_hputnam_uri_edu/lineages/lineages/metazoa_odb10/hmms/227087at33208.hmm /work/pi_hputnam_uri_edu/Ptua_genome/Ptua_genome_busco/run_metazoa_odb10/miniprot_output/translated_proteins/227087at33208.faa
2026-08-20 23:05:49 DEBUG:busco.busco_tools.Toolset	cmd call: hmmsearch --domtblout /work/pi_hputnam_uri_edu/Ptua_genome/Ptua_genome_busco/run_metazoa_odb10/hmmer_output/239149at33208.out --cpu 1 /work/pi_hputnam_uri_edu/lineages/lineages/metazoa_odb10/hmms/239149at33208.hmm /work/pi_hputnam_uri_edu/Ptua_genome/Ptua_genome_busco/run_metazoa_odb10/miniprot_output/translated_proteins/239149at33208.faa
2026-08-20 23:05:49 DEBUG:busco.busco_tools.Toolset	cmd call: hmmsearch --domtblout /work/pi_hputnam_uri_edu/Ptua_genome/Ptua_genome_busco/run_metazoa_odb10/hmmer_output/13816at33208.out --cpu 1 /work/pi_hputnam_uri_edu/lineages/lineages/metazoa_odb10/hmms/13816at33208.hmm /work/pi_hputnam_uri_edu/Ptua_genome/Ptua_genome_busco/run_metazoa_odb10/miniprot_output/translated_proteins/13816at33208.faa
2026-08-20 23:05:49 DEBUG:busco.busco_tools.Toolset	cmd call: hmmsearch --domtblout /work/pi_hputnam_uri_edu/Ptua_genome/Ptua_genome_busco/run_metazoa_odb10/hmmer_output/278227at33208.out --cpu 1 /work/pi_hputnam_uri_edu/lineages/lineages/metazoa_odb10/hmms/278227at33208.hmm /work/pi_hputnam_uri_edu/Ptua_genome/Ptua_genome_busco/run_metazoa_odb10/miniprot_output/translated_proteins/278227at33208.faa
2026-08-20 23:05:49 DEBUG:busco.busco_tools.Toolset	cmd call: hmmsearch --domtblout /work/pi_hputnam_uri_edu/Ptua_genome/Ptua_genome_busco/run_metazoa_odb10/hmmer_output/239597at33208.out --cpu 1 /work/pi_hputnam_uri_edu/lineages/lineages/metazoa_odb10/hmms/239597at33208.hmm /work/pi_hputnam_uri_edu/Ptua_genome/Ptua_genome_busco/run_metazoa_odb10/miniprot_output/translated_proteins/239597at33208.faa
2026-08-20 23:05:49 INFO:busco.busco_tools.Toolset	[hmmsearch]	96 of 954 task(s) completed
2026-08-20 23:05:49 DEBUG:busco.busco_tools.Toolset	cmd call: hmmsearch --domtblout /work/pi_hputnam_uri_edu/Ptua_genome/Ptua_genome_busco/run_metazoa_odb10/hmmer_output/206786at33208.out --cpu 1 /work/pi_hputnam_uri_edu/lineages/lineages/metazoa_odb10/hmms/206786at33208.hmm /work/pi_hputnam_uri_edu/Ptua_genome/Ptua_genome_busco/run_metazoa_odb10/miniprot_output/translated_proteins/206786at33208.faa
2026-08-20 23:05:49 DEBUG:busco.busco_tools.Toolset	cmd call: hmmsearch --domtblout /work/pi_hputnam_uri_edu/Ptua_genome/Ptua_genome_busco/run_metazoa_odb10/hmmer_output/270594at33208.out --cpu 1 /work/pi_hputnam_uri_edu/lineages/lineages/metazoa_odb10/hmms/270594at33208.hmm /work/pi_hputnam_uri_edu/Ptua_genome/Ptua_genome_busco/run_metazoa_odb10/miniprot_output/translated_proteins/270594at33208.faa
2026-08-20 23:05:50 DEBUG:busco.busco_tools.Toolset	cmd call: hmmsearch --domtblout /work/pi_hputnam_uri_edu/Ptua_genome/Ptua_genome_busco/run_metazoa_odb10/hmmer_output/255924at33208.out --cpu 1 /work/pi_hputnam_uri_edu/lineages/lineages/metazoa_odb10/hmms/255924at33208.hmm /work/pi_hputnam_uri_edu/Ptua_genome/Ptua_genome_busco/run_metazoa_odb10/miniprot_output/translated_proteins/255924at33208.faa
2026-08-20 23:05:50 DEBUG:busco.busco_tools.Toolset	cmd call: hmmsearch --domtblout /work/pi_hputnam_uri_edu/Ptua_genome/Ptua_genome_busco/run_metazoa_odb10/hmmer_output/291875at33208.out --cpu 1 /work/pi_hputnam_uri_edu/lineages/lineages/metazoa_odb10/hmms/291875at33208.hmm /work/pi_hputnam_uri_edu/Ptua_genome/Ptua_genome_busco/run_metazoa_odb10/miniprot_output/translated_proteins/291875at33208.faa
2026-08-20 23:05:50 DEBUG:busco.busco_tools.Toolset	cmd call: hmmsearch --domtblout /work/pi_hputnam_uri_edu/Ptua_genome/Ptua_genome_busco/run_metazoa_odb10/hmmer_output/190726at33208.out --cpu 1 /work/pi_hputnam_uri_edu/lineages/lineages/metazoa_odb10/hmms/190726at33208.hmm /work/pi_hputnam_uri_edu/Ptua_genome/Ptua_genome_busco/run_metazoa_odb10/miniprot_output/translated_proteins/190726at33208.faa
2026-08-20 23:05:51 DEBUG:busco.busco_tools.Toolset	cmd call: hmmsearch --domtblout /work/pi_hputnam_uri_edu/Ptua_genome/Ptua_genome_busco/run_metazoa_odb10/hmmer_output/206858at33208.out --cpu 1 /work/pi_hputnam_uri_edu/lineages/lineages/metazoa_odb10/hmms/206858at33208.hmm /work/pi_hputnam_uri_edu/Ptua_genome/Ptua_genome_busco/run_metazoa_odb10/miniprot_output/translated_proteins/206858at33208.faa
2026-08-20 23:05:51 DEBUG:busco.busco_tools.Toolset	cmd call: hmmsearch --domtblout /work/pi_hputnam_uri_edu/Ptua_genome/Ptua_genome_busco/run_metazoa_odb10/hmmer_output/162821at33208.out --cpu 1 /work/pi_hputnam_uri_edu/lineages/lineages/metazoa_odb10/hmms/162821at33208.hmm /work/pi_hputnam_uri_edu/Ptua_genome/Ptua_genome_busco/run_metazoa_odb10/miniprot_output/translated_proteins/162821at33208.faa
2026-08-20 23:05:51 DEBUG:busco.busco_tools.Toolset	cmd call: hmmsearch --domtblout /work/pi_hputnam_uri_edu/Ptua_genome/Ptua_genome_busco/run_metazoa_odb10/hmmer_output/279631at33208.out --cpu 1 /work/pi_hputnam_uri_edu/lineages/lineages/metazoa_odb10/hmms/279631at33208.hmm /work/pi_hputnam_uri_edu/Ptua_genome/Ptua_genome_busco/run_metazoa_odb10/miniprot_output/translated_proteins/279631at33208.faa
2026-08-20 23:05:51 DEBUG:busco.busco_tools.Toolset	cmd call: hmmsearch --domtblout /work/pi_hputnam_uri_edu/Ptua_genome/Ptua_genome_busco/run_metazoa_odb10/hmmer_output/295556at33208.out --cpu 1 /work/pi_hputnam_uri_edu/lineages/lineages/metazoa_odb10/hmms/295556at33208.hmm /work/pi_hputnam_uri_edu/Ptua_genome/Ptua_genome_busco/run_metazoa_odb10/miniprot_output/translated_proteins/295556at33208.faa
2026-08-20 23:05:52 DEBUG:busco.busco_tools.Toolset	cmd call: hmmsearch --domtblout /work/pi_hputnam_uri_edu/Ptua_genome/Ptua_genome_busco/run_metazoa_odb10/hmmer_output/240437at33208.out --cpu 1 /work/pi_hputnam_uri_edu/lineages/lineages/metazoa_odb10/hmms/240437at33208.hmm /work/pi_hputnam_uri_edu/Ptua_genome/Ptua_genome_busco/run_metazoa_odb10/miniprot_output/translated_proteins/240437at33208.faa
2026-08-20 23:05:52 DEBUG:busco.busco_tools.Toolset	cmd call: hmmsearch --domtblout /work/pi_hputnam_uri_edu/Ptua_genome/Ptua_genome_busco/run_metazoa_odb10/hmmer_output/123923at33208.out --cpu 1 /work/pi_hputnam_uri_edu/lineages/lineages/metazoa_odb10/hmms/123923at33208.hmm /work/pi_hputnam_uri_edu/Ptua_genome/Ptua_genome_busco/run_metazoa_odb10/miniprot_output/translated_proteins/123923at33208.faa
2026-08-20 23:05:52 DEBUG:busco.busco_tools.Toolset	cmd call: hmmsearch --domtblout /work/pi_hputnam_uri_edu/Ptua_genome/Ptua_genome_busco/run_metazoa_odb10/hmmer_output/257141at33208.out --cpu 1 /work/pi_hputnam_uri_edu/lineages/lineages/metazoa_odb10/hmms/257141at33208.hmm /work/pi_hputnam_uri_edu/Ptua_genome/Ptua_genome_busco/run_metazoa_odb10/miniprot_output/translated_proteins/257141at33208.faa
2026-08-20 23:05:53 DEBUG:busco.busco_tools.Toolset	cmd call: hmmsearch --domtblout /work/pi_hputnam_uri_edu/Ptua_genome/Ptua_genome_busco/run_metazoa_odb10/hmmer_output/207599at33208.out --cpu 1 /work/pi_hputnam_uri_edu/lineages/lineages/metazoa_odb10/hmms/207599at33208.hmm /work/pi_hputnam_uri_edu/Ptua_genome/Ptua_genome_busco/run_metazoa_odb10/miniprot_output/translated_proteins/207599at33208.faa
2026-08-20 23:05:53 DEBUG:busco.busco_tools.Toolset	cmd call: hmmsearch --domtblout /work/pi_hputnam_uri_edu/Ptua_genome/Ptua_genome_busco/run_metazoa_odb10/hmmer_output/244863at33208.out --cpu 1 /work/pi_hputnam_uri_edu/lineages/lineages/metazoa_odb10/hmms/244863at33208.hmm /work/pi_hputnam_uri_edu/Ptua_genome/Ptua_genome_busco/run_metazoa_odb10/miniprot_output/translated_proteins/244863at33208.faa
2026-08-20 23:05:53 DEBUG:busco.busco_tools.Toolset	cmd call: hmmsearch --domtblout /work/pi_hputnam_uri_edu/Ptua_genome/Ptua_genome_busco/run_metazoa_odb10/hmmer_output/271297at33208.out --cpu 1 /work/pi_hputnam_uri_edu/lineages/lineages/metazoa_odb10/hmms/271297at33208.hmm /work/pi_hputnam_uri_edu/Ptua_genome/Ptua_genome_busco/run_metazoa_odb10/miniprot_output/translated_proteins/271297at33208.faa
2026-08-20 23:05:54 DEBUG:busco.busco_tools.Toolset	cmd call: hmmsearch --domtblout /work/pi_hputnam_uri_edu/Ptua_genome/Ptua_genome_busco/run_metazoa_odb10/hmmer_output/257339at33208.out --cpu 1 /work/pi_hputnam_uri_edu/lineages/lineages/metazoa_odb10/hmms/257339at33208.hmm /work/pi_hputnam_uri_edu/Ptua_genome/Ptua_genome_busco/run_metazoa_odb10/miniprot_output/translated_proteins/257339at33208.faa
2026-08-20 23:05:54 DEBUG:busco.busco_tools.Toolset	cmd call: hmmsearch --domtblout /work/pi_hputnam_uri_edu/Ptua_genome/Ptua_genome_busco/run_metazoa_odb10/hmmer_output/311761at33208.out --cpu 1 /work/pi_hputnam_uri_edu/lineages/lineages/metazoa_odb10/hmms/311761at33208.hmm /work/pi_hputnam_uri_edu/Ptua_genome/Ptua_genome_busco/run_metazoa_odb10/miniprot_output/translated_proteins/311761at33208.faa
2026-08-20 23:05:54 DEBUG:busco.busco_tools.Toolset	cmd call: hmmsearch --domtblout /work/pi_hputnam_uri_edu/Ptua_genome/Ptua_genome_busco/run_metazoa_odb10/hmmer_output/164767at33208.out --cpu 1 /work/pi_hputnam_uri_edu/lineages/lineages/metazoa_odb10/hmms/164767at33208.hmm /work/pi_hputnam_uri_edu/Ptua_genome/Ptua_genome_busco/run_metazoa_odb10/miniprot_output/translated_proteins/164767at33208.faa
2026-08-20 23:05:54 DEBUG:busco.busco_tools.Toolset	cmd call: hmmsearch --domtblout /work/pi_hputnam_uri_edu/Ptua_genome/Ptua_genome_busco/run_metazoa_odb10/hmmer_output/271742at33208.out --cpu 1 /work/pi_hputnam_uri_edu/lineages/lineages/metazoa_odb10/hmms/271742at33208.hmm /work/pi_hputnam_uri_edu/Ptua_genome/Ptua_genome_busco/run_metazoa_odb10/miniprot_output/translated_proteins/271742at33208.faa
2026-08-20 23:05:54 DEBUG:busco.busco_tools.Toolset	cmd call: hmmsearch --domtblout /work/pi_hputnam_uri_edu/Ptua_genome/Ptua_genome_busco/run_metazoa_odb10/hmmer_output/259581at33208.out --cpu 1 /work/pi_hputnam_uri_edu/lineages/lineages/metazoa_odb10/hmms/259581at33208.hmm /work/pi_hputnam_uri_edu/Ptua_genome/Ptua_genome_busco/run_metazoa_odb10/miniprot_output/translated_proteins/259581at33208.faa
2026-08-20 23:05:55 DEBUG:busco.busco_tools.Toolset	cmd call: hmmsearch --domtblout /work/pi_hputnam_uri_edu/Ptua_genome/Ptua_genome_busco/run_metazoa_odb10/hmmer_output/124302at33208.out --cpu 1 /work/pi_hputnam_uri_edu/lineages/lineages/metazoa_odb10/hmms/124302at33208.hmm /work/pi_hputnam_uri_edu/Ptua_genome/Ptua_genome_busco/run_metazoa_odb10/miniprot_output/translated_proteins/124302at33208.faa
2026-08-20 23:05:55 DEBUG:busco.busco_tools.Toolset	cmd call: hmmsearch --domtblout /work/pi_hputnam_uri_edu/Ptua_genome/Ptua_genome_busco/run_metazoa_odb10/hmmer_output/260752at33208.out --cpu 1 /work/pi_hputnam_uri_edu/lineages/lineages/metazoa_odb10/hmms/260752at33208.hmm /work/pi_hputnam_uri_edu/Ptua_genome/Ptua_genome_busco/run_metazoa_odb10/miniprot_output/translated_proteins/260752at33208.faa
2026-08-20 23:05:56 DEBUG:busco.busco_tools.Toolset	cmd call: hmmsearch --domtblout /work/pi_hputnam_uri_edu/Ptua_genome/Ptua_genome_busco/run_metazoa_odb10/hmmer_output/279992at33208.out --cpu 1 /work/pi_hputnam_uri_edu/lineages/lineages/metazoa_odb10/hmms/279992at33208.hmm /work/pi_hputnam_uri_edu/Ptua_genome/Ptua_genome_busco/run_metazoa_odb10/miniprot_output/translated_proteins/279992at33208.faa
2026-08-20 23:05:56 DEBUG:busco.busco_tools.Toolset	cmd call: hmmsearch --domtblout /work/pi_hputnam_uri_edu/Ptua_genome/Ptua_genome_busco/run_metazoa_odb10/hmmer_output/280914at33208.out --cpu 1 /work/pi_hputnam_uri_edu/lineages/lineages/metazoa_odb10/hmms/280914at33208.hmm /work/pi_hputnam_uri_edu/Ptua_genome/Ptua_genome_busco/run_metazoa_odb10/miniprot_output/translated_proteins/280914at33208.faa
2026-08-20 23:05:56 DEBUG:busco.busco_tools.Toolset	cmd call: hmmsearch --domtblout /work/pi_hputnam_uri_edu/Ptua_genome/Ptua_genome_busco/run_metazoa_odb10/hmmer_output/295775at33208.out --cpu 1 /work/pi_hputnam_uri_edu/lineages/lineages/metazoa_odb10/hmms/295775at33208.hmm /work/pi_hputnam_uri_edu/Ptua_genome/Ptua_genome_busco/run_metazoa_odb10/miniprot_output/translated_proteins/295775at33208.faa
2026-08-20 23:05:56 DEBUG:busco.busco_tools.Toolset	cmd call: hmmsearch --domtblout /work/pi_hputnam_uri_edu/Ptua_genome/Ptua_genome_busco/run_metazoa_odb10/hmmer_output/312577at33208.out --cpu 1 /work/pi_hputnam_uri_edu/lineages/lineages/metazoa_odb10/hmms/312577at33208.hmm /work/pi_hputnam_uri_edu/Ptua_genome/Ptua_genome_busco/run_metazoa_odb10/miniprot_output/translated_proteins/312577at33208.faa
2026-08-20 23:05:57 DEBUG:busco.busco_tools.Toolset	cmd call: hmmsearch --domtblout /work/pi_hputnam_uri_edu/Ptua_genome/Ptua_genome_busco/run_metazoa_odb10/hmmer_output/272605at33208.out --cpu 1 /work/pi_hputnam_uri_edu/lineages/lineages/metazoa_odb10/hmms/272605at33208.hmm /work/pi_hputnam_uri_edu/Ptua_genome/Ptua_genome_busco/run_metazoa_odb10/miniprot_output/translated_proteins/272605at33208.faa
2026-08-20 23:05:57 DEBUG:busco.busco_tools.Toolset	cmd call: hmmsearch --domtblout /work/pi_hputnam_uri_edu/Ptua_genome/Ptua_genome_busco/run_metazoa_odb10/hmmer_output/245482at33208.out --cpu 1 /work/pi_hputnam_uri_edu/lineages/lineages/metazoa_odb10/hmms/245482at33208.hmm /work/pi_hputnam_uri_edu/Ptua_genome/Ptua_genome_busco/run_metazoa_odb10/miniprot_output/translated_proteins/245482at33208.faa
2026-08-20 23:05:57 DEBUG:busco.busco_tools.Toolset	cmd call: hmmsearch --domtblout /work/pi_hputnam_uri_edu/Ptua_genome/Ptua_genome_busco/run_metazoa_odb10/hmmer_output/300303at33208.out --cpu 1 /work/pi_hputnam_uri_edu/lineages/lineages/metazoa_odb10/hmms/300303at33208.hmm /work/pi_hputnam_uri_edu/Ptua_genome/Ptua_genome_busco/run_metazoa_odb10/miniprot_output/translated_proteins/300303at33208.faa
2026-08-20 23:05:57 DEBUG:busco.busco_tools.Toolset	cmd call: hmmsearch --domtblout /work/pi_hputnam_uri_edu/Ptua_genome/Ptua_genome_busco/run_metazoa_odb10/hmmer_output/281304at33208.out --cpu 1 /work/pi_hputnam_uri_edu/lineages/lineages/metazoa_odb10/hmms/281304at33208.hmm /work/pi_hputnam_uri_edu/Ptua_genome/Ptua_genome_busco/run_metazoa_odb10/miniprot_output/translated_proteins/281304at33208.faa
2026-08-20 23:05:57 DEBUG:busco.busco_tools.Toolset	cmd call: hmmsearch --domtblout /work/pi_hputnam_uri_edu/Ptua_genome/Ptua_genome_busco/run_metazoa_odb10/hmmer_output/331112at33208.out --cpu 1 /work/pi_hputnam_uri_edu/lineages/lineages/metazoa_odb10/hmms/331112at33208.hmm /work/pi_hputnam_uri_edu/Ptua_genome/Ptua_genome_busco/run_metazoa_odb10/miniprot_output/translated_proteins/331112at33208.faa
2026-08-20 23:05:57 DEBUG:busco.busco_tools.Toolset	cmd call: hmmsearch --domtblout /work/pi_hputnam_uri_edu/Ptua_genome/Ptua_genome_busco/run_metazoa_odb10/hmmer_output/313091at33208.out --cpu 1 /work/pi_hputnam_uri_edu/lineages/lineages/metazoa_odb10/hmms/313091at33208.hmm /work/pi_hputnam_uri_edu/Ptua_genome/Ptua_genome_busco/run_metazoa_odb10/miniprot_output/translated_proteins/313091at33208.faa
2026-08-20 23:05:58 DEBUG:busco.busco_tools.Toolset	cmd call: hmmsearch --domtblout /work/pi_hputnam_uri_edu/Ptua_genome/Ptua_genome_busco/run_metazoa_odb10/hmmer_output/245567at33208.out --cpu 1 /work/pi_hputnam_uri_edu/lineages/lineages/metazoa_odb10/hmms/245567at33208.hmm /work/pi_hputnam_uri_edu/Ptua_genome/Ptua_genome_busco/run_metazoa_odb10/miniprot_output/translated_proteins/245567at33208.faa
2026-08-20 23:05:58 DEBUG:busco.busco_tools.Toolset	cmd call: hmmsearch --domtblout /work/pi_hputnam_uri_edu/Ptua_genome/Ptua_genome_busco/run_metazoa_odb10/hmmer_output/315044at33208.out --cpu 1 /work/pi_hputnam_uri_edu/lineages/lineages/metazoa_odb10/hmms/315044at33208.hmm /work/pi_hputnam_uri_edu/Ptua_genome/Ptua_genome_busco/run_metazoa_odb10/miniprot_output/translated_proteins/315044at33208.faa
2026-08-20 23:05:58 DEBUG:busco.busco_tools.Toolset	cmd call: hmmsearch --domtblout /work/pi_hputnam_uri_edu/Ptua_genome/Ptua_genome_busco/run_metazoa_odb10/hmmer_output/273040at33208.out --cpu 1 /work/pi_hputnam_uri_edu/lineages/lineages/metazoa_odb10/hmms/273040at33208.hmm /work/pi_hputnam_uri_edu/Ptua_genome/Ptua_genome_busco/run_metazoa_odb10/miniprot_output/translated_proteins/273040at33208.faa
2026-08-20 23:05:58 DEBUG:busco.busco_tools.Toolset	cmd call: hmmsearch --domtblout /work/pi_hputnam_uri_edu/Ptua_genome/Ptua_genome_busco/run_metazoa_odb10/hmmer_output/166097at33208.out --cpu 1 /work/pi_hputnam_uri_edu/lineages/lineages/metazoa_odb10/hmms/166097at33208.hmm /work/pi_hputnam_uri_edu/Ptua_genome/Ptua_genome_busco/run_metazoa_odb10/miniprot_output/translated_proteins/166097at33208.faa
2026-08-20 23:05:58 DEBUG:busco.busco_tools.Toolset	cmd call: hmmsearch --domtblout /work/pi_hputnam_uri_edu/Ptua_genome/Ptua_genome_busco/run_metazoa_odb10/hmmer_output/261284at33208.out --cpu 1 /work/pi_hputnam_uri_edu/lineages/lineages/metazoa_odb10/hmms/261284at33208.hmm /work/pi_hputnam_uri_edu/Ptua_genome/Ptua_genome_busco/run_metazoa_odb10/miniprot_output/translated_proteins/261284at33208.faa
2026-08-20 23:05:58 DEBUG:busco.busco_tools.Toolset	cmd call: hmmsearch --domtblout /work/pi_hputnam_uri_edu/Ptua_genome/Ptua_genome_busco/run_metazoa_odb10/hmmer_output/273367at33208.out --cpu 1 /work/pi_hputnam_uri_edu/lineages/lineages/metazoa_odb10/hmms/273367at33208.hmm /work/pi_hputnam_uri_edu/Ptua_genome/Ptua_genome_busco/run_metazoa_odb10/miniprot_output/translated_proteins/273367at33208.faa
2026-08-20 23:05:59 DEBUG:busco.busco_tools.Toolset	cmd call: hmmsearch --domtblout /work/pi_hputnam_uri_edu/Ptua_genome/Ptua_genome_busco/run_metazoa_odb10/hmmer_output/281693at33208.out --cpu 1 /work/pi_hputnam_uri_edu/lineages/lineages/metazoa_odb10/hmms/281693at33208.hmm /work/pi_hputnam_uri_edu/Ptua_genome/Ptua_genome_busco/run_metazoa_odb10/miniprot_output/translated_proteins/281693at33208.faa
2026-08-20 23:05:59 DEBUG:busco.busco_tools.Toolset	cmd call: hmmsearch --domtblout /work/pi_hputnam_uri_edu/Ptua_genome/Ptua_genome_busco/run_metazoa_odb10/hmmer_output/331186at33208.out --cpu 1 /work/pi_hputnam_uri_edu/lineages/lineages/metazoa_odb10/hmms/331186at33208.hmm /work/pi_hputnam_uri_edu/Ptua_genome/Ptua_genome_busco/run_metazoa_odb10/miniprot_output/translated_proteins/331186at33208.faa
2026-08-20 23:05:59 DEBUG:busco.busco_tools.Toolset	cmd call: hmmsearch --domtblout /work/pi_hputnam_uri_edu/Ptua_genome/Ptua_genome_busco/run_metazoa_odb10/hmmer_output/301572at33208.out --cpu 1 /work/pi_hputnam_uri_edu/lineages/lineages/metazoa_odb10/hmms/301572at33208.hmm /work/pi_hputnam_uri_edu/Ptua_genome/Ptua_genome_busco/run_metazoa_odb10/miniprot_output/translated_proteins/301572at33208.faa
2026-08-20 23:05:59 DEBUG:busco.busco_tools.Toolset	cmd call: hmmsearch --domtblout /work/pi_hputnam_uri_edu/Ptua_genome/Ptua_genome_busco/run_metazoa_odb10/hmmer_output/273989at33208.out --cpu 1 /work/pi_hputnam_uri_edu/lineages/lineages/metazoa_odb10/hmms/273989at33208.hmm /work/pi_hputnam_uri_edu/Ptua_genome/Ptua_genome_busco/run_metazoa_odb10/miniprot_output/translated_proteins/273989at33208.faa
2026-08-20 23:05:59 DEBUG:busco.busco_tools.Toolset	cmd call: hmmsearch --domtblout /work/pi_hputnam_uri_edu/Ptua_genome/Ptua_genome_busco/run_metazoa_odb10/hmmer_output/315393at33208.out --cpu 1 /work/pi_hputnam_uri_edu/lineages/lineages/metazoa_odb10/hmms/315393at33208.hmm /work/pi_hputnam_uri_edu/Ptua_genome/Ptua_genome_busco/run_metazoa_odb10/miniprot_output/translated_proteins/315393at33208.faa
2026-08-20 23:06:00 DEBUG:busco.busco_tools.Toolset	cmd call: hmmsearch --domtblout /work/pi_hputnam_uri_edu/Ptua_genome/Ptua_genome_busco/run_metazoa_odb10/hmmer_output/317470at33208.out --cpu 1 /work/pi_hputnam_uri_edu/lineages/lineages/metazoa_odb10/hmms/317470at33208.hmm /work/pi_hputnam_uri_edu/Ptua_genome/Ptua_genome_busco/run_metazoa_odb10/miniprot_output/translated_proteins/317470at33208.faa
2026-08-20 23:06:00 DEBUG:busco.busco_tools.Toolset	cmd call: hmmsearch --domtblout /work/pi_hputnam_uri_edu/Ptua_genome/Ptua_genome_busco/run_metazoa_odb10/hmmer_output/339319at33208.out --cpu 1 /work/pi_hputnam_uri_edu/lineages/lineages/metazoa_odb10/hmms/339319at33208.hmm /work/pi_hputnam_uri_edu/Ptua_genome/Ptua_genome_busco/run_metazoa_odb10/miniprot_output/translated_proteins/339319at33208.faa
2026-08-20 23:06:00 DEBUG:busco.busco_tools.Toolset	cmd call: hmmsearch --domtblout /work/pi_hputnam_uri_edu/Ptua_genome/Ptua_genome_busco/run_metazoa_odb10/hmmer_output/302186at33208.out --cpu 1 /work/pi_hputnam_uri_edu/lineages/lineages/metazoa_odb10/hmms/302186at33208.hmm /work/pi_hputnam_uri_edu/Ptua_genome/Ptua_genome_busco/run_metazoa_odb10/miniprot_output/translated_proteins/302186at33208.faa
2026-08-20 23:06:00 DEBUG:busco.busco_tools.Toolset	cmd call: hmmsearch --domtblout /work/pi_hputnam_uri_edu/Ptua_genome/Ptua_genome_busco/run_metazoa_odb10/hmmer_output/246241at33208.out --cpu 1 /work/pi_hputnam_uri_edu/lineages/lineages/metazoa_odb10/hmms/246241at33208.hmm /work/pi_hputnam_uri_edu/Ptua_genome/Ptua_genome_busco/run_metazoa_odb10/miniprot_output/translated_proteins/246241at33208.faa
2026-08-20 23:06:01 DEBUG:busco.busco_tools.Toolset	cmd call: hmmsearch --domtblout /work/pi_hputnam_uri_edu/Ptua_genome/Ptua_genome_busco/run_metazoa_odb10/hmmer_output/332870at33208.out --cpu 1 /work/pi_hputnam_uri_edu/lineages/lineages/metazoa_odb10/hmms/332870at33208.hmm /work/pi_hputnam_uri_edu/Ptua_genome/Ptua_genome_busco/run_metazoa_odb10/miniprot_output/translated_proteins/332870at33208.faa
2026-08-20 23:06:01 DEBUG:busco.busco_tools.Toolset	cmd call: hmmsearch --domtblout /work/pi_hputnam_uri_edu/Ptua_genome/Ptua_genome_busco/run_metazoa_odb10/hmmer_output/261614at33208.out --cpu 1 /work/pi_hputnam_uri_edu/lineages/lineages/metazoa_odb10/hmms/261614at33208.hmm /work/pi_hputnam_uri_edu/Ptua_genome/Ptua_genome_busco/run_metazoa_odb10/miniprot_output/translated_proteins/261614at33208.faa
2026-08-20 23:06:01 DEBUG:busco.busco_tools.Toolset	cmd call: hmmsearch --domtblout /work/pi_hputnam_uri_edu/Ptua_genome/Ptua_genome_busco/run_metazoa_odb10/hmmer_output/302279at33208.out --cpu 1 /work/pi_hputnam_uri_edu/lineages/lineages/metazoa_odb10/hmms/302279at33208.hmm /work/pi_hputnam_uri_edu/Ptua_genome/Ptua_genome_busco/run_metazoa_odb10/miniprot_output/translated_proteins/302279at33208.faa
2026-08-20 23:06:01 DEBUG:busco.busco_tools.Toolset	cmd call: hmmsearch --domtblout /work/pi_hputnam_uri_edu/Ptua_genome/Ptua_genome_busco/run_metazoa_odb10/hmmer_output/340558at33208.out --cpu 1 /work/pi_hputnam_uri_edu/lineages/lineages/metazoa_odb10/hmms/340558at33208.hmm /work/pi_hputnam_uri_edu/Ptua_genome/Ptua_genome_busco/run_metazoa_odb10/miniprot_output/translated_proteins/340558at33208.faa
2026-08-20 23:06:01 DEBUG:busco.busco_tools.Toolset	cmd call: hmmsearch --domtblout /work/pi_hputnam_uri_edu/Ptua_genome/Ptua_genome_busco/run_metazoa_odb10/hmmer_output/168850at33208.out --cpu 1 /work/pi_hputnam_uri_edu/lineages/lineages/metazoa_odb10/hmms/168850at33208.hmm /work/pi_hputnam_uri_edu/Ptua_genome/Ptua_genome_busco/run_metazoa_odb10/miniprot_output/translated_proteins/168850at33208.faa
2026-08-20 23:06:01 DEBUG:busco.busco_tools.Toolset	cmd call: hmmsearch --domtblout /work/pi_hputnam_uri_edu/Ptua_genome/Ptua_genome_busco/run_metazoa_odb10/hmmer_output/283637at33208.out --cpu 1 /work/pi_hputnam_uri_edu/lineages/lineages/metazoa_odb10/hmms/283637at33208.hmm /work/pi_hputnam_uri_edu/Ptua_genome/Ptua_genome_busco/run_metazoa_odb10/miniprot_output/translated_proteins/283637at33208.faa
2026-08-20 23:06:01 DEBUG:busco.busco_tools.Toolset	cmd call: hmmsearch --domtblout /work/pi_hputnam_uri_edu/Ptua_genome/Ptua_genome_busco/run_metazoa_odb10/hmmer_output/318483at33208.out --cpu 1 /work/pi_hputnam_uri_edu/lineages/lineages/metazoa_odb10/hmms/318483at33208.hmm /work/pi_hputnam_uri_edu/Ptua_genome/Ptua_genome_busco/run_metazoa_odb10/miniprot_output/translated_proteins/318483at33208.faa
2026-08-20 23:06:01 DEBUG:busco.busco_tools.Toolset	cmd call: hmmsearch --domtblout /work/pi_hputnam_uri_edu/Ptua_genome/Ptua_genome_busco/run_metazoa_odb10/hmmer_output/333062at33208.out --cpu 1 /work/pi_hputnam_uri_edu/lineages/lineages/metazoa_odb10/hmms/333062at33208.hmm /work/pi_hputnam_uri_edu/Ptua_genome/Ptua_genome_busco/run_metazoa_odb10/miniprot_output/translated_proteins/333062at33208.faa
2026-08-20 23:06:02 DEBUG:busco.busco_tools.Toolset	cmd call: hmmsearch --domtblout /work/pi_hputnam_uri_edu/Ptua_genome/Ptua_genome_busco/run_metazoa_odb10/hmmer_output/284059at33208.out --cpu 1 /work/pi_hputnam_uri_edu/lineages/lineages/metazoa_odb10/hmms/284059at33208.hmm /work/pi_hputnam_uri_edu/Ptua_genome/Ptua_genome_busco/run_metazoa_odb10/miniprot_output/translated_proteins/284059at33208.faa
2026-08-20 23:06:02 DEBUG:busco.busco_tools.Toolset	cmd call: hmmsearch --domtblout /work/pi_hputnam_uri_edu/Ptua_genome/Ptua_genome_busco/run_metazoa_odb10/hmmer_output/274044at33208.out --cpu 1 /work/pi_hputnam_uri_edu/lineages/lineages/metazoa_odb10/hmms/274044at33208.hmm /work/pi_hputnam_uri_edu/Ptua_genome/Ptua_genome_busco/run_metazoa_odb10/miniprot_output/translated_proteins/274044at33208.faa
2026-08-20 23:06:02 DEBUG:busco.busco_tools.Toolset	cmd call: hmmsearch --domtblout /work/pi_hputnam_uri_edu/Ptua_genome/Ptua_genome_busco/run_metazoa_odb10/hmmer_output/302921at33208.out --cpu 1 /work/pi_hputnam_uri_edu/lineages/lineages/metazoa_odb10/hmms/302921at33208.hmm /work/pi_hputnam_uri_edu/Ptua_genome/Ptua_genome_busco/run_metazoa_odb10/miniprot_output/translated_proteins/302921at33208.faa
2026-08-20 23:06:02 DEBUG:busco.busco_tools.Toolset	cmd call: hmmsearch --domtblout /work/pi_hputnam_uri_edu/Ptua_genome/Ptua_genome_busco/run_metazoa_odb10/hmmer_output/318532at33208.out --cpu 1 /work/pi_hputnam_uri_edu/lineages/lineages/metazoa_odb10/hmms/318532at33208.hmm /work/pi_hputnam_uri_edu/Ptua_genome/Ptua_genome_busco/run_metazoa_odb10/miniprot_output/translated_proteins/318532at33208.faa
2026-08-20 23:06:02 DEBUG:busco.busco_tools.Toolset	cmd call: hmmsearch --domtblout /work/pi_hputnam_uri_edu/Ptua_genome/Ptua_genome_busco/run_metazoa_odb10/hmmer_output/340577at33208.out --cpu 1 /work/pi_hputnam_uri_edu/lineages/lineages/metazoa_odb10/hmms/340577at33208.hmm /work/pi_hputnam_uri_edu/Ptua_genome/Ptua_genome_busco/run_metazoa_odb10/miniprot_output/translated_proteins/340577at33208.faa
2026-08-20 23:06:02 DEBUG:busco.busco_tools.Toolset	cmd call: hmmsearch --domtblout /work/pi_hputnam_uri_edu/Ptua_genome/Ptua_genome_busco/run_metazoa_odb10/hmmer_output/333800at33208.out --cpu 1 /work/pi_hputnam_uri_edu/lineages/lineages/metazoa_odb10/hmms/333800at33208.hmm /work/pi_hputnam_uri_edu/Ptua_genome/Ptua_genome_busco/run_metazoa_odb10/miniprot_output/translated_proteins/333800at33208.faa
2026-08-20 23:06:02 DEBUG:busco.busco_tools.Toolset	cmd call: hmmsearch --domtblout /work/pi_hputnam_uri_edu/Ptua_genome/Ptua_genome_busco/run_metazoa_odb10/hmmer_output/262757at33208.out --cpu 1 /work/pi_hputnam_uri_edu/lineages/lineages/metazoa_odb10/hmms/262757at33208.hmm /work/pi_hputnam_uri_edu/Ptua_genome/Ptua_genome_busco/run_metazoa_odb10/miniprot_output/translated_proteins/262757at33208.faa
2026-08-20 23:06:02 DEBUG:busco.busco_tools.Toolset	cmd call: hmmsearch --domtblout /work/pi_hputnam_uri_edu/Ptua_genome/Ptua_genome_busco/run_metazoa_odb10/hmmer_output/303117at33208.out --cpu 1 /work/pi_hputnam_uri_edu/lineages/lineages/metazoa_odb10/hmms/303117at33208.hmm /work/pi_hputnam_uri_edu/Ptua_genome/Ptua_genome_busco/run_metazoa_odb10/miniprot_output/translated_proteins/303117at33208.faa
2026-08-20 23:06:03 DEBUG:busco.busco_tools.Toolset	cmd call: hmmsearch --domtblout /work/pi_hputnam_uri_edu/Ptua_genome/Ptua_genome_busco/run_metazoa_odb10/hmmer_output/285146at33208.out --cpu 1 /work/pi_hputnam_uri_edu/lineages/lineages/metazoa_odb10/hmms/285146at33208.hmm /work/pi_hputnam_uri_edu/Ptua_genome/Ptua_genome_busco/run_metazoa_odb10/miniprot_output/translated_proteins/285146at33208.faa
2026-08-20 23:06:03 DEBUG:busco.busco_tools.Toolset	cmd call: hmmsearch --domtblout /work/pi_hputnam_uri_edu/Ptua_genome/Ptua_genome_busco/run_metazoa_odb10/hmmer_output/319574at33208.out --cpu 1 /work/pi_hputnam_uri_edu/lineages/lineages/metazoa_odb10/hmms/319574at33208.hmm /work/pi_hputnam_uri_edu/Ptua_genome/Ptua_genome_busco/run_metazoa_odb10/miniprot_output/translated_proteins/319574at33208.faa
2026-08-20 23:06:03 DEBUG:busco.busco_tools.Toolset	cmd call: hmmsearch --domtblout /work/pi_hputnam_uri_edu/Ptua_genome/Ptua_genome_busco/run_metazoa_odb10/hmmer_output/344338at33208.out --cpu 1 /work/pi_hputnam_uri_edu/lineages/lineages/metazoa_odb10/hmms/344338at33208.hmm /work/pi_hputnam_uri_edu/Ptua_genome/Ptua_genome_busco/run_metazoa_odb10/miniprot_output/translated_proteins/344338at33208.faa
2026-08-20 23:06:03 DEBUG:busco.busco_tools.Toolset	cmd call: hmmsearch --domtblout /work/pi_hputnam_uri_edu/Ptua_genome/Ptua_genome_busco/run_metazoa_odb10/hmmer_output/320390at33208.out --cpu 1 /work/pi_hputnam_uri_edu/lineages/lineages/metazoa_odb10/hmms/320390at33208.hmm /work/pi_hputnam_uri_edu/Ptua_genome/Ptua_genome_busco/run_metazoa_odb10/miniprot_output/translated_proteins/320390at33208.faa
2026-08-20 23:06:03 DEBUG:busco.busco_tools.Toolset	cmd call: hmmsearch --domtblout /work/pi_hputnam_uri_edu/Ptua_genome/Ptua_genome_busco/run_metazoa_odb10/hmmer_output/266460at33208.out --cpu 1 /work/pi_hputnam_uri_edu/lineages/lineages/metazoa_odb10/hmms/266460at33208.hmm /work/pi_hputnam_uri_edu/Ptua_genome/Ptua_genome_busco/run_metazoa_odb10/miniprot_output/translated_proteins/266460at33208.faa
2026-08-20 23:06:04 DEBUG:busco.busco_tools.Toolset	cmd call: hmmsearch --domtblout /work/pi_hputnam_uri_edu/Ptua_genome/Ptua_genome_busco/run_metazoa_odb10/hmmer_output/334272at33208.out --cpu 1 /work/pi_hputnam_uri_edu/lineages/lineages/metazoa_odb10/hmms/334272at33208.hmm /work/pi_hputnam_uri_edu/Ptua_genome/Ptua_genome_busco/run_metazoa_odb10/miniprot_output/translated_proteins/334272at33208.faa
2026-08-20 23:06:04 DEBUG:busco.busco_tools.Toolset	cmd call: hmmsearch --domtblout /work/pi_hputnam_uri_edu/Ptua_genome/Ptua_genome_busco/run_metazoa_odb10/hmmer_output/168924at33208.out --cpu 1 /work/pi_hputnam_uri_edu/lineages/lineages/metazoa_odb10/hmms/168924at33208.hmm /work/pi_hputnam_uri_edu/Ptua_genome/Ptua_genome_busco/run_metazoa_odb10/miniprot_output/translated_proteins/168924at33208.faa
2026-08-20 23:06:04 DEBUG:busco.busco_tools.Toolset	cmd call: hmmsearch --domtblout /work/pi_hputnam_uri_edu/Ptua_genome/Ptua_genome_busco/run_metazoa_odb10/hmmer_output/285902at33208.out --cpu 1 /work/pi_hputnam_uri_edu/lineages/lineages/metazoa_odb10/hmms/285902at33208.hmm /work/pi_hputnam_uri_edu/Ptua_genome/Ptua_genome_busco/run_metazoa_odb10/miniprot_output/translated_proteins/285902at33208.faa
2026-08-20 23:06:04 DEBUG:busco.busco_tools.Toolset	cmd call: hmmsearch --domtblout /work/pi_hputnam_uri_edu/Ptua_genome/Ptua_genome_busco/run_metazoa_odb10/hmmer_output/344346at33208.out --cpu 1 /work/pi_hputnam_uri_edu/lineages/lineages/metazoa_odb10/hmms/344346at33208.hmm /work/pi_hputnam_uri_edu/Ptua_genome/Ptua_genome_busco/run_metazoa_odb10/miniprot_output/translated_proteins/344346at33208.faa
2026-08-20 23:06:04 DEBUG:busco.busco_tools.Toolset	cmd call: hmmsearch --domtblout /work/pi_hputnam_uri_edu/Ptua_genome/Ptua_genome_busco/run_metazoa_odb10/hmmer_output/344442at33208.out --cpu 1 /work/pi_hputnam_uri_edu/lineages/lineages/metazoa_odb10/hmms/344442at33208.hmm /work/pi_hputnam_uri_edu/Ptua_genome/Ptua_genome_busco/run_metazoa_odb10/miniprot_output/translated_proteins/344442at33208.faa
2026-08-20 23:06:04 DEBUG:busco.busco_tools.Toolset	cmd call: hmmsearch --domtblout /work/pi_hputnam_uri_edu/Ptua_genome/Ptua_genome_busco/run_metazoa_odb10/hmmer_output/334331at33208.out --cpu 1 /work/pi_hputnam_uri_edu/lineages/lineages/metazoa_odb10/hmms/334331at33208.hmm /work/pi_hputnam_uri_edu/Ptua_genome/Ptua_genome_busco/run_metazoa_odb10/miniprot_output/translated_proteins/334331at33208.faa
2026-08-20 23:06:04 DEBUG:busco.busco_tools.Toolset	cmd call: hmmsearch --domtblout /work/pi_hputnam_uri_edu/Ptua_genome/Ptua_genome_busco/run_metazoa_odb10/hmmer_output/349627at33208.out --cpu 1 /work/pi_hputnam_uri_edu/lineages/lineages/metazoa_odb10/hmms/349627at33208.hmm /work/pi_hputnam_uri_edu/Ptua_genome/Ptua_genome_busco/run_metazoa_odb10/miniprot_output/translated_proteins/349627at33208.faa
2026-08-20 23:06:05 DEBUG:busco.busco_tools.Toolset	cmd call: hmmsearch --domtblout /work/pi_hputnam_uri_edu/Ptua_genome/Ptua_genome_busco/run_metazoa_odb10/hmmer_output/344581at33208.out --cpu 1 /work/pi_hputnam_uri_edu/lineages/lineages/metazoa_odb10/hmms/344581at33208.hmm /work/pi_hputnam_uri_edu/Ptua_genome/Ptua_genome_busco/run_metazoa_odb10/miniprot_output/translated_proteins/344581at33208.faa
2026-08-20 23:06:05 DEBUG:busco.busco_tools.Toolset	cmd call: hmmsearch --domtblout /work/pi_hputnam_uri_edu/Ptua_genome/Ptua_genome_busco/run_metazoa_odb10/hmmer_output/304388at33208.out --cpu 1 /work/pi_hputnam_uri_edu/lineages/lineages/metazoa_odb10/hmms/304388at33208.hmm /work/pi_hputnam_uri_edu/Ptua_genome/Ptua_genome_busco/run_metazoa_odb10/miniprot_output/translated_proteins/304388at33208.faa
2026-08-20 23:06:05 DEBUG:busco.busco_tools.Toolset	cmd call: hmmsearch --domtblout /work/pi_hputnam_uri_edu/Ptua_genome/Ptua_genome_busco/run_metazoa_odb10/hmmer_output/274064at33208.out --cpu 1 /work/pi_hputnam_uri_edu/lineages/lineages/metazoa_odb10/hmms/274064at33208.hmm /work/pi_hputnam_uri_edu/Ptua_genome/Ptua_genome_busco/run_metazoa_odb10/miniprot_output/translated_proteins/274064at33208.faa
2026-08-20 23:06:05 DEBUG:busco.busco_tools.Toolset	cmd call: hmmsearch --domtblout /work/pi_hputnam_uri_edu/Ptua_genome/Ptua_genome_busco/run_metazoa_odb10/hmmer_output/351226at33208.out --cpu 1 /work/pi_hputnam_uri_edu/lineages/lineages/metazoa_odb10/hmms/351226at33208.hmm /work/pi_hputnam_uri_edu/Ptua_genome/Ptua_genome_busco/run_metazoa_odb10/miniprot_output/translated_proteins/351226at33208.faa
2026-08-20 23:06:05 DEBUG:busco.busco_tools.Toolset	cmd call: hmmsearch --domtblout /work/pi_hputnam_uri_edu/Ptua_genome/Ptua_genome_busco/run_metazoa_odb10/hmmer_output/274769at33208.out --cpu 1 /work/pi_hputnam_uri_edu/lineages/lineages/metazoa_odb10/hmms/274769at33208.hmm /work/pi_hputnam_uri_edu/Ptua_genome/Ptua_genome_busco/run_metazoa_odb10/miniprot_output/translated_proteins/274769at33208.faa
2026-08-20 23:06:06 DEBUG:busco.busco_tools.Toolset	cmd call: hmmsearch --domtblout /work/pi_hputnam_uri_edu/Ptua_genome/Ptua_genome_busco/run_metazoa_odb10/hmmer_output/285966at33208.out --cpu 1 /work/pi_hputnam_uri_edu/lineages/lineages/metazoa_odb10/hmms/285966at33208.hmm /work/pi_hputnam_uri_edu/Ptua_genome/Ptua_genome_busco/run_metazoa_odb10/miniprot_output/translated_proteins/285966at33208.faa
2026-08-20 23:06:06 DEBUG:busco.busco_tools.Toolset	cmd call: hmmsearch --domtblout /work/pi_hputnam_uri_edu/Ptua_genome/Ptua_genome_busco/run_metazoa_odb10/hmmer_output/321332at33208.out --cpu 1 /work/pi_hputnam_uri_edu/lineages/lineages/metazoa_odb10/hmms/321332at33208.hmm /work/pi_hputnam_uri_edu/Ptua_genome/Ptua_genome_busco/run_metazoa_odb10/miniprot_output/translated_proteins/321332at33208.faa
2026-08-20 23:06:06 DEBUG:busco.busco_tools.Toolset	cmd call: hmmsearch --domtblout /work/pi_hputnam_uri_edu/Ptua_genome/Ptua_genome_busco/run_metazoa_odb10/hmmer_output/352600at33208.out --cpu 1 /work/pi_hputnam_uri_edu/lineages/lineages/metazoa_odb10/hmms/352600at33208.hmm /work/pi_hputnam_uri_edu/Ptua_genome/Ptua_genome_busco/run_metazoa_odb10/miniprot_output/translated_proteins/352600at33208.faa
2026-08-20 23:06:06 DEBUG:busco.busco_tools.Toolset	cmd call: hmmsearch --domtblout /work/pi_hputnam_uri_edu/Ptua_genome/Ptua_genome_busco/run_metazoa_odb10/hmmer_output/344611at33208.out --cpu 1 /work/pi_hputnam_uri_edu/lineages/lineages/metazoa_odb10/hmms/344611at33208.hmm /work/pi_hputnam_uri_edu/Ptua_genome/Ptua_genome_busco/run_metazoa_odb10/miniprot_output/translated_proteins/344611at33208.faa
2026-08-20 23:06:06 DEBUG:busco.busco_tools.Toolset	cmd call: hmmsearch --domtblout /work/pi_hputnam_uri_edu/Ptua_genome/Ptua_genome_busco/run_metazoa_odb10/hmmer_output/286553at33208.out --cpu 1 /work/pi_hputnam_uri_edu/lineages/lineages/metazoa_odb10/hmms/286553at33208.hmm /work/pi_hputnam_uri_edu/Ptua_genome/Ptua_genome_busco/run_metazoa_odb10/miniprot_output/translated_proteins/286553at33208.faa
2026-08-20 23:06:06 DEBUG:busco.busco_tools.Toolset	cmd call: hmmsearch --domtblout /work/pi_hputnam_uri_edu/Ptua_genome/Ptua_genome_busco/run_metazoa_odb10/hmmer_output/323399at33208.out --cpu 1 /work/pi_hputnam_uri_edu/lineages/lineages/metazoa_odb10/hmms/323399at33208.hmm /work/pi_hputnam_uri_edu/Ptua_genome/Ptua_genome_busco/run_metazoa_odb10/miniprot_output/translated_proteins/323399at33208.faa
2026-08-20 23:06:06 DEBUG:busco.busco_tools.Toolset	cmd call: hmmsearch --domtblout /work/pi_hputnam_uri_edu/Ptua_genome/Ptua_genome_busco/run_metazoa_odb10/hmmer_output/334336at33208.out --cpu 1 /work/pi_hputnam_uri_edu/lineages/lineages/metazoa_odb10/hmms/334336at33208.hmm /work/pi_hputnam_uri_edu/Ptua_genome/Ptua_genome_busco/run_metazoa_odb10/miniprot_output/translated_proteins/334336at33208.faa
2026-08-20 23:06:07 DEBUG:busco.busco_tools.Toolset	cmd call: hmmsearch --domtblout /work/pi_hputnam_uri_edu/Ptua_genome/Ptua_genome_busco/run_metazoa_odb10/hmmer_output/352854at33208.out --cpu 1 /work/pi_hputnam_uri_edu/lineages/lineages/metazoa_odb10/hmms/352854at33208.hmm /work/pi_hputnam_uri_edu/Ptua_genome/Ptua_genome_busco/run_metazoa_odb10/miniprot_output/translated_proteins/352854at33208.faa
2026-08-20 23:06:07 DEBUG:busco.busco_tools.Toolset	cmd call: hmmsearch --domtblout /work/pi_hputnam_uri_edu/Ptua_genome/Ptua_genome_busco/run_metazoa_odb10/hmmer_output/345099at33208.out --cpu 1 /work/pi_hputnam_uri_edu/lineages/lineages/metazoa_odb10/hmms/345099at33208.hmm /work/pi_hputnam_uri_edu/Ptua_genome/Ptua_genome_busco/run_metazoa_odb10/miniprot_output/translated_proteins/345099at33208.faa
2026-08-20 23:06:07 DEBUG:busco.busco_tools.Toolset	cmd call: hmmsearch --domtblout /work/pi_hputnam_uri_edu/Ptua_genome/Ptua_genome_busco/run_metazoa_odb10/hmmer_output/274992at33208.out --cpu 1 /work/pi_hputnam_uri_edu/lineages/lineages/metazoa_odb10/hmms/274992at33208.hmm /work/pi_hputnam_uri_edu/Ptua_genome/Ptua_genome_busco/run_metazoa_odb10/miniprot_output/translated_proteins/274992at33208.faa
2026-08-20 23:06:07 DEBUG:busco.busco_tools.Toolset	cmd call: hmmsearch --domtblout /work/pi_hputnam_uri_edu/Ptua_genome/Ptua_genome_busco/run_metazoa_odb10/hmmer_output/305260at33208.out --cpu 1 /work/pi_hputnam_uri_edu/lineages/lineages/metazoa_odb10/hmms/305260at33208.hmm /work/pi_hputnam_uri_edu/Ptua_genome/Ptua_genome_busco/run_metazoa_odb10/miniprot_output/translated_proteins/305260at33208.faa
2026-08-20 23:06:07 DEBUG:busco.busco_tools.Toolset	cmd call: hmmsearch --domtblout /work/pi_hputnam_uri_edu/Ptua_genome/Ptua_genome_busco/run_metazoa_odb10/hmmer_output/359369at33208.out --cpu 1 /work/pi_hputnam_uri_edu/lineages/lineages/metazoa_odb10/hmms/359369at33208.hmm /work/pi_hputnam_uri_edu/Ptua_genome/Ptua_genome_busco/run_metazoa_odb10/miniprot_output/translated_proteins/359369at33208.faa
2026-08-20 23:06:07 DEBUG:busco.busco_tools.Toolset	cmd call: hmmsearch --domtblout /work/pi_hputnam_uri_edu/Ptua_genome/Ptua_genome_busco/run_metazoa_odb10/hmmer_output/353286at33208.out --cpu 1 /work/pi_hputnam_uri_edu/lineages/lineages/metazoa_odb10/hmms/353286at33208.hmm /work/pi_hputnam_uri_edu/Ptua_genome/Ptua_genome_busco/run_metazoa_odb10/miniprot_output/translated_proteins/353286at33208.faa
2026-08-20 23:06:07 DEBUG:busco.busco_tools.Toolset	cmd call: hmmsearch --domtblout /work/pi_hputnam_uri_edu/Ptua_genome/Ptua_genome_busco/run_metazoa_odb10/hmmer_output/289235at33208.out --cpu 1 /work/pi_hputnam_uri_edu/lineages/lineages/metazoa_odb10/hmms/289235at33208.hmm /work/pi_hputnam_uri_edu/Ptua_genome/Ptua_genome_busco/run_metazoa_odb10/miniprot_output/translated_proteins/289235at33208.faa
2026-08-20 23:06:08 INFO:busco.busco_tools.Toolset	[hmmsearch]	191 of 954 task(s) completed
2026-08-20 23:06:08 DEBUG:busco.busco_tools.Toolset	cmd call: hmmsearch --domtblout /work/pi_hputnam_uri_edu/Ptua_genome/Ptua_genome_busco/run_metazoa_odb10/hmmer_output/334342at33208.out --cpu 1 /work/pi_hputnam_uri_edu/lineages/lineages/metazoa_odb10/hmms/334342at33208.hmm /work/pi_hputnam_uri_edu/Ptua_genome/Ptua_genome_busco/run_metazoa_odb10/miniprot_output/translated_proteins/334342at33208.faa
2026-08-20 23:06:08 DEBUG:busco.busco_tools.Toolset	cmd call: hmmsearch --domtblout /work/pi_hputnam_uri_edu/Ptua_genome/Ptua_genome_busco/run_metazoa_odb10/hmmer_output/323473at33208.out --cpu 1 /work/pi_hputnam_uri_edu/lineages/lineages/metazoa_odb10/hmms/323473at33208.hmm /work/pi_hputnam_uri_edu/Ptua_genome/Ptua_genome_busco/run_metazoa_odb10/miniprot_output/translated_proteins/323473at33208.faa
2026-08-20 23:06:08 DEBUG:busco.busco_tools.Toolset	cmd call: hmmsearch --domtblout /work/pi_hputnam_uri_edu/Ptua_genome/Ptua_genome_busco/run_metazoa_odb10/hmmer_output/353768at33208.out --cpu 1 /work/pi_hputnam_uri_edu/lineages/lineages/metazoa_odb10/hmms/353768at33208.hmm /work/pi_hputnam_uri_edu/Ptua_genome/Ptua_genome_busco/run_metazoa_odb10/miniprot_output/translated_proteins/353768at33208.faa
2026-08-20 23:06:08 DEBUG:busco.busco_tools.Toolset	cmd call: hmmsearch --domtblout /work/pi_hputnam_uri_edu/Ptua_genome/Ptua_genome_busco/run_metazoa_odb10/hmmer_output/289928at33208.out --cpu 1 /work/pi_hputnam_uri_edu/lineages/lineages/metazoa_odb10/hmms/289928at33208.hmm /work/pi_hputnam_uri_edu/Ptua_genome/Ptua_genome_busco/run_metazoa_odb10/miniprot_output/translated_proteins/289928at33208.faa
2026-08-20 23:06:08 DEBUG:busco.busco_tools.Toolset	cmd call: hmmsearch --domtblout /work/pi_hputnam_uri_edu/Ptua_genome/Ptua_genome_busco/run_metazoa_odb10/hmmer_output/359532at33208.out --cpu 1 /work/pi_hputnam_uri_edu/lineages/lineages/metazoa_odb10/hmms/359532at33208.hmm /work/pi_hputnam_uri_edu/Ptua_genome/Ptua_genome_busco/run_metazoa_odb10/miniprot_output/translated_proteins/359532at33208.faa
2026-08-20 23:06:08 DEBUG:busco.busco_tools.Toolset	cmd call: hmmsearch --domtblout /work/pi_hputnam_uri_edu/Ptua_genome/Ptua_genome_busco/run_metazoa_odb10/hmmer_output/324249at33208.out --cpu 1 /work/pi_hputnam_uri_edu/lineages/lineages/metazoa_odb10/hmms/324249at33208.hmm /work/pi_hputnam_uri_edu/Ptua_genome/Ptua_genome_busco/run_metazoa_odb10/miniprot_output/translated_proteins/324249at33208.faa
2026-08-20 23:06:09 DEBUG:busco.busco_tools.Toolset	cmd call: hmmsearch --domtblout /work/pi_hputnam_uri_edu/Ptua_genome/Ptua_genome_busco/run_metazoa_odb10/hmmer_output/306101at33208.out --cpu 1 /work/pi_hputnam_uri_edu/lineages/lineages/metazoa_odb10/hmms/306101at33208.hmm /work/pi_hputnam_uri_edu/Ptua_genome/Ptua_genome_busco/run_metazoa_odb10/miniprot_output/translated_proteins/306101at33208.faa
2026-08-20 23:06:09 DEBUG:busco.busco_tools.Toolset	cmd call: hmmsearch --domtblout /work/pi_hputnam_uri_edu/Ptua_genome/Ptua_genome_busco/run_metazoa_odb10/hmmer_output/345959at33208.out --cpu 1 /work/pi_hputnam_uri_edu/lineages/lineages/metazoa_odb10/hmms/345959at33208.hmm /work/pi_hputnam_uri_edu/Ptua_genome/Ptua_genome_busco/run_metazoa_odb10/miniprot_output/translated_proteins/345959at33208.faa
2026-08-20 23:06:09 DEBUG:busco.busco_tools.Toolset	cmd call: hmmsearch --domtblout /work/pi_hputnam_uri_edu/Ptua_genome/Ptua_genome_busco/run_metazoa_odb10/hmmer_output/354829at33208.out --cpu 1 /work/pi_hputnam_uri_edu/lineages/lineages/metazoa_odb10/hmms/354829at33208.hmm /work/pi_hputnam_uri_edu/Ptua_genome/Ptua_genome_busco/run_metazoa_odb10/miniprot_output/translated_proteins/354829at33208.faa
2026-08-20 23:06:09 DEBUG:busco.busco_tools.Toolset	cmd call: hmmsearch --domtblout /work/pi_hputnam_uri_edu/Ptua_genome/Ptua_genome_busco/run_metazoa_odb10/hmmer_output/360379at33208.out --cpu 1 /work/pi_hputnam_uri_edu/lineages/lineages/metazoa_odb10/hmms/360379at33208.hmm /work/pi_hputnam_uri_edu/Ptua_genome/Ptua_genome_busco/run_metazoa_odb10/miniprot_output/translated_proteins/360379at33208.faa
2026-08-20 23:06:09 DEBUG:busco.busco_tools.Toolset	cmd call: hmmsearch --domtblout /work/pi_hputnam_uri_edu/Ptua_genome/Ptua_genome_busco/run_metazoa_odb10/hmmer_output/346541at33208.out --cpu 1 /work/pi_hputnam_uri_edu/lineages/lineages/metazoa_odb10/hmms/346541at33208.hmm /work/pi_hputnam_uri_edu/Ptua_genome/Ptua_genome_busco/run_metazoa_odb10/miniprot_output/translated_proteins/346541at33208.faa
2026-08-20 23:06:09 DEBUG:busco.busco_tools.Toolset	cmd call: hmmsearch --domtblout /work/pi_hputnam_uri_edu/Ptua_genome/Ptua_genome_busco/run_metazoa_odb10/hmmer_output/325183at33208.out --cpu 1 /work/pi_hputnam_uri_edu/lineages/lineages/metazoa_odb10/hmms/325183at33208.hmm /work/pi_hputnam_uri_edu/Ptua_genome/Ptua_genome_busco/run_metazoa_odb10/miniprot_output/translated_proteins/325183at33208.faa
2026-08-20 23:06:09 DEBUG:busco.busco_tools.Toolset	cmd call: hmmsearch --domtblout /work/pi_hputnam_uri_edu/Ptua_genome/Ptua_genome_busco/run_metazoa_odb10/hmmer_output/334764at33208.out --cpu 1 /work/pi_hputnam_uri_edu/lineages/lineages/metazoa_odb10/hmms/334764at33208.hmm /work/pi_hputnam_uri_edu/Ptua_genome/Ptua_genome_busco/run_metazoa_odb10/miniprot_output/translated_proteins/334764at33208.faa
2026-08-20 23:06:09 DEBUG:busco.busco_tools.Toolset	cmd call: hmmsearch --domtblout /work/pi_hputnam_uri_edu/Ptua_genome/Ptua_genome_busco/run_metazoa_odb10/hmmer_output/307109at33208.out --cpu 1 /work/pi_hputnam_uri_edu/lineages/lineages/metazoa_odb10/hmms/307109at33208.hmm /work/pi_hputnam_uri_edu/Ptua_genome/Ptua_genome_busco/run_metazoa_odb10/miniprot_output/translated_proteins/307109at33208.faa
2026-08-20 23:06:10 DEBUG:busco.busco_tools.Toolset	cmd call: hmmsearch --domtblout /work/pi_hputnam_uri_edu/Ptua_genome/Ptua_genome_busco/run_metazoa_odb10/hmmer_output/354949at33208.out --cpu 1 /work/pi_hputnam_uri_edu/lineages/lineages/metazoa_odb10/hmms/354949at33208.hmm /work/pi_hputnam_uri_edu/Ptua_genome/Ptua_genome_busco/run_metazoa_odb10/miniprot_output/translated_proteins/354949at33208.faa
2026-08-20 23:06:10 DEBUG:busco.busco_tools.Toolset	cmd call: hmmsearch --domtblout /work/pi_hputnam_uri_edu/Ptua_genome/Ptua_genome_busco/run_metazoa_odb10/hmmer_output/327301at33208.out --cpu 1 /work/pi_hputnam_uri_edu/lineages/lineages/metazoa_odb10/hmms/327301at33208.hmm /work/pi_hputnam_uri_edu/Ptua_genome/Ptua_genome_busco/run_metazoa_odb10/miniprot_output/translated_proteins/327301at33208.faa
2026-08-20 23:06:10 DEBUG:busco.busco_tools.Toolset	cmd call: hmmsearch --domtblout /work/pi_hputnam_uri_edu/Ptua_genome/Ptua_genome_busco/run_metazoa_odb10/hmmer_output/360753at33208.out --cpu 1 /work/pi_hputnam_uri_edu/lineages/lineages/metazoa_odb10/hmms/360753at33208.hmm /work/pi_hputnam_uri_edu/Ptua_genome/Ptua_genome_busco/run_metazoa_odb10/miniprot_output/translated_proteins/360753at33208.faa
2026-08-20 23:06:10 DEBUG:busco.busco_tools.Toolset	cmd call: hmmsearch --domtblout /work/pi_hputnam_uri_edu/Ptua_genome/Ptua_genome_busco/run_metazoa_odb10/hmmer_output/291505at33208.out --cpu 1 /work/pi_hputnam_uri_edu/lineages/lineages/metazoa_odb10/hmms/291505at33208.hmm /work/pi_hputnam_uri_edu/Ptua_genome/Ptua_genome_busco/run_metazoa_odb10/miniprot_output/translated_proteins/291505at33208.faa
2026-08-20 23:06:10 DEBUG:busco.busco_tools.Toolset	cmd call: hmmsearch --domtblout /work/pi_hputnam_uri_edu/Ptua_genome/Ptua_genome_busco/run_metazoa_odb10/hmmer_output/308610at33208.out --cpu 1 /work/pi_hputnam_uri_edu/lineages/lineages/metazoa_odb10/hmms/308610at33208.hmm /work/pi_hputnam_uri_edu/Ptua_genome/Ptua_genome_busco/run_metazoa_odb10/miniprot_output/translated_proteins/308610at33208.faa
2026-08-20 23:06:10 DEBUG:busco.busco_tools.Toolset	cmd call: hmmsearch --domtblout /work/pi_hputnam_uri_edu/Ptua_genome/Ptua_genome_busco/run_metazoa_odb10/hmmer_output/361100at33208.out --cpu 1 /work/pi_hputnam_uri_edu/lineages/lineages/metazoa_odb10/hmms/361100at33208.hmm /work/pi_hputnam_uri_edu/Ptua_genome/Ptua_genome_busco/run_metazoa_odb10/miniprot_output/translated_proteins/361100at33208.faa
2026-08-20 23:06:10 DEBUG:busco.busco_tools.Toolset	cmd call: hmmsearch --domtblout /work/pi_hputnam_uri_edu/Ptua_genome/Ptua_genome_busco/run_metazoa_odb10/hmmer_output/347600at33208.out --cpu 1 /work/pi_hputnam_uri_edu/lineages/lineages/metazoa_odb10/hmms/347600at33208.hmm /work/pi_hputnam_uri_edu/Ptua_genome/Ptua_genome_busco/run_metazoa_odb10/miniprot_output/translated_proteins/347600at33208.faa
2026-08-20 23:06:11 DEBUG:busco.busco_tools.Toolset	cmd call: hmmsearch --domtblout /work/pi_hputnam_uri_edu/Ptua_genome/Ptua_genome_busco/run_metazoa_odb10/hmmer_output/334820at33208.out --cpu 1 /work/pi_hputnam_uri_edu/lineages/lineages/metazoa_odb10/hmms/334820at33208.hmm /work/pi_hputnam_uri_edu/Ptua_genome/Ptua_genome_busco/run_metazoa_odb10/miniprot_output/translated_proteins/334820at33208.faa
2026-08-20 23:06:11 DEBUG:busco.busco_tools.Toolset	cmd call: hmmsearch --domtblout /work/pi_hputnam_uri_edu/Ptua_genome/Ptua_genome_busco/run_metazoa_odb10/hmmer_output/366814at33208.out --cpu 1 /work/pi_hputnam_uri_edu/lineages/lineages/metazoa_odb10/hmms/366814at33208.hmm /work/pi_hputnam_uri_edu/Ptua_genome/Ptua_genome_busco/run_metazoa_odb10/miniprot_output/translated_proteins/366814at33208.faa
2026-08-20 23:06:11 DEBUG:busco.busco_tools.Toolset	cmd call: hmmsearch --domtblout /work/pi_hputnam_uri_edu/Ptua_genome/Ptua_genome_busco/run_metazoa_odb10/hmmer_output/355210at33208.out --cpu 1 /work/pi_hputnam_uri_edu/lineages/lineages/metazoa_odb10/hmms/355210at33208.hmm /work/pi_hputnam_uri_edu/Ptua_genome/Ptua_genome_busco/run_metazoa_odb10/miniprot_output/translated_proteins/355210at33208.faa
2026-08-20 23:06:11 DEBUG:busco.busco_tools.Toolset	cmd call: hmmsearch --domtblout /work/pi_hputnam_uri_edu/Ptua_genome/Ptua_genome_busco/run_metazoa_odb10/hmmer_output/311438at33208.out --cpu 1 /work/pi_hputnam_uri_edu/lineages/lineages/metazoa_odb10/hmms/311438at33208.hmm /work/pi_hputnam_uri_edu/Ptua_genome/Ptua_genome_busco/run_metazoa_odb10/miniprot_output/translated_proteins/311438at33208.faa
2026-08-20 23:06:11 DEBUG:busco.busco_tools.Toolset	cmd call: hmmsearch --domtblout /work/pi_hputnam_uri_edu/Ptua_genome/Ptua_genome_busco/run_metazoa_odb10/hmmer_output/361203at33208.out --cpu 1 /work/pi_hputnam_uri_edu/lineages/lineages/metazoa_odb10/hmms/361203at33208.hmm /work/pi_hputnam_uri_edu/Ptua_genome/Ptua_genome_busco/run_metazoa_odb10/miniprot_output/translated_proteins/361203at33208.faa
2026-08-20 23:06:11 DEBUG:busco.busco_tools.Toolset	cmd call: hmmsearch --domtblout /work/pi_hputnam_uri_edu/Ptua_genome/Ptua_genome_busco/run_metazoa_odb10/hmmer_output/348449at33208.out --cpu 1 /work/pi_hputnam_uri_edu/lineages/lineages/metazoa_odb10/hmms/348449at33208.hmm /work/pi_hputnam_uri_edu/Ptua_genome/Ptua_genome_busco/run_metazoa_odb10/miniprot_output/translated_proteins/348449at33208.faa
2026-08-20 23:06:11 DEBUG:busco.busco_tools.Toolset	cmd call: hmmsearch --domtblout /work/pi_hputnam_uri_edu/Ptua_genome/Ptua_genome_busco/run_metazoa_odb10/hmmer_output/335107at33208.out --cpu 1 /work/pi_hputnam_uri_edu/lineages/lineages/metazoa_odb10/hmms/335107at33208.hmm /work/pi_hputnam_uri_edu/Ptua_genome/Ptua_genome_busco/run_metazoa_odb10/miniprot_output/translated_proteins/335107at33208.faa
2026-08-20 23:06:11 DEBUG:busco.busco_tools.Toolset	cmd call: hmmsearch --domtblout /work/pi_hputnam_uri_edu/Ptua_genome/Ptua_genome_busco/run_metazoa_odb10/hmmer_output/366936at33208.out --cpu 1 /work/pi_hputnam_uri_edu/lineages/lineages/metazoa_odb10/hmms/366936at33208.hmm /work/pi_hputnam_uri_edu/Ptua_genome/Ptua_genome_busco/run_metazoa_odb10/miniprot_output/translated_proteins/366936at33208.faa
2026-08-20 23:06:12 DEBUG:busco.busco_tools.Toolset	cmd call: hmmsearch --domtblout /work/pi_hputnam_uri_edu/Ptua_genome/Ptua_genome_busco/run_metazoa_odb10/hmmer_output/336647at33208.out --cpu 1 /work/pi_hputnam_uri_edu/lineages/lineages/metazoa_odb10/hmms/336647at33208.hmm /work/pi_hputnam_uri_edu/Ptua_genome/Ptua_genome_busco/run_metazoa_odb10/miniprot_output/translated_proteins/336647at33208.faa
2026-08-20 23:06:12 DEBUG:busco.busco_tools.Toolset	cmd call: hmmsearch --domtblout /work/pi_hputnam_uri_edu/Ptua_genome/Ptua_genome_busco/run_metazoa_odb10/hmmer_output/348544at33208.out --cpu 1 /work/pi_hputnam_uri_edu/lineages/lineages/metazoa_odb10/hmms/348544at33208.hmm /work/pi_hputnam_uri_edu/Ptua_genome/Ptua_genome_busco/run_metazoa_odb10/miniprot_output/translated_proteins/348544at33208.faa
2026-08-20 23:06:12 DEBUG:busco.busco_tools.Toolset	cmd call: hmmsearch --domtblout /work/pi_hputnam_uri_edu/Ptua_genome/Ptua_genome_busco/run_metazoa_odb10/hmmer_output/311758at33208.out --cpu 1 /work/pi_hputnam_uri_edu/lineages/lineages/metazoa_odb10/hmms/311758at33208.hmm /work/pi_hputnam_uri_edu/Ptua_genome/Ptua_genome_busco/run_metazoa_odb10/miniprot_output/translated_proteins/311758at33208.faa
2026-08-20 23:06:12 DEBUG:busco.busco_tools.Toolset	cmd call: hmmsearch --domtblout /work/pi_hputnam_uri_edu/Ptua_genome/Ptua_genome_busco/run_metazoa_odb10/hmmer_output/355739at33208.out --cpu 1 /work/pi_hputnam_uri_edu/lineages/lineages/metazoa_odb10/hmms/355739at33208.hmm /work/pi_hputnam_uri_edu/Ptua_genome/Ptua_genome_busco/run_metazoa_odb10/miniprot_output/translated_proteins/355739at33208.faa
2026-08-20 23:06:12 DEBUG:busco.busco_tools.Toolset	cmd call: hmmsearch --domtblout /work/pi_hputnam_uri_edu/Ptua_genome/Ptua_genome_busco/run_metazoa_odb10/hmmer_output/367493at33208.out --cpu 1 /work/pi_hputnam_uri_edu/lineages/lineages/metazoa_odb10/hmms/367493at33208.hmm /work/pi_hputnam_uri_edu/Ptua_genome/Ptua_genome_busco/run_metazoa_odb10/miniprot_output/translated_proteins/367493at33208.faa
2026-08-20 23:06:12 DEBUG:busco.busco_tools.Toolset	cmd call: hmmsearch --domtblout /work/pi_hputnam_uri_edu/Ptua_genome/Ptua_genome_busco/run_metazoa_odb10/hmmer_output/356175at33208.out --cpu 1 /work/pi_hputnam_uri_edu/lineages/lineages/metazoa_odb10/hmms/356175at33208.hmm /work/pi_hputnam_uri_edu/Ptua_genome/Ptua_genome_busco/run_metazoa_odb10/miniprot_output/translated_proteins/356175at33208.faa
2026-08-20 23:06:12 DEBUG:busco.busco_tools.Toolset	cmd call: hmmsearch --domtblout /work/pi_hputnam_uri_edu/Ptua_genome/Ptua_genome_busco/run_metazoa_odb10/hmmer_output/348761at33208.out --cpu 1 /work/pi_hputnam_uri_edu/lineages/lineages/metazoa_odb10/hmms/348761at33208.hmm /work/pi_hputnam_uri_edu/Ptua_genome/Ptua_genome_busco/run_metazoa_odb10/miniprot_output/translated_proteins/348761at33208.faa
2026-08-20 23:06:12 DEBUG:busco.busco_tools.Toolset	cmd call: hmmsearch --domtblout /work/pi_hputnam_uri_edu/Ptua_genome/Ptua_genome_busco/run_metazoa_odb10/hmmer_output/361216at33208.out --cpu 1 /work/pi_hputnam_uri_edu/lineages/lineages/metazoa_odb10/hmms/361216at33208.hmm /work/pi_hputnam_uri_edu/Ptua_genome/Ptua_genome_busco/run_metazoa_odb10/miniprot_output/translated_proteins/361216at33208.faa
2026-08-20 23:06:12 DEBUG:busco.busco_tools.Toolset	cmd call: hmmsearch --domtblout /work/pi_hputnam_uri_edu/Ptua_genome/Ptua_genome_busco/run_metazoa_odb10/hmmer_output/139188at33208.out --cpu 1 /work/pi_hputnam_uri_edu/lineages/lineages/metazoa_odb10/hmms/139188at33208.hmm /work/pi_hputnam_uri_edu/Ptua_genome/Ptua_genome_busco/run_metazoa_odb10/miniprot_output/translated_proteins/139188at33208.faa
2026-08-20 23:06:13 DEBUG:busco.busco_tools.Toolset	cmd call: hmmsearch --domtblout /work/pi_hputnam_uri_edu/Ptua_genome/Ptua_genome_busco/run_metazoa_odb10/hmmer_output/356334at33208.out --cpu 1 /work/pi_hputnam_uri_edu/lineages/lineages/metazoa_odb10/hmms/356334at33208.hmm /work/pi_hputnam_uri_edu/Ptua_genome/Ptua_genome_busco/run_metazoa_odb10/miniprot_output/translated_proteins/356334at33208.faa
2026-08-20 23:06:13 DEBUG:busco.busco_tools.Toolset	cmd call: hmmsearch --domtblout /work/pi_hputnam_uri_edu/Ptua_genome/Ptua_genome_busco/run_metazoa_odb10/hmmer_output/367551at33208.out --cpu 1 /work/pi_hputnam_uri_edu/lineages/lineages/metazoa_odb10/hmms/367551at33208.hmm /work/pi_hputnam_uri_edu/Ptua_genome/Ptua_genome_busco/run_metazoa_odb10/miniprot_output/translated_proteins/367551at33208.faa
2026-08-20 23:06:13 DEBUG:busco.busco_tools.Toolset	cmd call: hmmsearch --domtblout /work/pi_hputnam_uri_edu/Ptua_genome/Ptua_genome_busco/run_metazoa_odb10/hmmer_output/363634at33208.out --cpu 1 /work/pi_hputnam_uri_edu/lineages/lineages/metazoa_odb10/hmms/363634at33208.hmm /work/pi_hputnam_uri_edu/Ptua_genome/Ptua_genome_busco/run_metazoa_odb10/miniprot_output/translated_proteins/363634at33208.faa
2026-08-20 23:06:13 DEBUG:busco.busco_tools.Toolset	cmd call: hmmsearch --domtblout /work/pi_hputnam_uri_edu/Ptua_genome/Ptua_genome_busco/run_metazoa_odb10/hmmer_output/349064at33208.out --cpu 1 /work/pi_hputnam_uri_edu/lineages/lineages/metazoa_odb10/hmms/349064at33208.hmm /work/pi_hputnam_uri_edu/Ptua_genome/Ptua_genome_busco/run_metazoa_odb10/miniprot_output/translated_proteins/349064at33208.faa
2026-08-20 23:06:13 DEBUG:busco.busco_tools.Toolset	cmd call: hmmsearch --domtblout /work/pi_hputnam_uri_edu/Ptua_genome/Ptua_genome_busco/run_metazoa_odb10/hmmer_output/338191at33208.out --cpu 1 /work/pi_hputnam_uri_edu/lineages/lineages/metazoa_odb10/hmms/338191at33208.hmm /work/pi_hputnam_uri_edu/Ptua_genome/Ptua_genome_busco/run_metazoa_odb10/miniprot_output/translated_proteins/338191at33208.faa
2026-08-20 23:06:14 DEBUG:busco.busco_tools.Toolset	cmd call: hmmsearch --domtblout /work/pi_hputnam_uri_edu/Ptua_genome/Ptua_genome_busco/run_metazoa_odb10/hmmer_output/378033at33208.out --cpu 1 /work/pi_hputnam_uri_edu/lineages/lineages/metazoa_odb10/hmms/378033at33208.hmm /work/pi_hputnam_uri_edu/Ptua_genome/Ptua_genome_busco/run_metazoa_odb10/miniprot_output/translated_proteins/378033at33208.faa
2026-08-20 23:06:14 DEBUG:busco.busco_tools.Toolset	cmd call: hmmsearch --domtblout /work/pi_hputnam_uri_edu/Ptua_genome/Ptua_genome_busco/run_metazoa_odb10/hmmer_output/363840at33208.out --cpu 1 /work/pi_hputnam_uri_edu/lineages/lineages/metazoa_odb10/hmms/363840at33208.hmm /work/pi_hputnam_uri_edu/Ptua_genome/Ptua_genome_busco/run_metazoa_odb10/miniprot_output/translated_proteins/363840at33208.faa
2026-08-20 23:06:14 DEBUG:busco.busco_tools.Toolset	cmd call: hmmsearch --domtblout /work/pi_hputnam_uri_edu/Ptua_genome/Ptua_genome_busco/run_metazoa_odb10/hmmer_output/367596at33208.out --cpu 1 /work/pi_hputnam_uri_edu/lineages/lineages/metazoa_odb10/hmms/367596at33208.hmm /work/pi_hputnam_uri_edu/Ptua_genome/Ptua_genome_busco/run_metazoa_odb10/miniprot_output/translated_proteins/367596at33208.faa
2026-08-20 23:06:14 DEBUG:busco.busco_tools.Toolset	cmd call: hmmsearch --domtblout /work/pi_hputnam_uri_edu/Ptua_genome/Ptua_genome_busco/run_metazoa_odb10/hmmer_output/378316at33208.out --cpu 1 /work/pi_hputnam_uri_edu/lineages/lineages/metazoa_odb10/hmms/378316at33208.hmm /work/pi_hputnam_uri_edu/Ptua_genome/Ptua_genome_busco/run_metazoa_odb10/miniprot_output/translated_proteins/378316at33208.faa
2026-08-20 23:06:14 DEBUG:busco.busco_tools.Toolset	cmd call: hmmsearch --domtblout /work/pi_hputnam_uri_edu/Ptua_genome/Ptua_genome_busco/run_metazoa_odb10/hmmer_output/143619at33208.out --cpu 1 /work/pi_hputnam_uri_edu/lineages/lineages/metazoa_odb10/hmms/143619at33208.hmm /work/pi_hputnam_uri_edu/Ptua_genome/Ptua_genome_busco/run_metazoa_odb10/miniprot_output/translated_proteins/143619at33208.faa
2026-08-20 23:06:15 DEBUG:busco.busco_tools.Toolset	cmd call: hmmsearch --domtblout /work/pi_hputnam_uri_edu/Ptua_genome/Ptua_genome_busco/run_metazoa_odb10/hmmer_output/363851at33208.out --cpu 1 /work/pi_hputnam_uri_edu/lineages/lineages/metazoa_odb10/hmms/363851at33208.hmm /work/pi_hputnam_uri_edu/Ptua_genome/Ptua_genome_busco/run_metazoa_odb10/miniprot_output/translated_proteins/363851at33208.faa
2026-08-20 23:06:15 DEBUG:busco.busco_tools.Toolset	cmd call: hmmsearch --domtblout /work/pi_hputnam_uri_edu/Ptua_genome/Ptua_genome_busco/run_metazoa_odb10/hmmer_output/378768at33208.out --cpu 1 /work/pi_hputnam_uri_edu/lineages/lineages/metazoa_odb10/hmms/378768at33208.hmm /work/pi_hputnam_uri_edu/Ptua_genome/Ptua_genome_busco/run_metazoa_odb10/miniprot_output/translated_proteins/378768at33208.faa
2026-08-20 23:06:15 DEBUG:busco.busco_tools.Toolset	cmd call: hmmsearch --domtblout /work/pi_hputnam_uri_edu/Ptua_genome/Ptua_genome_busco/run_metazoa_odb10/hmmer_output/338482at33208.out --cpu 1 /work/pi_hputnam_uri_edu/lineages/lineages/metazoa_odb10/hmms/338482at33208.hmm /work/pi_hputnam_uri_edu/Ptua_genome/Ptua_genome_busco/run_metazoa_odb10/miniprot_output/translated_proteins/338482at33208.faa
2026-08-20 23:06:15 DEBUG:busco.busco_tools.Toolset	cmd call: hmmsearch --domtblout /work/pi_hputnam_uri_edu/Ptua_genome/Ptua_genome_busco/run_metazoa_odb10/hmmer_output/143997at33208.out --cpu 1 /work/pi_hputnam_uri_edu/lineages/lineages/metazoa_odb10/hmms/143997at33208.hmm /work/pi_hputnam_uri_edu/Ptua_genome/Ptua_genome_busco/run_metazoa_odb10/miniprot_output/translated_proteins/143997at33208.faa
2026-08-20 23:06:15 DEBUG:busco.busco_tools.Toolset	cmd call: hmmsearch --domtblout /work/pi_hputnam_uri_edu/Ptua_genome/Ptua_genome_busco/run_metazoa_odb10/hmmer_output/378913at33208.out --cpu 1 /work/pi_hputnam_uri_edu/lineages/lineages/metazoa_odb10/hmms/378913at33208.hmm /work/pi_hputnam_uri_edu/Ptua_genome/Ptua_genome_busco/run_metazoa_odb10/miniprot_output/translated_proteins/378913at33208.faa
2026-08-20 23:06:15 DEBUG:busco.busco_tools.Toolset	cmd call: hmmsearch --domtblout /work/pi_hputnam_uri_edu/Ptua_genome/Ptua_genome_busco/run_metazoa_odb10/hmmer_output/356503at33208.out --cpu 1 /work/pi_hputnam_uri_edu/lineages/lineages/metazoa_odb10/hmms/356503at33208.hmm /work/pi_hputnam_uri_edu/Ptua_genome/Ptua_genome_busco/run_metazoa_odb10/miniprot_output/translated_proteins/356503at33208.faa
2026-08-20 23:06:16 DEBUG:busco.busco_tools.Toolset	cmd call: hmmsearch --domtblout /work/pi_hputnam_uri_edu/Ptua_genome/Ptua_genome_busco/run_metazoa_odb10/hmmer_output/364383at33208.out --cpu 1 /work/pi_hputnam_uri_edu/lineages/lineages/metazoa_odb10/hmms/364383at33208.hmm /work/pi_hputnam_uri_edu/Ptua_genome/Ptua_genome_busco/run_metazoa_odb10/miniprot_output/translated_proteins/364383at33208.faa
2026-08-20 23:06:16 DEBUG:busco.busco_tools.Toolset	cmd call: hmmsearch --domtblout /work/pi_hputnam_uri_edu/Ptua_genome/Ptua_genome_busco/run_metazoa_odb10/hmmer_output/357580at33208.out --cpu 1 /work/pi_hputnam_uri_edu/lineages/lineages/metazoa_odb10/hmms/357580at33208.hmm /work/pi_hputnam_uri_edu/Ptua_genome/Ptua_genome_busco/run_metazoa_odb10/miniprot_output/translated_proteins/357580at33208.faa
2026-08-20 23:06:16 DEBUG:busco.busco_tools.Toolset	cmd call: hmmsearch --domtblout /work/pi_hputnam_uri_edu/Ptua_genome/Ptua_genome_busco/run_metazoa_odb10/hmmer_output/379076at33208.out --cpu 1 /work/pi_hputnam_uri_edu/lineages/lineages/metazoa_odb10/hmms/379076at33208.hmm /work/pi_hputnam_uri_edu/Ptua_genome/Ptua_genome_busco/run_metazoa_odb10/miniprot_output/translated_proteins/379076at33208.faa
2026-08-20 23:06:16 DEBUG:busco.busco_tools.Toolset	cmd call: hmmsearch --domtblout /work/pi_hputnam_uri_edu/Ptua_genome/Ptua_genome_busco/run_metazoa_odb10/hmmer_output/364694at33208.out --cpu 1 /work/pi_hputnam_uri_edu/lineages/lineages/metazoa_odb10/hmms/364694at33208.hmm /work/pi_hputnam_uri_edu/Ptua_genome/Ptua_genome_busco/run_metazoa_odb10/miniprot_output/translated_proteins/364694at33208.faa
2026-08-20 23:06:16 DEBUG:busco.busco_tools.Toolset	cmd call: hmmsearch --domtblout /work/pi_hputnam_uri_edu/Ptua_genome/Ptua_genome_busco/run_metazoa_odb10/hmmer_output/339127at33208.out --cpu 1 /work/pi_hputnam_uri_edu/lineages/lineages/metazoa_odb10/hmms/339127at33208.hmm /work/pi_hputnam_uri_edu/Ptua_genome/Ptua_genome_busco/run_metazoa_odb10/miniprot_output/translated_proteins/339127at33208.faa
2026-08-20 23:06:16 DEBUG:busco.busco_tools.Toolset	cmd call: hmmsearch --domtblout /work/pi_hputnam_uri_edu/Ptua_genome/Ptua_genome_busco/run_metazoa_odb10/hmmer_output/359075at33208.out --cpu 1 /work/pi_hputnam_uri_edu/lineages/lineages/metazoa_odb10/hmms/359075at33208.hmm /work/pi_hputnam_uri_edu/Ptua_genome/Ptua_genome_busco/run_metazoa_odb10/miniprot_output/translated_proteins/359075at33208.faa
2026-08-20 23:06:16 DEBUG:busco.busco_tools.Toolset	cmd call: hmmsearch --domtblout /work/pi_hputnam_uri_edu/Ptua_genome/Ptua_genome_busco/run_metazoa_odb10/hmmer_output/379636at33208.out --cpu 1 /work/pi_hputnam_uri_edu/lineages/lineages/metazoa_odb10/hmms/379636at33208.hmm /work/pi_hputnam_uri_edu/Ptua_genome/Ptua_genome_busco/run_metazoa_odb10/miniprot_output/translated_proteins/379636at33208.faa
2026-08-20 23:06:16 DEBUG:busco.busco_tools.Toolset	cmd call: hmmsearch --domtblout /work/pi_hputnam_uri_edu/Ptua_genome/Ptua_genome_busco/run_metazoa_odb10/hmmer_output/387117at33208.out --cpu 1 /work/pi_hputnam_uri_edu/lineages/lineages/metazoa_odb10/hmms/387117at33208.hmm /work/pi_hputnam_uri_edu/Ptua_genome/Ptua_genome_busco/run_metazoa_odb10/miniprot_output/translated_proteins/387117at33208.faa
2026-08-20 23:06:16 DEBUG:busco.busco_tools.Toolset	cmd call: hmmsearch --domtblout /work/pi_hputnam_uri_edu/Ptua_genome/Ptua_genome_busco/run_metazoa_odb10/hmmer_output/367957at33208.out --cpu 1 /work/pi_hputnam_uri_edu/lineages/lineages/metazoa_odb10/hmms/367957at33208.hmm /work/pi_hputnam_uri_edu/Ptua_genome/Ptua_genome_busco/run_metazoa_odb10/miniprot_output/translated_proteins/367957at33208.faa
2026-08-20 23:06:17 DEBUG:busco.busco_tools.Toolset	cmd call: hmmsearch --domtblout /work/pi_hputnam_uri_edu/Ptua_genome/Ptua_genome_busco/run_metazoa_odb10/hmmer_output/146671at33208.out --cpu 1 /work/pi_hputnam_uri_edu/lineages/lineages/metazoa_odb10/hmms/146671at33208.hmm /work/pi_hputnam_uri_edu/Ptua_genome/Ptua_genome_busco/run_metazoa_odb10/miniprot_output/translated_proteins/146671at33208.faa
2026-08-20 23:06:17 DEBUG:busco.busco_tools.Toolset	cmd call: hmmsearch --domtblout /work/pi_hputnam_uri_edu/Ptua_genome/Ptua_genome_busco/run_metazoa_odb10/hmmer_output/379771at33208.out --cpu 1 /work/pi_hputnam_uri_edu/lineages/lineages/metazoa_odb10/hmms/379771at33208.hmm /work/pi_hputnam_uri_edu/Ptua_genome/Ptua_genome_busco/run_metazoa_odb10/miniprot_output/translated_proteins/379771at33208.faa
2026-08-20 23:06:17 DEBUG:busco.busco_tools.Toolset	cmd call: hmmsearch --domtblout /work/pi_hputnam_uri_edu/Ptua_genome/Ptua_genome_busco/run_metazoa_odb10/hmmer_output/387878at33208.out --cpu 1 /work/pi_hputnam_uri_edu/lineages/lineages/metazoa_odb10/hmms/387878at33208.hmm /work/pi_hputnam_uri_edu/Ptua_genome/Ptua_genome_busco/run_metazoa_odb10/miniprot_output/translated_proteins/387878at33208.faa
2026-08-20 23:06:17 DEBUG:busco.busco_tools.Toolset	cmd call: hmmsearch --domtblout /work/pi_hputnam_uri_edu/Ptua_genome/Ptua_genome_busco/run_metazoa_odb10/hmmer_output/380583at33208.out --cpu 1 /work/pi_hputnam_uri_edu/lineages/lineages/metazoa_odb10/hmms/380583at33208.hmm /work/pi_hputnam_uri_edu/Ptua_genome/Ptua_genome_busco/run_metazoa_odb10/miniprot_output/translated_proteins/380583at33208.faa
2026-08-20 23:06:17 DEBUG:busco.busco_tools.Toolset	cmd call: hmmsearch --domtblout /work/pi_hputnam_uri_edu/Ptua_genome/Ptua_genome_busco/run_metazoa_odb10/hmmer_output/359324at33208.out --cpu 1 /work/pi_hputnam_uri_edu/lineages/lineages/metazoa_odb10/hmms/359324at33208.hmm /work/pi_hputnam_uri_edu/Ptua_genome/Ptua_genome_busco/run_metazoa_odb10/miniprot_output/translated_proteins/359324at33208.faa
2026-08-20 23:06:18 DEBUG:busco.busco_tools.Toolset	cmd call: hmmsearch --domtblout /work/pi_hputnam_uri_edu/Ptua_genome/Ptua_genome_busco/run_metazoa_odb10/hmmer_output/368565at33208.out --cpu 1 /work/pi_hputnam_uri_edu/lineages/lineages/metazoa_odb10/hmms/368565at33208.hmm /work/pi_hputnam_uri_edu/Ptua_genome/Ptua_genome_busco/run_metazoa_odb10/miniprot_output/translated_proteins/368565at33208.faa
2026-08-20 23:06:18 DEBUG:busco.busco_tools.Toolset	cmd call: hmmsearch --domtblout /work/pi_hputnam_uri_edu/Ptua_genome/Ptua_genome_busco/run_metazoa_odb10/hmmer_output/389367at33208.out --cpu 1 /work/pi_hputnam_uri_edu/lineages/lineages/metazoa_odb10/hmms/389367at33208.hmm /work/pi_hputnam_uri_edu/Ptua_genome/Ptua_genome_busco/run_metazoa_odb10/miniprot_output/translated_proteins/389367at33208.faa
2026-08-20 23:06:18 DEBUG:busco.busco_tools.Toolset	cmd call: hmmsearch --domtblout /work/pi_hputnam_uri_edu/Ptua_genome/Ptua_genome_busco/run_metazoa_odb10/hmmer_output/381303at33208.out --cpu 1 /work/pi_hputnam_uri_edu/lineages/lineages/metazoa_odb10/hmms/381303at33208.hmm /work/pi_hputnam_uri_edu/Ptua_genome/Ptua_genome_busco/run_metazoa_odb10/miniprot_output/translated_proteins/381303at33208.faa
2026-08-20 23:06:18 DEBUG:busco.busco_tools.Toolset	cmd call: hmmsearch --domtblout /work/pi_hputnam_uri_edu/Ptua_genome/Ptua_genome_busco/run_metazoa_odb10/hmmer_output/14776at33208.out --cpu 1 /work/pi_hputnam_uri_edu/lineages/lineages/metazoa_odb10/hmms/14776at33208.hmm /work/pi_hputnam_uri_edu/Ptua_genome/Ptua_genome_busco/run_metazoa_odb10/miniprot_output/translated_proteins/14776at33208.faa
2026-08-20 23:06:18 DEBUG:busco.busco_tools.Toolset	cmd call: hmmsearch --domtblout /work/pi_hputnam_uri_edu/Ptua_genome/Ptua_genome_busco/run_metazoa_odb10/hmmer_output/382000at33208.out --cpu 1 /work/pi_hputnam_uri_edu/lineages/lineages/metazoa_odb10/hmms/382000at33208.hmm /work/pi_hputnam_uri_edu/Ptua_genome/Ptua_genome_busco/run_metazoa_odb10/miniprot_output/translated_proteins/382000at33208.faa
2026-08-20 23:06:18 DEBUG:busco.busco_tools.Toolset	cmd call: hmmsearch --domtblout /work/pi_hputnam_uri_edu/Ptua_genome/Ptua_genome_busco/run_metazoa_odb10/hmmer_output/365323at33208.out --cpu 1 /work/pi_hputnam_uri_edu/lineages/lineages/metazoa_odb10/hmms/365323at33208.hmm /work/pi_hputnam_uri_edu/Ptua_genome/Ptua_genome_busco/run_metazoa_odb10/miniprot_output/translated_proteins/365323at33208.faa
2026-08-20 23:06:18 DEBUG:busco.busco_tools.Toolset	cmd call: hmmsearch --domtblout /work/pi_hputnam_uri_edu/Ptua_genome/Ptua_genome_busco/run_metazoa_odb10/hmmer_output/389527at33208.out --cpu 1 /work/pi_hputnam_uri_edu/lineages/lineages/metazoa_odb10/hmms/389527at33208.hmm /work/pi_hputnam_uri_edu/Ptua_genome/Ptua_genome_busco/run_metazoa_odb10/miniprot_output/translated_proteins/389527at33208.faa
2026-08-20 23:06:18 DEBUG:busco.busco_tools.Toolset	cmd call: hmmsearch --domtblout /work/pi_hputnam_uri_edu/Ptua_genome/Ptua_genome_busco/run_metazoa_odb10/hmmer_output/382262at33208.out --cpu 1 /work/pi_hputnam_uri_edu/lineages/lineages/metazoa_odb10/hmms/382262at33208.hmm /work/pi_hputnam_uri_edu/Ptua_genome/Ptua_genome_busco/run_metazoa_odb10/miniprot_output/translated_proteins/382262at33208.faa
2026-08-20 23:06:19 DEBUG:busco.busco_tools.Toolset	cmd call: hmmsearch --domtblout /work/pi_hputnam_uri_edu/Ptua_genome/Ptua_genome_busco/run_metazoa_odb10/hmmer_output/368670at33208.out --cpu 1 /work/pi_hputnam_uri_edu/lineages/lineages/metazoa_odb10/hmms/368670at33208.hmm /work/pi_hputnam_uri_edu/Ptua_genome/Ptua_genome_busco/run_metazoa_odb10/miniprot_output/translated_proteins/368670at33208.faa
2026-08-20 23:06:19 DEBUG:busco.busco_tools.Toolset	cmd call: hmmsearch --domtblout /work/pi_hputnam_uri_edu/Ptua_genome/Ptua_genome_busco/run_metazoa_odb10/hmmer_output/382750at33208.out --cpu 1 /work/pi_hputnam_uri_edu/lineages/lineages/metazoa_odb10/hmms/382750at33208.hmm /work/pi_hputnam_uri_edu/Ptua_genome/Ptua_genome_busco/run_metazoa_odb10/miniprot_output/translated_proteins/382750at33208.faa
2026-08-20 23:06:19 DEBUG:busco.busco_tools.Toolset	cmd call: hmmsearch --domtblout /work/pi_hputnam_uri_edu/Ptua_genome/Ptua_genome_busco/run_metazoa_odb10/hmmer_output/365561at33208.out --cpu 1 /work/pi_hputnam_uri_edu/lineages/lineages/metazoa_odb10/hmms/365561at33208.hmm /work/pi_hputnam_uri_edu/Ptua_genome/Ptua_genome_busco/run_metazoa_odb10/miniprot_output/translated_proteins/365561at33208.faa
2026-08-20 23:06:19 DEBUG:busco.busco_tools.Toolset	cmd call: hmmsearch --domtblout /work/pi_hputnam_uri_edu/Ptua_genome/Ptua_genome_busco/run_metazoa_odb10/hmmer_output/368875at33208.out --cpu 1 /work/pi_hputnam_uri_edu/lineages/lineages/metazoa_odb10/hmms/368875at33208.hmm /work/pi_hputnam_uri_edu/Ptua_genome/Ptua_genome_busco/run_metazoa_odb10/miniprot_output/translated_proteins/368875at33208.faa
2026-08-20 23:06:19 DEBUG:busco.busco_tools.Toolset	cmd call: hmmsearch --domtblout /work/pi_hputnam_uri_edu/Ptua_genome/Ptua_genome_busco/run_metazoa_odb10/hmmer_output/383313at33208.out --cpu 1 /work/pi_hputnam_uri_edu/lineages/lineages/metazoa_odb10/hmms/383313at33208.hmm /work/pi_hputnam_uri_edu/Ptua_genome/Ptua_genome_busco/run_metazoa_odb10/miniprot_output/translated_proteins/383313at33208.faa
2026-08-20 23:06:19 DEBUG:busco.busco_tools.Toolset	cmd call: hmmsearch --domtblout /work/pi_hputnam_uri_edu/Ptua_genome/Ptua_genome_busco/run_metazoa_odb10/hmmer_output/365691at33208.out --cpu 1 /work/pi_hputnam_uri_edu/lineages/lineages/metazoa_odb10/hmms/365691at33208.hmm /work/pi_hputnam_uri_edu/Ptua_genome/Ptua_genome_busco/run_metazoa_odb10/miniprot_output/translated_proteins/365691at33208.faa
2026-08-20 23:06:19 DEBUG:busco.busco_tools.Toolset	cmd call: hmmsearch --domtblout /work/pi_hputnam_uri_edu/Ptua_genome/Ptua_genome_busco/run_metazoa_odb10/hmmer_output/371241at33208.out --cpu 1 /work/pi_hputnam_uri_edu/lineages/lineages/metazoa_odb10/hmms/371241at33208.hmm /work/pi_hputnam_uri_edu/Ptua_genome/Ptua_genome_busco/run_metazoa_odb10/miniprot_output/translated_proteins/371241at33208.faa
2026-08-20 23:06:20 DEBUG:busco.busco_tools.Toolset	cmd call: hmmsearch --domtblout /work/pi_hputnam_uri_edu/Ptua_genome/Ptua_genome_busco/run_metazoa_odb10/hmmer_output/389570at33208.out --cpu 1 /work/pi_hputnam_uri_edu/lineages/lineages/metazoa_odb10/hmms/389570at33208.hmm /work/pi_hputnam_uri_edu/Ptua_genome/Ptua_genome_busco/run_metazoa_odb10/miniprot_output/translated_proteins/389570at33208.faa
2026-08-20 23:06:20 DEBUG:busco.busco_tools.Toolset	cmd call: hmmsearch --domtblout /work/pi_hputnam_uri_edu/Ptua_genome/Ptua_genome_busco/run_metazoa_odb10/hmmer_output/371297at33208.out --cpu 1 /work/pi_hputnam_uri_edu/lineages/lineages/metazoa_odb10/hmms/371297at33208.hmm /work/pi_hputnam_uri_edu/Ptua_genome/Ptua_genome_busco/run_metazoa_odb10/miniprot_output/translated_proteins/371297at33208.faa
2026-08-20 23:06:20 DEBUG:busco.busco_tools.Toolset	cmd call: hmmsearch --domtblout /work/pi_hputnam_uri_edu/Ptua_genome/Ptua_genome_busco/run_metazoa_odb10/hmmer_output/366124at33208.out --cpu 1 /work/pi_hputnam_uri_edu/lineages/lineages/metazoa_odb10/hmms/366124at33208.hmm /work/pi_hputnam_uri_edu/Ptua_genome/Ptua_genome_busco/run_metazoa_odb10/miniprot_output/translated_proteins/366124at33208.faa
2026-08-20 23:06:20 DEBUG:busco.busco_tools.Toolset	cmd call: hmmsearch --domtblout /work/pi_hputnam_uri_edu/Ptua_genome/Ptua_genome_busco/run_metazoa_odb10/hmmer_output/371526at33208.out --cpu 1 /work/pi_hputnam_uri_edu/lineages/lineages/metazoa_odb10/hmms/371526at33208.hmm /work/pi_hputnam_uri_edu/Ptua_genome/Ptua_genome_busco/run_metazoa_odb10/miniprot_output/translated_proteins/371526at33208.faa
2026-08-20 23:06:20 DEBUG:busco.busco_tools.Toolset	cmd call: hmmsearch --domtblout /work/pi_hputnam_uri_edu/Ptua_genome/Ptua_genome_busco/run_metazoa_odb10/hmmer_output/384187at33208.out --cpu 1 /work/pi_hputnam_uri_edu/lineages/lineages/metazoa_odb10/hmms/384187at33208.hmm /work/pi_hputnam_uri_edu/Ptua_genome/Ptua_genome_busco/run_metazoa_odb10/miniprot_output/translated_proteins/384187at33208.faa
2026-08-20 23:06:20 DEBUG:busco.busco_tools.Toolset	cmd call: hmmsearch --domtblout /work/pi_hputnam_uri_edu/Ptua_genome/Ptua_genome_busco/run_metazoa_odb10/hmmer_output/389591at33208.out --cpu 1 /work/pi_hputnam_uri_edu/lineages/lineages/metazoa_odb10/hmms/389591at33208.hmm /work/pi_hputnam_uri_edu/Ptua_genome/Ptua_genome_busco/run_metazoa_odb10/miniprot_output/translated_proteins/389591at33208.faa
2026-08-20 23:06:20 DEBUG:busco.busco_tools.Toolset	cmd call: hmmsearch --domtblout /work/pi_hputnam_uri_edu/Ptua_genome/Ptua_genome_busco/run_metazoa_odb10/hmmer_output/372257at33208.out --cpu 1 /work/pi_hputnam_uri_edu/lineages/lineages/metazoa_odb10/hmms/372257at33208.hmm /work/pi_hputnam_uri_edu/Ptua_genome/Ptua_genome_busco/run_metazoa_odb10/miniprot_output/translated_proteins/372257at33208.faa
2026-08-20 23:06:21 DEBUG:busco.busco_tools.Toolset	cmd call: hmmsearch --domtblout /work/pi_hputnam_uri_edu/Ptua_genome/Ptua_genome_busco/run_metazoa_odb10/hmmer_output/386666at33208.out --cpu 1 /work/pi_hputnam_uri_edu/lineages/lineages/metazoa_odb10/hmms/386666at33208.hmm /work/pi_hputnam_uri_edu/Ptua_genome/Ptua_genome_busco/run_metazoa_odb10/miniprot_output/translated_proteins/386666at33208.faa
2026-08-20 23:06:21 INFO:busco.busco_tools.Toolset	[hmmsearch]	287 of 954 task(s) completed
2026-08-20 23:06:21 DEBUG:busco.busco_tools.Toolset	cmd call: hmmsearch --domtblout /work/pi_hputnam_uri_edu/Ptua_genome/Ptua_genome_busco/run_metazoa_odb10/hmmer_output/372707at33208.out --cpu 1 /work/pi_hputnam_uri_edu/lineages/lineages/metazoa_odb10/hmms/372707at33208.hmm /work/pi_hputnam_uri_edu/Ptua_genome/Ptua_genome_busco/run_metazoa_odb10/miniprot_output/translated_proteins/372707at33208.faa
2026-08-20 23:06:21 DEBUG:busco.busco_tools.Toolset	cmd call: hmmsearch --domtblout /work/pi_hputnam_uri_edu/Ptua_genome/Ptua_genome_busco/run_metazoa_odb10/hmmer_output/390192at33208.out --cpu 1 /work/pi_hputnam_uri_edu/lineages/lineages/metazoa_odb10/hmms/390192at33208.hmm /work/pi_hputnam_uri_edu/Ptua_genome/Ptua_genome_busco/run_metazoa_odb10/miniprot_output/translated_proteins/390192at33208.faa
2026-08-20 23:06:21 DEBUG:busco.busco_tools.Toolset	cmd call: hmmsearch --domtblout /work/pi_hputnam_uri_edu/Ptua_genome/Ptua_genome_busco/run_metazoa_odb10/hmmer_output/387079at33208.out --cpu 1 /work/pi_hputnam_uri_edu/lineages/lineages/metazoa_odb10/hmms/387079at33208.hmm /work/pi_hputnam_uri_edu/Ptua_genome/Ptua_genome_busco/run_metazoa_odb10/miniprot_output/translated_proteins/387079at33208.faa
2026-08-20 23:06:21 DEBUG:busco.busco_tools.Toolset	cmd call: hmmsearch --domtblout /work/pi_hputnam_uri_edu/Ptua_genome/Ptua_genome_busco/run_metazoa_odb10/hmmer_output/395919at33208.out --cpu 1 /work/pi_hputnam_uri_edu/lineages/lineages/metazoa_odb10/hmms/395919at33208.hmm /work/pi_hputnam_uri_edu/Ptua_genome/Ptua_genome_busco/run_metazoa_odb10/miniprot_output/translated_proteins/395919at33208.faa
2026-08-20 23:06:21 DEBUG:busco.busco_tools.Toolset	cmd call: hmmsearch --domtblout /work/pi_hputnam_uri_edu/Ptua_genome/Ptua_genome_busco/run_metazoa_odb10/hmmer_output/373040at33208.out --cpu 1 /work/pi_hputnam_uri_edu/lineages/lineages/metazoa_odb10/hmms/373040at33208.hmm /work/pi_hputnam_uri_edu/Ptua_genome/Ptua_genome_busco/run_metazoa_odb10/miniprot_output/translated_proteins/373040at33208.faa
2026-08-20 23:06:22 DEBUG:busco.busco_tools.Toolset	cmd call: hmmsearch --domtblout /work/pi_hputnam_uri_edu/Ptua_genome/Ptua_genome_busco/run_metazoa_odb10/hmmer_output/390402at33208.out --cpu 1 /work/pi_hputnam_uri_edu/lineages/lineages/metazoa_odb10/hmms/390402at33208.hmm /work/pi_hputnam_uri_edu/Ptua_genome/Ptua_genome_busco/run_metazoa_odb10/miniprot_output/translated_proteins/390402at33208.faa
2026-08-20 23:06:22 DEBUG:busco.busco_tools.Toolset	cmd call: hmmsearch --domtblout /work/pi_hputnam_uri_edu/Ptua_genome/Ptua_genome_busco/run_metazoa_odb10/hmmer_output/376982at33208.out --cpu 1 /work/pi_hputnam_uri_edu/lineages/lineages/metazoa_odb10/hmms/376982at33208.hmm /work/pi_hputnam_uri_edu/Ptua_genome/Ptua_genome_busco/run_metazoa_odb10/miniprot_output/translated_proteins/376982at33208.faa
2026-08-20 23:06:22 DEBUG:busco.busco_tools.Toolset	cmd call: hmmsearch --domtblout /work/pi_hputnam_uri_edu/Ptua_genome/Ptua_genome_busco/run_metazoa_odb10/hmmer_output/391896at33208.out --cpu 1 /work/pi_hputnam_uri_edu/lineages/lineages/metazoa_odb10/hmms/391896at33208.hmm /work/pi_hputnam_uri_edu/Ptua_genome/Ptua_genome_busco/run_metazoa_odb10/miniprot_output/translated_proteins/391896at33208.faa
2026-08-20 23:06:22 DEBUG:busco.busco_tools.Toolset	cmd call: hmmsearch --domtblout /work/pi_hputnam_uri_edu/Ptua_genome/Ptua_genome_busco/run_metazoa_odb10/hmmer_output/395948at33208.out --cpu 1 /work/pi_hputnam_uri_edu/lineages/lineages/metazoa_odb10/hmms/395948at33208.hmm /work/pi_hputnam_uri_edu/Ptua_genome/Ptua_genome_busco/run_metazoa_odb10/miniprot_output/translated_proteins/395948at33208.faa
2026-08-20 23:06:23 DEBUG:busco.busco_tools.Toolset	cmd call: hmmsearch --domtblout /work/pi_hputnam_uri_edu/Ptua_genome/Ptua_genome_busco/run_metazoa_odb10/hmmer_output/393219at33208.out --cpu 1 /work/pi_hputnam_uri_edu/lineages/lineages/metazoa_odb10/hmms/393219at33208.hmm /work/pi_hputnam_uri_edu/Ptua_genome/Ptua_genome_busco/run_metazoa_odb10/miniprot_output/translated_proteins/393219at33208.faa
2026-08-20 23:06:23 DEBUG:busco.busco_tools.Toolset	cmd call: hmmsearch --domtblout /work/pi_hputnam_uri_edu/Ptua_genome/Ptua_genome_busco/run_metazoa_odb10/hmmer_output/396237at33208.out --cpu 1 /work/pi_hputnam_uri_edu/lineages/lineages/metazoa_odb10/hmms/396237at33208.hmm /work/pi_hputnam_uri_edu/Ptua_genome/Ptua_genome_busco/run_metazoa_odb10/miniprot_output/translated_proteins/396237at33208.faa
2026-08-20 23:06:23 DEBUG:busco.busco_tools.Toolset	cmd call: hmmsearch --domtblout /work/pi_hputnam_uri_edu/Ptua_genome/Ptua_genome_busco/run_metazoa_odb10/hmmer_output/393291at33208.out --cpu 1 /work/pi_hputnam_uri_edu/lineages/lineages/metazoa_odb10/hmms/393291at33208.hmm /work/pi_hputnam_uri_edu/Ptua_genome/Ptua_genome_busco/run_metazoa_odb10/miniprot_output/translated_proteins/393291at33208.faa
2026-08-20 23:06:23 DEBUG:busco.busco_tools.Toolset	cmd call: hmmsearch --domtblout /work/pi_hputnam_uri_edu/Ptua_genome/Ptua_genome_busco/run_metazoa_odb10/hmmer_output/403171at33208.out --cpu 1 /work/pi_hputnam_uri_edu/lineages/lineages/metazoa_odb10/hmms/403171at33208.hmm /work/pi_hputnam_uri_edu/Ptua_genome/Ptua_genome_busco/run_metazoa_odb10/miniprot_output/translated_proteins/403171at33208.faa
2026-08-20 23:06:23 DEBUG:busco.busco_tools.Toolset	cmd call: hmmsearch --domtblout /work/pi_hputnam_uri_edu/Ptua_genome/Ptua_genome_busco/run_metazoa_odb10/hmmer_output/397019at33208.out --cpu 1 /work/pi_hputnam_uri_edu/lineages/lineages/metazoa_odb10/hmms/397019at33208.hmm /work/pi_hputnam_uri_edu/Ptua_genome/Ptua_genome_busco/run_metazoa_odb10/miniprot_output/translated_proteins/397019at33208.faa
2026-08-20 23:06:24 DEBUG:busco.busco_tools.Toolset	cmd call: hmmsearch --domtblout /work/pi_hputnam_uri_edu/Ptua_genome/Ptua_genome_busco/run_metazoa_odb10/hmmer_output/393419at33208.out --cpu 1 /work/pi_hputnam_uri_edu/lineages/lineages/metazoa_odb10/hmms/393419at33208.hmm /work/pi_hputnam_uri_edu/Ptua_genome/Ptua_genome_busco/run_metazoa_odb10/miniprot_output/translated_proteins/393419at33208.faa
2026-08-20 23:06:24 DEBUG:busco.busco_tools.Toolset	cmd call: hmmsearch --domtblout /work/pi_hputnam_uri_edu/Ptua_genome/Ptua_genome_busco/run_metazoa_odb10/hmmer_output/397659at33208.out --cpu 1 /work/pi_hputnam_uri_edu/lineages/lineages/metazoa_odb10/hmms/397659at33208.hmm /work/pi_hputnam_uri_edu/Ptua_genome/Ptua_genome_busco/run_metazoa_odb10/miniprot_output/translated_proteins/397659at33208.faa
2026-08-20 23:06:24 DEBUG:busco.busco_tools.Toolset	cmd call: hmmsearch --domtblout /work/pi_hputnam_uri_edu/Ptua_genome/Ptua_genome_busco/run_metazoa_odb10/hmmer_output/403817at33208.out --cpu 1 /work/pi_hputnam_uri_edu/lineages/lineages/metazoa_odb10/hmms/403817at33208.hmm /work/pi_hputnam_uri_edu/Ptua_genome/Ptua_genome_busco/run_metazoa_odb10/miniprot_output/translated_proteins/403817at33208.faa
2026-08-20 23:06:24 DEBUG:busco.busco_tools.Toolset	cmd call: hmmsearch --domtblout /work/pi_hputnam_uri_edu/Ptua_genome/Ptua_genome_busco/run_metazoa_odb10/hmmer_output/404988at33208.out --cpu 1 /work/pi_hputnam_uri_edu/lineages/lineages/metazoa_odb10/hmms/404988at33208.hmm /work/pi_hputnam_uri_edu/Ptua_genome/Ptua_genome_busco/run_metazoa_odb10/miniprot_output/translated_proteins/404988at33208.faa
2026-08-20 23:06:24 DEBUG:busco.busco_tools.Toolset	cmd call: hmmsearch --domtblout /work/pi_hputnam_uri_edu/Ptua_genome/Ptua_genome_busco/run_metazoa_odb10/hmmer_output/393895at33208.out --cpu 1 /work/pi_hputnam_uri_edu/lineages/lineages/metazoa_odb10/hmms/393895at33208.hmm /work/pi_hputnam_uri_edu/Ptua_genome/Ptua_genome_busco/run_metazoa_odb10/miniprot_output/translated_proteins/393895at33208.faa
2026-08-20 23:06:25 DEBUG:busco.busco_tools.Toolset	cmd call: hmmsearch --domtblout /work/pi_hputnam_uri_edu/Ptua_genome/Ptua_genome_busco/run_metazoa_odb10/hmmer_output/395147at33208.out --cpu 1 /work/pi_hputnam_uri_edu/lineages/lineages/metazoa_odb10/hmms/395147at33208.hmm /work/pi_hputnam_uri_edu/Ptua_genome/Ptua_genome_busco/run_metazoa_odb10/miniprot_output/translated_proteins/395147at33208.faa
2026-08-20 23:06:25 DEBUG:busco.busco_tools.Toolset	cmd call: hmmsearch --domtblout /work/pi_hputnam_uri_edu/Ptua_genome/Ptua_genome_busco/run_metazoa_odb10/hmmer_output/405257at33208.out --cpu 1 /work/pi_hputnam_uri_edu/lineages/lineages/metazoa_odb10/hmms/405257at33208.hmm /work/pi_hputnam_uri_edu/Ptua_genome/Ptua_genome_busco/run_metazoa_odb10/miniprot_output/translated_proteins/405257at33208.faa
2026-08-20 23:06:25 DEBUG:busco.busco_tools.Toolset	cmd call: hmmsearch --domtblout /work/pi_hputnam_uri_edu/Ptua_genome/Ptua_genome_busco/run_metazoa_odb10/hmmer_output/398013at33208.out --cpu 1 /work/pi_hputnam_uri_edu/lineages/lineages/metazoa_odb10/hmms/398013at33208.hmm /work/pi_hputnam_uri_edu/Ptua_genome/Ptua_genome_busco/run_metazoa_odb10/miniprot_output/translated_proteins/398013at33208.faa
2026-08-20 23:06:25 DEBUG:busco.busco_tools.Toolset	cmd call: hmmsearch --domtblout /work/pi_hputnam_uri_edu/Ptua_genome/Ptua_genome_busco/run_metazoa_odb10/hmmer_output/414571at33208.out --cpu 1 /work/pi_hputnam_uri_edu/lineages/lineages/metazoa_odb10/hmms/414571at33208.hmm /work/pi_hputnam_uri_edu/Ptua_genome/Ptua_genome_busco/run_metazoa_odb10/miniprot_output/translated_proteins/414571at33208.faa
2026-08-20 23:06:25 DEBUG:busco.busco_tools.Toolset	cmd call: hmmsearch --domtblout /work/pi_hputnam_uri_edu/Ptua_genome/Ptua_genome_busco/run_metazoa_odb10/hmmer_output/398202at33208.out --cpu 1 /work/pi_hputnam_uri_edu/lineages/lineages/metazoa_odb10/hmms/398202at33208.hmm /work/pi_hputnam_uri_edu/Ptua_genome/Ptua_genome_busco/run_metazoa_odb10/miniprot_output/translated_proteins/398202at33208.faa
2026-08-20 23:06:25 DEBUG:busco.busco_tools.Toolset	cmd call: hmmsearch --domtblout /work/pi_hputnam_uri_edu/Ptua_genome/Ptua_genome_busco/run_metazoa_odb10/hmmer_output/395183at33208.out --cpu 1 /work/pi_hputnam_uri_edu/lineages/lineages/metazoa_odb10/hmms/395183at33208.hmm /work/pi_hputnam_uri_edu/Ptua_genome/Ptua_genome_busco/run_metazoa_odb10/miniprot_output/translated_proteins/395183at33208.faa
2026-08-20 23:06:26 DEBUG:busco.busco_tools.Toolset	cmd call: hmmsearch --domtblout /work/pi_hputnam_uri_edu/Ptua_genome/Ptua_genome_busco/run_metazoa_odb10/hmmer_output/395556at33208.out --cpu 1 /work/pi_hputnam_uri_edu/lineages/lineages/metazoa_odb10/hmms/395556at33208.hmm /work/pi_hputnam_uri_edu/Ptua_genome/Ptua_genome_busco/run_metazoa_odb10/miniprot_output/translated_proteins/395556at33208.faa
2026-08-20 23:06:26 DEBUG:busco.busco_tools.Toolset	cmd call: hmmsearch --domtblout /work/pi_hputnam_uri_edu/Ptua_genome/Ptua_genome_busco/run_metazoa_odb10/hmmer_output/414579at33208.out --cpu 1 /work/pi_hputnam_uri_edu/lineages/lineages/metazoa_odb10/hmms/414579at33208.hmm /work/pi_hputnam_uri_edu/Ptua_genome/Ptua_genome_busco/run_metazoa_odb10/miniprot_output/translated_proteins/414579at33208.faa
2026-08-20 23:06:26 DEBUG:busco.busco_tools.Toolset	cmd call: hmmsearch --domtblout /work/pi_hputnam_uri_edu/Ptua_genome/Ptua_genome_busco/run_metazoa_odb10/hmmer_output/398607at33208.out --cpu 1 /work/pi_hputnam_uri_edu/lineages/lineages/metazoa_odb10/hmms/398607at33208.hmm /work/pi_hputnam_uri_edu/Ptua_genome/Ptua_genome_busco/run_metazoa_odb10/miniprot_output/translated_proteins/398607at33208.faa
2026-08-20 23:06:26 DEBUG:busco.busco_tools.Toolset	cmd call: hmmsearch --domtblout /work/pi_hputnam_uri_edu/Ptua_genome/Ptua_genome_busco/run_metazoa_odb10/hmmer_output/406927at33208.out --cpu 1 /work/pi_hputnam_uri_edu/lineages/lineages/metazoa_odb10/hmms/406927at33208.hmm /work/pi_hputnam_uri_edu/Ptua_genome/Ptua_genome_busco/run_metazoa_odb10/miniprot_output/translated_proteins/406927at33208.faa
2026-08-20 23:06:26 DEBUG:busco.busco_tools.Toolset	cmd call: hmmsearch --domtblout /work/pi_hputnam_uri_edu/Ptua_genome/Ptua_genome_busco/run_metazoa_odb10/hmmer_output/399092at33208.out --cpu 1 /work/pi_hputnam_uri_edu/lineages/lineages/metazoa_odb10/hmms/399092at33208.hmm /work/pi_hputnam_uri_edu/Ptua_genome/Ptua_genome_busco/run_metazoa_odb10/miniprot_output/translated_proteins/399092at33208.faa
2026-08-20 23:06:26 DEBUG:busco.busco_tools.Toolset	cmd call: hmmsearch --domtblout /work/pi_hputnam_uri_edu/Ptua_genome/Ptua_genome_busco/run_metazoa_odb10/hmmer_output/414603at33208.out --cpu 1 /work/pi_hputnam_uri_edu/lineages/lineages/metazoa_odb10/hmms/414603at33208.hmm /work/pi_hputnam_uri_edu/Ptua_genome/Ptua_genome_busco/run_metazoa_odb10/miniprot_output/translated_proteins/414603at33208.faa
2026-08-20 23:06:26 DEBUG:busco.busco_tools.Toolset	cmd call: hmmsearch --domtblout /work/pi_hputnam_uri_edu/Ptua_genome/Ptua_genome_busco/run_metazoa_odb10/hmmer_output/407472at33208.out --cpu 1 /work/pi_hputnam_uri_edu/lineages/lineages/metazoa_odb10/hmms/407472at33208.hmm /work/pi_hputnam_uri_edu/Ptua_genome/Ptua_genome_busco/run_metazoa_odb10/miniprot_output/translated_proteins/407472at33208.faa
2026-08-20 23:06:26 DEBUG:busco.busco_tools.Toolset	cmd call: hmmsearch --domtblout /work/pi_hputnam_uri_edu/Ptua_genome/Ptua_genome_busco/run_metazoa_odb10/hmmer_output/399439at33208.out --cpu 1 /work/pi_hputnam_uri_edu/lineages/lineages/metazoa_odb10/hmms/399439at33208.hmm /work/pi_hputnam_uri_edu/Ptua_genome/Ptua_genome_busco/run_metazoa_odb10/miniprot_output/translated_proteins/399439at33208.faa
2026-08-20 23:06:27 DEBUG:busco.busco_tools.Toolset	cmd call: hmmsearch --domtblout /work/pi_hputnam_uri_edu/Ptua_genome/Ptua_genome_busco/run_metazoa_odb10/hmmer_output/400042at33208.out --cpu 1 /work/pi_hputnam_uri_edu/lineages/lineages/metazoa_odb10/hmms/400042at33208.hmm /work/pi_hputnam_uri_edu/Ptua_genome/Ptua_genome_busco/run_metazoa_odb10/miniprot_output/translated_proteins/400042at33208.faa
2026-08-20 23:06:27 DEBUG:busco.busco_tools.Toolset	cmd call: hmmsearch --domtblout /work/pi_hputnam_uri_edu/Ptua_genome/Ptua_genome_busco/run_metazoa_odb10/hmmer_output/415618at33208.out --cpu 1 /work/pi_hputnam_uri_edu/lineages/lineages/metazoa_odb10/hmms/415618at33208.hmm /work/pi_hputnam_uri_edu/Ptua_genome/Ptua_genome_busco/run_metazoa_odb10/miniprot_output/translated_proteins/415618at33208.faa
2026-08-20 23:06:27 DEBUG:busco.busco_tools.Toolset	cmd call: hmmsearch --domtblout /work/pi_hputnam_uri_edu/Ptua_genome/Ptua_genome_busco/run_metazoa_odb10/hmmer_output/409006at33208.out --cpu 1 /work/pi_hputnam_uri_edu/lineages/lineages/metazoa_odb10/hmms/409006at33208.hmm /work/pi_hputnam_uri_edu/Ptua_genome/Ptua_genome_busco/run_metazoa_odb10/miniprot_output/translated_proteins/409006at33208.faa
2026-08-20 23:06:27 DEBUG:busco.busco_tools.Toolset	cmd call: hmmsearch --domtblout /work/pi_hputnam_uri_edu/Ptua_genome/Ptua_genome_busco/run_metazoa_odb10/hmmer_output/416175at33208.out --cpu 1 /work/pi_hputnam_uri_edu/lineages/lineages/metazoa_odb10/hmms/416175at33208.hmm /work/pi_hputnam_uri_edu/Ptua_genome/Ptua_genome_busco/run_metazoa_odb10/miniprot_output/translated_proteins/416175at33208.faa
2026-08-20 23:06:27 DEBUG:busco.busco_tools.Toolset	cmd call: hmmsearch --domtblout /work/pi_hputnam_uri_edu/Ptua_genome/Ptua_genome_busco/run_metazoa_odb10/hmmer_output/401196at33208.out --cpu 1 /work/pi_hputnam_uri_edu/lineages/lineages/metazoa_odb10/hmms/401196at33208.hmm /work/pi_hputnam_uri_edu/Ptua_genome/Ptua_genome_busco/run_metazoa_odb10/miniprot_output/translated_proteins/401196at33208.faa
2026-08-20 23:06:27 DEBUG:busco.busco_tools.Toolset	cmd call: hmmsearch --domtblout /work/pi_hputnam_uri_edu/Ptua_genome/Ptua_genome_busco/run_metazoa_odb10/hmmer_output/409186at33208.out --cpu 1 /work/pi_hputnam_uri_edu/lineages/lineages/metazoa_odb10/hmms/409186at33208.hmm /work/pi_hputnam_uri_edu/Ptua_genome/Ptua_genome_busco/run_metazoa_odb10/miniprot_output/translated_proteins/409186at33208.faa
2026-08-20 23:06:27 DEBUG:busco.busco_tools.Toolset	cmd call: hmmsearch --domtblout /work/pi_hputnam_uri_edu/Ptua_genome/Ptua_genome_busco/run_metazoa_odb10/hmmer_output/401220at33208.out --cpu 1 /work/pi_hputnam_uri_edu/lineages/lineages/metazoa_odb10/hmms/401220at33208.hmm /work/pi_hputnam_uri_edu/Ptua_genome/Ptua_genome_busco/run_metazoa_odb10/miniprot_output/translated_proteins/401220at33208.faa
2026-08-20 23:06:27 DEBUG:busco.busco_tools.Toolset	cmd call: hmmsearch --domtblout /work/pi_hputnam_uri_edu/Ptua_genome/Ptua_genome_busco/run_metazoa_odb10/hmmer_output/418979at33208.out --cpu 1 /work/pi_hputnam_uri_edu/lineages/lineages/metazoa_odb10/hmms/418979at33208.hmm /work/pi_hputnam_uri_edu/Ptua_genome/Ptua_genome_busco/run_metazoa_odb10/miniprot_output/translated_proteins/418979at33208.faa
2026-08-20 23:06:27 DEBUG:busco.busco_tools.Toolset	cmd call: hmmsearch --domtblout /work/pi_hputnam_uri_edu/Ptua_genome/Ptua_genome_busco/run_metazoa_odb10/hmmer_output/424569at33208.out --cpu 1 /work/pi_hputnam_uri_edu/lineages/lineages/metazoa_odb10/hmms/424569at33208.hmm /work/pi_hputnam_uri_edu/Ptua_genome/Ptua_genome_busco/run_metazoa_odb10/miniprot_output/translated_proteins/424569at33208.faa
2026-08-20 23:06:27 DEBUG:busco.busco_tools.Toolset	cmd call: hmmsearch --domtblout /work/pi_hputnam_uri_edu/Ptua_genome/Ptua_genome_busco/run_metazoa_odb10/hmmer_output/419502at33208.out --cpu 1 /work/pi_hputnam_uri_edu/lineages/lineages/metazoa_odb10/hmms/419502at33208.hmm /work/pi_hputnam_uri_edu/Ptua_genome/Ptua_genome_busco/run_metazoa_odb10/miniprot_output/translated_proteins/419502at33208.faa
2026-08-20 23:06:28 DEBUG:busco.busco_tools.Toolset	cmd call: hmmsearch --domtblout /work/pi_hputnam_uri_edu/Ptua_genome/Ptua_genome_busco/run_metazoa_odb10/hmmer_output/424646at33208.out --cpu 1 /work/pi_hputnam_uri_edu/lineages/lineages/metazoa_odb10/hmms/424646at33208.hmm /work/pi_hputnam_uri_edu/Ptua_genome/Ptua_genome_busco/run_metazoa_odb10/miniprot_output/translated_proteins/424646at33208.faa
2026-08-20 23:06:28 DEBUG:busco.busco_tools.Toolset	cmd call: hmmsearch --domtblout /work/pi_hputnam_uri_edu/Ptua_genome/Ptua_genome_busco/run_metazoa_odb10/hmmer_output/401679at33208.out --cpu 1 /work/pi_hputnam_uri_edu/lineages/lineages/metazoa_odb10/hmms/401679at33208.hmm /work/pi_hputnam_uri_edu/Ptua_genome/Ptua_genome_busco/run_metazoa_odb10/miniprot_output/translated_proteins/401679at33208.faa
2026-08-20 23:06:28 DEBUG:busco.busco_tools.Toolset	cmd call: hmmsearch --domtblout /work/pi_hputnam_uri_edu/Ptua_genome/Ptua_genome_busco/run_metazoa_odb10/hmmer_output/427349at33208.out --cpu 1 /work/pi_hputnam_uri_edu/lineages/lineages/metazoa_odb10/hmms/427349at33208.hmm /work/pi_hputnam_uri_edu/Ptua_genome/Ptua_genome_busco/run_metazoa_odb10/miniprot_output/translated_proteins/427349at33208.faa
2026-08-20 23:06:28 DEBUG:busco.busco_tools.Toolset	cmd call: hmmsearch --domtblout /work/pi_hputnam_uri_edu/Ptua_genome/Ptua_genome_busco/run_metazoa_odb10/hmmer_output/419914at33208.out --cpu 1 /work/pi_hputnam_uri_edu/lineages/lineages/metazoa_odb10/hmms/419914at33208.hmm /work/pi_hputnam_uri_edu/Ptua_genome/Ptua_genome_busco/run_metazoa_odb10/miniprot_output/translated_proteins/419914at33208.faa
2026-08-20 23:06:28 DEBUG:busco.busco_tools.Toolset	cmd call: hmmsearch --domtblout /work/pi_hputnam_uri_edu/Ptua_genome/Ptua_genome_busco/run_metazoa_odb10/hmmer_output/401779at33208.out --cpu 1 /work/pi_hputnam_uri_edu/lineages/lineages/metazoa_odb10/hmms/401779at33208.hmm /work/pi_hputnam_uri_edu/Ptua_genome/Ptua_genome_busco/run_metazoa_odb10/miniprot_output/translated_proteins/401779at33208.faa
2026-08-20 23:06:29 DEBUG:busco.busco_tools.Toolset	cmd call: hmmsearch --domtblout /work/pi_hputnam_uri_edu/Ptua_genome/Ptua_genome_busco/run_metazoa_odb10/hmmer_output/421396at33208.out --cpu 1 /work/pi_hputnam_uri_edu/lineages/lineages/metazoa_odb10/hmms/421396at33208.hmm /work/pi_hputnam_uri_edu/Ptua_genome/Ptua_genome_busco/run_metazoa_odb10/miniprot_output/translated_proteins/421396at33208.faa
2026-08-20 23:06:29 DEBUG:busco.busco_tools.Toolset	cmd call: hmmsearch --domtblout /work/pi_hputnam_uri_edu/Ptua_genome/Ptua_genome_busco/run_metazoa_odb10/hmmer_output/427789at33208.out --cpu 1 /work/pi_hputnam_uri_edu/lineages/lineages/metazoa_odb10/hmms/427789at33208.hmm /work/pi_hputnam_uri_edu/Ptua_genome/Ptua_genome_busco/run_metazoa_odb10/miniprot_output/translated_proteins/427789at33208.faa
2026-08-20 23:06:29 DEBUG:busco.busco_tools.Toolset	cmd call: hmmsearch --domtblout /work/pi_hputnam_uri_edu/Ptua_genome/Ptua_genome_busco/run_metazoa_odb10/hmmer_output/40200at33208.out --cpu 1 /work/pi_hputnam_uri_edu/lineages/lineages/metazoa_odb10/hmms/40200at33208.hmm /work/pi_hputnam_uri_edu/Ptua_genome/Ptua_genome_busco/run_metazoa_odb10/miniprot_output/translated_proteins/40200at33208.faa
2026-08-20 23:06:29 DEBUG:busco.busco_tools.Toolset	cmd call: hmmsearch --domtblout /work/pi_hputnam_uri_edu/Ptua_genome/Ptua_genome_busco/run_metazoa_odb10/hmmer_output/421685at33208.out --cpu 1 /work/pi_hputnam_uri_edu/lineages/lineages/metazoa_odb10/hmms/421685at33208.hmm /work/pi_hputnam_uri_edu/Ptua_genome/Ptua_genome_busco/run_metazoa_odb10/miniprot_output/translated_proteins/421685at33208.faa
2026-08-20 23:06:29 DEBUG:busco.busco_tools.Toolset	cmd call: hmmsearch --domtblout /work/pi_hputnam_uri_edu/Ptua_genome/Ptua_genome_busco/run_metazoa_odb10/hmmer_output/421732at33208.out --cpu 1 /work/pi_hputnam_uri_edu/lineages/lineages/metazoa_odb10/hmms/421732at33208.hmm /work/pi_hputnam_uri_edu/Ptua_genome/Ptua_genome_busco/run_metazoa_odb10/miniprot_output/translated_proteins/421732at33208.faa
2026-08-20 23:06:30 DEBUG:busco.busco_tools.Toolset	cmd call: hmmsearch --domtblout /work/pi_hputnam_uri_edu/Ptua_genome/Ptua_genome_busco/run_metazoa_odb10/hmmer_output/434068at33208.out --cpu 1 /work/pi_hputnam_uri_edu/lineages/lineages/metazoa_odb10/hmms/434068at33208.hmm /work/pi_hputnam_uri_edu/Ptua_genome/Ptua_genome_busco/run_metazoa_odb10/miniprot_output/translated_proteins/434068at33208.faa
2026-08-20 23:06:30 DEBUG:busco.busco_tools.Toolset	cmd call: hmmsearch --domtblout /work/pi_hputnam_uri_edu/Ptua_genome/Ptua_genome_busco/run_metazoa_odb10/hmmer_output/422158at33208.out --cpu 1 /work/pi_hputnam_uri_edu/lineages/lineages/metazoa_odb10/hmms/422158at33208.hmm /work/pi_hputnam_uri_edu/Ptua_genome/Ptua_genome_busco/run_metazoa_odb10/miniprot_output/translated_proteins/422158at33208.faa
2026-08-20 23:06:30 DEBUG:busco.busco_tools.Toolset	cmd call: hmmsearch --domtblout /work/pi_hputnam_uri_edu/Ptua_genome/Ptua_genome_busco/run_metazoa_odb10/hmmer_output/411515at33208.out --cpu 1 /work/pi_hputnam_uri_edu/lineages/lineages/metazoa_odb10/hmms/411515at33208.hmm /work/pi_hputnam_uri_edu/Ptua_genome/Ptua_genome_busco/run_metazoa_odb10/miniprot_output/translated_proteins/411515at33208.faa
2026-08-20 23:06:30 DEBUG:busco.busco_tools.Toolset	cmd call: hmmsearch --domtblout /work/pi_hputnam_uri_edu/Ptua_genome/Ptua_genome_busco/run_metazoa_odb10/hmmer_output/422751at33208.out --cpu 1 /work/pi_hputnam_uri_edu/lineages/lineages/metazoa_odb10/hmms/422751at33208.hmm /work/pi_hputnam_uri_edu/Ptua_genome/Ptua_genome_busco/run_metazoa_odb10/miniprot_output/translated_proteins/422751at33208.faa
2026-08-20 23:06:31 DEBUG:busco.busco_tools.Toolset	cmd call: hmmsearch --domtblout /work/pi_hputnam_uri_edu/Ptua_genome/Ptua_genome_busco/run_metazoa_odb10/hmmer_output/428202at33208.out --cpu 1 /work/pi_hputnam_uri_edu/lineages/lineages/metazoa_odb10/hmms/428202at33208.hmm /work/pi_hputnam_uri_edu/Ptua_genome/Ptua_genome_busco/run_metazoa_odb10/miniprot_output/translated_proteins/428202at33208.faa
2026-08-20 23:06:31 DEBUG:busco.busco_tools.Toolset	cmd call: hmmsearch --domtblout /work/pi_hputnam_uri_edu/Ptua_genome/Ptua_genome_busco/run_metazoa_odb10/hmmer_output/411664at33208.out --cpu 1 /work/pi_hputnam_uri_edu/lineages/lineages/metazoa_odb10/hmms/411664at33208.hmm /work/pi_hputnam_uri_edu/Ptua_genome/Ptua_genome_busco/run_metazoa_odb10/miniprot_output/translated_proteins/411664at33208.faa
2026-08-20 23:06:31 DEBUG:busco.busco_tools.Toolset	cmd call: hmmsearch --domtblout /work/pi_hputnam_uri_edu/Ptua_genome/Ptua_genome_busco/run_metazoa_odb10/hmmer_output/423799at33208.out --cpu 1 /work/pi_hputnam_uri_edu/lineages/lineages/metazoa_odb10/hmms/423799at33208.hmm /work/pi_hputnam_uri_edu/Ptua_genome/Ptua_genome_busco/run_metazoa_odb10/miniprot_output/translated_proteins/423799at33208.faa
2026-08-20 23:06:31 DEBUG:busco.busco_tools.Toolset	cmd call: hmmsearch --domtblout /work/pi_hputnam_uri_edu/Ptua_genome/Ptua_genome_busco/run_metazoa_odb10/hmmer_output/434863at33208.out --cpu 1 /work/pi_hputnam_uri_edu/lineages/lineages/metazoa_odb10/hmms/434863at33208.hmm /work/pi_hputnam_uri_edu/Ptua_genome/Ptua_genome_busco/run_metazoa_odb10/miniprot_output/translated_proteins/434863at33208.faa
2026-08-20 23:06:31 DEBUG:busco.busco_tools.Toolset	cmd call: hmmsearch --domtblout /work/pi_hputnam_uri_edu/Ptua_genome/Ptua_genome_busco/run_metazoa_odb10/hmmer_output/411755at33208.out --cpu 1 /work/pi_hputnam_uri_edu/lineages/lineages/metazoa_odb10/hmms/411755at33208.hmm /work/pi_hputnam_uri_edu/Ptua_genome/Ptua_genome_busco/run_metazoa_odb10/miniprot_output/translated_proteins/411755at33208.faa
2026-08-20 23:06:31 DEBUG:busco.busco_tools.Toolset	cmd call: hmmsearch --domtblout /work/pi_hputnam_uri_edu/Ptua_genome/Ptua_genome_busco/run_metazoa_odb10/hmmer_output/423848at33208.out --cpu 1 /work/pi_hputnam_uri_edu/lineages/lineages/metazoa_odb10/hmms/423848at33208.hmm /work/pi_hputnam_uri_edu/Ptua_genome/Ptua_genome_busco/run_metazoa_odb10/miniprot_output/translated_proteins/423848at33208.faa
2026-08-20 23:06:31 DEBUG:busco.busco_tools.Toolset	cmd call: hmmsearch --domtblout /work/pi_hputnam_uri_edu/Ptua_genome/Ptua_genome_busco/run_metazoa_odb10/hmmer_output/435253at33208.out --cpu 1 /work/pi_hputnam_uri_edu/lineages/lineages/metazoa_odb10/hmms/435253at33208.hmm /work/pi_hputnam_uri_edu/Ptua_genome/Ptua_genome_busco/run_metazoa_odb10/miniprot_output/translated_proteins/435253at33208.faa
2026-08-20 23:06:31 DEBUG:busco.busco_tools.Toolset	cmd call: hmmsearch --domtblout /work/pi_hputnam_uri_edu/Ptua_genome/Ptua_genome_busco/run_metazoa_odb10/hmmer_output/424392at33208.out --cpu 1 /work/pi_hputnam_uri_edu/lineages/lineages/metazoa_odb10/hmms/424392at33208.hmm /work/pi_hputnam_uri_edu/Ptua_genome/Ptua_genome_busco/run_metazoa_odb10/miniprot_output/translated_proteins/424392at33208.faa
2026-08-20 23:06:31 DEBUG:busco.busco_tools.Toolset	cmd call: hmmsearch --domtblout /work/pi_hputnam_uri_edu/Ptua_genome/Ptua_genome_busco/run_metazoa_odb10/hmmer_output/428754at33208.out --cpu 1 /work/pi_hputnam_uri_edu/lineages/lineages/metazoa_odb10/hmms/428754at33208.hmm /work/pi_hputnam_uri_edu/Ptua_genome/Ptua_genome_busco/run_metazoa_odb10/miniprot_output/translated_proteins/428754at33208.faa
2026-08-20 23:06:31 DEBUG:busco.busco_tools.Toolset	cmd call: hmmsearch --domtblout /work/pi_hputnam_uri_edu/Ptua_genome/Ptua_genome_busco/run_metazoa_odb10/hmmer_output/412370at33208.out --cpu 1 /work/pi_hputnam_uri_edu/lineages/lineages/metazoa_odb10/hmms/412370at33208.hmm /work/pi_hputnam_uri_edu/Ptua_genome/Ptua_genome_busco/run_metazoa_odb10/miniprot_output/translated_proteins/412370at33208.faa
2026-08-20 23:06:32 DEBUG:busco.busco_tools.Toolset	cmd call: hmmsearch --domtblout /work/pi_hputnam_uri_edu/Ptua_genome/Ptua_genome_busco/run_metazoa_odb10/hmmer_output/435678at33208.out --cpu 1 /work/pi_hputnam_uri_edu/lineages/lineages/metazoa_odb10/hmms/435678at33208.hmm /work/pi_hputnam_uri_edu/Ptua_genome/Ptua_genome_busco/run_metazoa_odb10/miniprot_output/translated_proteins/435678at33208.faa
2026-08-20 23:06:32 DEBUG:busco.busco_tools.Toolset	cmd call: hmmsearch --domtblout /work/pi_hputnam_uri_edu/Ptua_genome/Ptua_genome_busco/run_metazoa_odb10/hmmer_output/412542at33208.out --cpu 1 /work/pi_hputnam_uri_edu/lineages/lineages/metazoa_odb10/hmms/412542at33208.hmm /work/pi_hputnam_uri_edu/Ptua_genome/Ptua_genome_busco/run_metazoa_odb10/miniprot_output/translated_proteins/412542at33208.faa
2026-08-20 23:06:32 DEBUG:busco.busco_tools.Toolset	cmd call: hmmsearch --domtblout /work/pi_hputnam_uri_edu/Ptua_genome/Ptua_genome_busco/run_metazoa_odb10/hmmer_output/441575at33208.out --cpu 1 /work/pi_hputnam_uri_edu/lineages/lineages/metazoa_odb10/hmms/441575at33208.hmm /work/pi_hputnam_uri_edu/Ptua_genome/Ptua_genome_busco/run_metazoa_odb10/miniprot_output/translated_proteins/441575at33208.faa
2026-08-20 23:06:33 DEBUG:busco.busco_tools.Toolset	cmd call: hmmsearch --domtblout /work/pi_hputnam_uri_edu/Ptua_genome/Ptua_genome_busco/run_metazoa_odb10/hmmer_output/435921at33208.out --cpu 1 /work/pi_hputnam_uri_edu/lineages/lineages/metazoa_odb10/hmms/435921at33208.hmm /work/pi_hputnam_uri_edu/Ptua_genome/Ptua_genome_busco/run_metazoa_odb10/miniprot_output/translated_proteins/435921at33208.faa
2026-08-20 23:06:33 DEBUG:busco.busco_tools.Toolset	cmd call: hmmsearch --domtblout /work/pi_hputnam_uri_edu/Ptua_genome/Ptua_genome_busco/run_metazoa_odb10/hmmer_output/412930at33208.out --cpu 1 /work/pi_hputnam_uri_edu/lineages/lineages/metazoa_odb10/hmms/412930at33208.hmm /work/pi_hputnam_uri_edu/Ptua_genome/Ptua_genome_busco/run_metazoa_odb10/miniprot_output/translated_proteins/412930at33208.faa
2026-08-20 23:06:33 DEBUG:busco.busco_tools.Toolset	cmd call: hmmsearch --domtblout /work/pi_hputnam_uri_edu/Ptua_genome/Ptua_genome_busco/run_metazoa_odb10/hmmer_output/429011at33208.out --cpu 1 /work/pi_hputnam_uri_edu/lineages/lineages/metazoa_odb10/hmms/429011at33208.hmm /work/pi_hputnam_uri_edu/Ptua_genome/Ptua_genome_busco/run_metazoa_odb10/miniprot_output/translated_proteins/429011at33208.faa
2026-08-20 23:06:33 DEBUG:busco.busco_tools.Toolset	cmd call: hmmsearch --domtblout /work/pi_hputnam_uri_edu/Ptua_genome/Ptua_genome_busco/run_metazoa_odb10/hmmer_output/429274at33208.out --cpu 1 /work/pi_hputnam_uri_edu/lineages/lineages/metazoa_odb10/hmms/429274at33208.hmm /work/pi_hputnam_uri_edu/Ptua_genome/Ptua_genome_busco/run_metazoa_odb10/miniprot_output/translated_proteins/429274at33208.faa
2026-08-20 23:06:33 DEBUG:busco.busco_tools.Toolset	cmd call: hmmsearch --domtblout /work/pi_hputnam_uri_edu/Ptua_genome/Ptua_genome_busco/run_metazoa_odb10/hmmer_output/435939at33208.out --cpu 1 /work/pi_hputnam_uri_edu/lineages/lineages/metazoa_odb10/hmms/435939at33208.hmm /work/pi_hputnam_uri_edu/Ptua_genome/Ptua_genome_busco/run_metazoa_odb10/miniprot_output/translated_proteins/435939at33208.faa
2026-08-20 23:06:33 DEBUG:busco.busco_tools.Toolset	cmd call: hmmsearch --domtblout /work/pi_hputnam_uri_edu/Ptua_genome/Ptua_genome_busco/run_metazoa_odb10/hmmer_output/436007at33208.out --cpu 1 /work/pi_hputnam_uri_edu/lineages/lineages/metazoa_odb10/hmms/436007at33208.hmm /work/pi_hputnam_uri_edu/Ptua_genome/Ptua_genome_busco/run_metazoa_odb10/miniprot_output/translated_proteins/436007at33208.faa
2026-08-20 23:06:33 DEBUG:busco.busco_tools.Toolset	cmd call: hmmsearch --domtblout /work/pi_hputnam_uri_edu/Ptua_genome/Ptua_genome_busco/run_metazoa_odb10/hmmer_output/429751at33208.out --cpu 1 /work/pi_hputnam_uri_edu/lineages/lineages/metazoa_odb10/hmms/429751at33208.hmm /work/pi_hputnam_uri_edu/Ptua_genome/Ptua_genome_busco/run_metazoa_odb10/miniprot_output/translated_proteins/429751at33208.faa
2026-08-20 23:06:33 DEBUG:busco.busco_tools.Toolset	cmd call: hmmsearch --domtblout /work/pi_hputnam_uri_edu/Ptua_genome/Ptua_genome_busco/run_metazoa_odb10/hmmer_output/413334at33208.out --cpu 1 /work/pi_hputnam_uri_edu/lineages/lineages/metazoa_odb10/hmms/413334at33208.hmm /work/pi_hputnam_uri_edu/Ptua_genome/Ptua_genome_busco/run_metazoa_odb10/miniprot_output/translated_proteins/413334at33208.faa
2026-08-20 23:06:33 DEBUG:busco.busco_tools.Toolset	cmd call: hmmsearch --domtblout /work/pi_hputnam_uri_edu/Ptua_genome/Ptua_genome_busco/run_metazoa_odb10/hmmer_output/430701at33208.out --cpu 1 /work/pi_hputnam_uri_edu/lineages/lineages/metazoa_odb10/hmms/430701at33208.hmm /work/pi_hputnam_uri_edu/Ptua_genome/Ptua_genome_busco/run_metazoa_odb10/miniprot_output/translated_proteins/430701at33208.faa
2026-08-20 23:06:33 DEBUG:busco.busco_tools.Toolset	cmd call: hmmsearch --domtblout /work/pi_hputnam_uri_edu/Ptua_genome/Ptua_genome_busco/run_metazoa_odb10/hmmer_output/414001at33208.out --cpu 1 /work/pi_hputnam_uri_edu/lineages/lineages/metazoa_odb10/hmms/414001at33208.hmm /work/pi_hputnam_uri_edu/Ptua_genome/Ptua_genome_busco/run_metazoa_odb10/miniprot_output/translated_proteins/414001at33208.faa
2026-08-20 23:06:34 DEBUG:busco.busco_tools.Toolset	cmd call: hmmsearch --domtblout /work/pi_hputnam_uri_edu/Ptua_genome/Ptua_genome_busco/run_metazoa_odb10/hmmer_output/432050at33208.out --cpu 1 /work/pi_hputnam_uri_edu/lineages/lineages/metazoa_odb10/hmms/432050at33208.hmm /work/pi_hputnam_uri_edu/Ptua_genome/Ptua_genome_busco/run_metazoa_odb10/miniprot_output/translated_proteins/432050at33208.faa
2026-08-20 23:06:34 DEBUG:busco.busco_tools.Toolset	cmd call: hmmsearch --domtblout /work/pi_hputnam_uri_edu/Ptua_genome/Ptua_genome_busco/run_metazoa_odb10/hmmer_output/432155at33208.out --cpu 1 /work/pi_hputnam_uri_edu/lineages/lineages/metazoa_odb10/hmms/432155at33208.hmm /work/pi_hputnam_uri_edu/Ptua_genome/Ptua_genome_busco/run_metazoa_odb10/miniprot_output/translated_proteins/432155at33208.faa
2026-08-20 23:06:34 DEBUG:busco.busco_tools.Toolset	cmd call: hmmsearch --domtblout /work/pi_hputnam_uri_edu/Ptua_genome/Ptua_genome_busco/run_metazoa_odb10/hmmer_output/436098at33208.out --cpu 1 /work/pi_hputnam_uri_edu/lineages/lineages/metazoa_odb10/hmms/436098at33208.hmm /work/pi_hputnam_uri_edu/Ptua_genome/Ptua_genome_busco/run_metazoa_odb10/miniprot_output/translated_proteins/436098at33208.faa
2026-08-20 23:06:34 DEBUG:busco.busco_tools.Toolset	cmd call: hmmsearch --domtblout /work/pi_hputnam_uri_edu/Ptua_genome/Ptua_genome_busco/run_metazoa_odb10/hmmer_output/447400at33208.out --cpu 1 /work/pi_hputnam_uri_edu/lineages/lineages/metazoa_odb10/hmms/447400at33208.hmm /work/pi_hputnam_uri_edu/Ptua_genome/Ptua_genome_busco/run_metazoa_odb10/miniprot_output/translated_proteins/447400at33208.faa
2026-08-20 23:06:34 DEBUG:busco.busco_tools.Toolset	cmd call: hmmsearch --domtblout /work/pi_hputnam_uri_edu/Ptua_genome/Ptua_genome_busco/run_metazoa_odb10/hmmer_output/432287at33208.out --cpu 1 /work/pi_hputnam_uri_edu/lineages/lineages/metazoa_odb10/hmms/432287at33208.hmm /work/pi_hputnam_uri_edu/Ptua_genome/Ptua_genome_busco/run_metazoa_odb10/miniprot_output/translated_proteins/432287at33208.faa
2026-08-20 23:06:34 DEBUG:busco.busco_tools.Toolset	cmd call: hmmsearch --domtblout /work/pi_hputnam_uri_edu/Ptua_genome/Ptua_genome_busco/run_metazoa_odb10/hmmer_output/436539at33208.out --cpu 1 /work/pi_hputnam_uri_edu/lineages/lineages/metazoa_odb10/hmms/436539at33208.hmm /work/pi_hputnam_uri_edu/Ptua_genome/Ptua_genome_busco/run_metazoa_odb10/miniprot_output/translated_proteins/436539at33208.faa
2026-08-20 23:06:34 DEBUG:busco.busco_tools.Toolset	cmd call: hmmsearch --domtblout /work/pi_hputnam_uri_edu/Ptua_genome/Ptua_genome_busco/run_metazoa_odb10/hmmer_output/448196at33208.out --cpu 1 /work/pi_hputnam_uri_edu/lineages/lineages/metazoa_odb10/hmms/448196at33208.hmm /work/pi_hputnam_uri_edu/Ptua_genome/Ptua_genome_busco/run_metazoa_odb10/miniprot_output/translated_proteins/448196at33208.faa
2026-08-20 23:06:35 DEBUG:busco.busco_tools.Toolset	cmd call: hmmsearch --domtblout /work/pi_hputnam_uri_edu/Ptua_genome/Ptua_genome_busco/run_metazoa_odb10/hmmer_output/442169at33208.out --cpu 1 /work/pi_hputnam_uri_edu/lineages/lineages/metazoa_odb10/hmms/442169at33208.hmm /work/pi_hputnam_uri_edu/Ptua_genome/Ptua_genome_busco/run_metazoa_odb10/miniprot_output/translated_proteins/442169at33208.faa
2026-08-20 23:06:35 DEBUG:busco.busco_tools.Toolset	cmd call: hmmsearch --domtblout /work/pi_hputnam_uri_edu/Ptua_genome/Ptua_genome_busco/run_metazoa_odb10/hmmer_output/448514at33208.out --cpu 1 /work/pi_hputnam_uri_edu/lineages/lineages/metazoa_odb10/hmms/448514at33208.hmm /work/pi_hputnam_uri_edu/Ptua_genome/Ptua_genome_busco/run_metazoa_odb10/miniprot_output/translated_proteins/448514at33208.faa
2026-08-20 23:06:35 DEBUG:busco.busco_tools.Toolset	cmd call: hmmsearch --domtblout /work/pi_hputnam_uri_edu/Ptua_genome/Ptua_genome_busco/run_metazoa_odb10/hmmer_output/437653at33208.out --cpu 1 /work/pi_hputnam_uri_edu/lineages/lineages/metazoa_odb10/hmms/437653at33208.hmm /work/pi_hputnam_uri_edu/Ptua_genome/Ptua_genome_busco/run_metazoa_odb10/miniprot_output/translated_proteins/437653at33208.faa
2026-08-20 23:06:35 DEBUG:busco.busco_tools.Toolset	cmd call: hmmsearch --domtblout /work/pi_hputnam_uri_edu/Ptua_genome/Ptua_genome_busco/run_metazoa_odb10/hmmer_output/442203at33208.out --cpu 1 /work/pi_hputnam_uri_edu/lineages/lineages/metazoa_odb10/hmms/442203at33208.hmm /work/pi_hputnam_uri_edu/Ptua_genome/Ptua_genome_busco/run_metazoa_odb10/miniprot_output/translated_proteins/442203at33208.faa
2026-08-20 23:06:35 DEBUG:busco.busco_tools.Toolset	cmd call: hmmsearch --domtblout /work/pi_hputnam_uri_edu/Ptua_genome/Ptua_genome_busco/run_metazoa_odb10/hmmer_output/432522at33208.out --cpu 1 /work/pi_hputnam_uri_edu/lineages/lineages/metazoa_odb10/hmms/432522at33208.hmm /work/pi_hputnam_uri_edu/Ptua_genome/Ptua_genome_busco/run_metazoa_odb10/miniprot_output/translated_proteins/432522at33208.faa
2026-08-20 23:06:35 DEBUG:busco.busco_tools.Toolset	cmd call: hmmsearch --domtblout /work/pi_hputnam_uri_edu/Ptua_genome/Ptua_genome_busco/run_metazoa_odb10/hmmer_output/438133at33208.out --cpu 1 /work/pi_hputnam_uri_edu/lineages/lineages/metazoa_odb10/hmms/438133at33208.hmm /work/pi_hputnam_uri_edu/Ptua_genome/Ptua_genome_busco/run_metazoa_odb10/miniprot_output/translated_proteins/438133at33208.faa
2026-08-20 23:06:35 DEBUG:busco.busco_tools.Toolset	cmd call: hmmsearch --domtblout /work/pi_hputnam_uri_edu/Ptua_genome/Ptua_genome_busco/run_metazoa_odb10/hmmer_output/433216at33208.out --cpu 1 /work/pi_hputnam_uri_edu/lineages/lineages/metazoa_odb10/hmms/433216at33208.hmm /work/pi_hputnam_uri_edu/Ptua_genome/Ptua_genome_busco/run_metazoa_odb10/miniprot_output/translated_proteins/433216at33208.faa
2026-08-20 23:06:35 DEBUG:busco.busco_tools.Toolset	cmd call: hmmsearch --domtblout /work/pi_hputnam_uri_edu/Ptua_genome/Ptua_genome_busco/run_metazoa_odb10/hmmer_output/449056at33208.out --cpu 1 /work/pi_hputnam_uri_edu/lineages/lineages/metazoa_odb10/hmms/449056at33208.hmm /work/pi_hputnam_uri_edu/Ptua_genome/Ptua_genome_busco/run_metazoa_odb10/miniprot_output/translated_proteins/449056at33208.faa
2026-08-20 23:06:35 INFO:busco.busco_tools.Toolset	[hmmsearch]	382 of 954 task(s) completed
2026-08-20 23:06:35 DEBUG:busco.busco_tools.Toolset	cmd call: hmmsearch --domtblout /work/pi_hputnam_uri_edu/Ptua_genome/Ptua_genome_busco/run_metazoa_odb10/hmmer_output/438433at33208.out --cpu 1 /work/pi_hputnam_uri_edu/lineages/lineages/metazoa_odb10/hmms/438433at33208.hmm /work/pi_hputnam_uri_edu/Ptua_genome/Ptua_genome_busco/run_metazoa_odb10/miniprot_output/translated_proteins/438433at33208.faa
2026-08-20 23:06:35 DEBUG:busco.busco_tools.Toolset	cmd call: hmmsearch --domtblout /work/pi_hputnam_uri_edu/Ptua_genome/Ptua_genome_busco/run_metazoa_odb10/hmmer_output/449139at33208.out --cpu 1 /work/pi_hputnam_uri_edu/lineages/lineages/metazoa_odb10/hmms/449139at33208.hmm /work/pi_hputnam_uri_edu/Ptua_genome/Ptua_genome_busco/run_metazoa_odb10/miniprot_output/translated_proteins/449139at33208.faa
2026-08-20 23:06:36 DEBUG:busco.busco_tools.Toolset	cmd call: hmmsearch --domtblout /work/pi_hputnam_uri_edu/Ptua_genome/Ptua_genome_busco/run_metazoa_odb10/hmmer_output/442823at33208.out --cpu 1 /work/pi_hputnam_uri_edu/lineages/lineages/metazoa_odb10/hmms/442823at33208.hmm /work/pi_hputnam_uri_edu/Ptua_genome/Ptua_genome_busco/run_metazoa_odb10/miniprot_output/translated_proteins/442823at33208.faa
2026-08-20 23:06:36 DEBUG:busco.busco_tools.Toolset	cmd call: hmmsearch --domtblout /work/pi_hputnam_uri_edu/Ptua_genome/Ptua_genome_busco/run_metazoa_odb10/hmmer_output/453687at33208.out --cpu 1 /work/pi_hputnam_uri_edu/lineages/lineages/metazoa_odb10/hmms/453687at33208.hmm /work/pi_hputnam_uri_edu/Ptua_genome/Ptua_genome_busco/run_metazoa_odb10/miniprot_output/translated_proteins/453687at33208.faa
2026-08-20 23:06:36 DEBUG:busco.busco_tools.Toolset	cmd call: hmmsearch --domtblout /work/pi_hputnam_uri_edu/Ptua_genome/Ptua_genome_busco/run_metazoa_odb10/hmmer_output/438453at33208.out --cpu 1 /work/pi_hputnam_uri_edu/lineages/lineages/metazoa_odb10/hmms/438453at33208.hmm /work/pi_hputnam_uri_edu/Ptua_genome/Ptua_genome_busco/run_metazoa_odb10/miniprot_output/translated_proteins/438453at33208.faa
2026-08-20 23:06:36 DEBUG:busco.busco_tools.Toolset	cmd call: hmmsearch --domtblout /work/pi_hputnam_uri_edu/Ptua_genome/Ptua_genome_busco/run_metazoa_odb10/hmmer_output/433606at33208.out --cpu 1 /work/pi_hputnam_uri_edu/lineages/lineages/metazoa_odb10/hmms/433606at33208.hmm /work/pi_hputnam_uri_edu/Ptua_genome/Ptua_genome_busco/run_metazoa_odb10/miniprot_output/translated_proteins/433606at33208.faa
2026-08-20 23:06:36 DEBUG:busco.busco_tools.Toolset	cmd call: hmmsearch --domtblout /work/pi_hputnam_uri_edu/Ptua_genome/Ptua_genome_busco/run_metazoa_odb10/hmmer_output/449189at33208.out --cpu 1 /work/pi_hputnam_uri_edu/lineages/lineages/metazoa_odb10/hmms/449189at33208.hmm /work/pi_hputnam_uri_edu/Ptua_genome/Ptua_genome_busco/run_metazoa_odb10/miniprot_output/translated_proteins/449189at33208.faa
2026-08-20 23:06:36 DEBUG:busco.busco_tools.Toolset	cmd call: hmmsearch --domtblout /work/pi_hputnam_uri_edu/Ptua_genome/Ptua_genome_busco/run_metazoa_odb10/hmmer_output/454911at33208.out --cpu 1 /work/pi_hputnam_uri_edu/lineages/lineages/metazoa_odb10/hmms/454911at33208.hmm /work/pi_hputnam_uri_edu/Ptua_genome/Ptua_genome_busco/run_metazoa_odb10/miniprot_output/translated_proteins/454911at33208.faa
2026-08-20 23:06:36 DEBUG:busco.busco_tools.Toolset	cmd call: hmmsearch --domtblout /work/pi_hputnam_uri_edu/Ptua_genome/Ptua_genome_busco/run_metazoa_odb10/hmmer_output/443305at33208.out --cpu 1 /work/pi_hputnam_uri_edu/lineages/lineages/metazoa_odb10/hmms/443305at33208.hmm /work/pi_hputnam_uri_edu/Ptua_genome/Ptua_genome_busco/run_metazoa_odb10/miniprot_output/translated_proteins/443305at33208.faa
2026-08-20 23:06:36 DEBUG:busco.busco_tools.Toolset	cmd call: hmmsearch --domtblout /work/pi_hputnam_uri_edu/Ptua_genome/Ptua_genome_busco/run_metazoa_odb10/hmmer_output/439736at33208.out --cpu 1 /work/pi_hputnam_uri_edu/lineages/lineages/metazoa_odb10/hmms/439736at33208.hmm /work/pi_hputnam_uri_edu/Ptua_genome/Ptua_genome_busco/run_metazoa_odb10/miniprot_output/translated_proteins/439736at33208.faa
2026-08-20 23:06:37 DEBUG:busco.busco_tools.Toolset	cmd call: hmmsearch --domtblout /work/pi_hputnam_uri_edu/Ptua_genome/Ptua_genome_busco/run_metazoa_odb10/hmmer_output/443518at33208.out --cpu 1 /work/pi_hputnam_uri_edu/lineages/lineages/metazoa_odb10/hmms/443518at33208.hmm /work/pi_hputnam_uri_edu/Ptua_genome/Ptua_genome_busco/run_metazoa_odb10/miniprot_output/translated_proteins/443518at33208.faa
2026-08-20 23:06:37 DEBUG:busco.busco_tools.Toolset	cmd call: hmmsearch --domtblout /work/pi_hputnam_uri_edu/Ptua_genome/Ptua_genome_busco/run_metazoa_odb10/hmmer_output/450643at33208.out --cpu 1 /work/pi_hputnam_uri_edu/lineages/lineages/metazoa_odb10/hmms/450643at33208.hmm /work/pi_hputnam_uri_edu/Ptua_genome/Ptua_genome_busco/run_metazoa_odb10/miniprot_output/translated_proteins/450643at33208.faa
2026-08-20 23:06:37 DEBUG:busco.busco_tools.Toolset	cmd call: hmmsearch --domtblout /work/pi_hputnam_uri_edu/Ptua_genome/Ptua_genome_busco/run_metazoa_odb10/hmmer_output/440195at33208.out --cpu 1 /work/pi_hputnam_uri_edu/lineages/lineages/metazoa_odb10/hmms/440195at33208.hmm /work/pi_hputnam_uri_edu/Ptua_genome/Ptua_genome_busco/run_metazoa_odb10/miniprot_output/translated_proteins/440195at33208.faa
2026-08-20 23:06:37 DEBUG:busco.busco_tools.Toolset	cmd call: hmmsearch --domtblout /work/pi_hputnam_uri_edu/Ptua_genome/Ptua_genome_busco/run_metazoa_odb10/hmmer_output/443659at33208.out --cpu 1 /work/pi_hputnam_uri_edu/lineages/lineages/metazoa_odb10/hmms/443659at33208.hmm /work/pi_hputnam_uri_edu/Ptua_genome/Ptua_genome_busco/run_metazoa_odb10/miniprot_output/translated_proteins/443659at33208.faa
2026-08-20 23:06:37 DEBUG:busco.busco_tools.Toolset	cmd call: hmmsearch --domtblout /work/pi_hputnam_uri_edu/Ptua_genome/Ptua_genome_busco/run_metazoa_odb10/hmmer_output/450785at33208.out --cpu 1 /work/pi_hputnam_uri_edu/lineages/lineages/metazoa_odb10/hmms/450785at33208.hmm /work/pi_hputnam_uri_edu/Ptua_genome/Ptua_genome_busco/run_metazoa_odb10/miniprot_output/translated_proteins/450785at33208.faa
2026-08-20 23:06:37 DEBUG:busco.busco_tools.Toolset	cmd call: hmmsearch --domtblout /work/pi_hputnam_uri_edu/Ptua_genome/Ptua_genome_busco/run_metazoa_odb10/hmmer_output/443928at33208.out --cpu 1 /work/pi_hputnam_uri_edu/lineages/lineages/metazoa_odb10/hmms/443928at33208.hmm /work/pi_hputnam_uri_edu/Ptua_genome/Ptua_genome_busco/run_metazoa_odb10/miniprot_output/translated_proteins/443928at33208.faa
2026-08-20 23:06:37 DEBUG:busco.busco_tools.Toolset	cmd call: hmmsearch --domtblout /work/pi_hputnam_uri_edu/Ptua_genome/Ptua_genome_busco/run_metazoa_odb10/hmmer_output/451242at33208.out --cpu 1 /work/pi_hputnam_uri_edu/lineages/lineages/metazoa_odb10/hmms/451242at33208.hmm /work/pi_hputnam_uri_edu/Ptua_genome/Ptua_genome_busco/run_metazoa_odb10/miniprot_output/translated_proteins/451242at33208.faa
2026-08-20 23:06:37 DEBUG:busco.busco_tools.Toolset	cmd call: hmmsearch --domtblout /work/pi_hputnam_uri_edu/Ptua_genome/Ptua_genome_busco/run_metazoa_odb10/hmmer_output/440493at33208.out --cpu 1 /work/pi_hputnam_uri_edu/lineages/lineages/metazoa_odb10/hmms/440493at33208.hmm /work/pi_hputnam_uri_edu/Ptua_genome/Ptua_genome_busco/run_metazoa_odb10/miniprot_output/translated_proteins/440493at33208.faa
2026-08-20 23:06:38 DEBUG:busco.busco_tools.Toolset	cmd call: hmmsearch --domtblout /work/pi_hputnam_uri_edu/Ptua_genome/Ptua_genome_busco/run_metazoa_odb10/hmmer_output/455512at33208.out --cpu 1 /work/pi_hputnam_uri_edu/lineages/lineages/metazoa_odb10/hmms/455512at33208.hmm /work/pi_hputnam_uri_edu/Ptua_genome/Ptua_genome_busco/run_metazoa_odb10/miniprot_output/translated_proteins/455512at33208.faa
2026-08-20 23:06:38 DEBUG:busco.busco_tools.Toolset	cmd call: hmmsearch --domtblout /work/pi_hputnam_uri_edu/Ptua_genome/Ptua_genome_busco/run_metazoa_odb10/hmmer_output/451957at33208.out --cpu 1 /work/pi_hputnam_uri_edu/lineages/lineages/metazoa_odb10/hmms/451957at33208.hmm /work/pi_hputnam_uri_edu/Ptua_genome/Ptua_genome_busco/run_metazoa_odb10/miniprot_output/translated_proteins/451957at33208.faa
2026-08-20 23:06:38 DEBUG:busco.busco_tools.Toolset	cmd call: hmmsearch --domtblout /work/pi_hputnam_uri_edu/Ptua_genome/Ptua_genome_busco/run_metazoa_odb10/hmmer_output/444160at33208.out --cpu 1 /work/pi_hputnam_uri_edu/lineages/lineages/metazoa_odb10/hmms/444160at33208.hmm /work/pi_hputnam_uri_edu/Ptua_genome/Ptua_genome_busco/run_metazoa_odb10/miniprot_output/translated_proteins/444160at33208.faa
2026-08-20 23:06:38 DEBUG:busco.busco_tools.Toolset	cmd call: hmmsearch --domtblout /work/pi_hputnam_uri_edu/Ptua_genome/Ptua_genome_busco/run_metazoa_odb10/hmmer_output/462897at33208.out --cpu 1 /work/pi_hputnam_uri_edu/lineages/lineages/metazoa_odb10/hmms/462897at33208.hmm /work/pi_hputnam_uri_edu/Ptua_genome/Ptua_genome_busco/run_metazoa_odb10/miniprot_output/translated_proteins/462897at33208.faa
2026-08-20 23:06:38 DEBUG:busco.busco_tools.Toolset	cmd call: hmmsearch --domtblout /work/pi_hputnam_uri_edu/Ptua_genome/Ptua_genome_busco/run_metazoa_odb10/hmmer_output/452208at33208.out --cpu 1 /work/pi_hputnam_uri_edu/lineages/lineages/metazoa_odb10/hmms/452208at33208.hmm /work/pi_hputnam_uri_edu/Ptua_genome/Ptua_genome_busco/run_metazoa_odb10/miniprot_output/translated_proteins/452208at33208.faa
2026-08-20 23:06:38 DEBUG:busco.busco_tools.Toolset	cmd call: hmmsearch --domtblout /work/pi_hputnam_uri_edu/Ptua_genome/Ptua_genome_busco/run_metazoa_odb10/hmmer_output/455941at33208.out --cpu 1 /work/pi_hputnam_uri_edu/lineages/lineages/metazoa_odb10/hmms/455941at33208.hmm /work/pi_hputnam_uri_edu/Ptua_genome/Ptua_genome_busco/run_metazoa_odb10/miniprot_output/translated_proteins/455941at33208.faa
2026-08-20 23:06:38 DEBUG:busco.busco_tools.Toolset	cmd call: hmmsearch --domtblout /work/pi_hputnam_uri_edu/Ptua_genome/Ptua_genome_busco/run_metazoa_odb10/hmmer_output/444231at33208.out --cpu 1 /work/pi_hputnam_uri_edu/lineages/lineages/metazoa_odb10/hmms/444231at33208.hmm /work/pi_hputnam_uri_edu/Ptua_genome/Ptua_genome_busco/run_metazoa_odb10/miniprot_output/translated_proteins/444231at33208.faa
2026-08-20 23:06:39 DEBUG:busco.busco_tools.Toolset	cmd call: hmmsearch --domtblout /work/pi_hputnam_uri_edu/Ptua_genome/Ptua_genome_busco/run_metazoa_odb10/hmmer_output/456998at33208.out --cpu 1 /work/pi_hputnam_uri_edu/lineages/lineages/metazoa_odb10/hmms/456998at33208.hmm /work/pi_hputnam_uri_edu/Ptua_genome/Ptua_genome_busco/run_metazoa_odb10/miniprot_output/translated_proteins/456998at33208.faa
2026-08-20 23:06:39 DEBUG:busco.busco_tools.Toolset	cmd call: hmmsearch --domtblout /work/pi_hputnam_uri_edu/Ptua_genome/Ptua_genome_busco/run_metazoa_odb10/hmmer_output/445031at33208.out --cpu 1 /work/pi_hputnam_uri_edu/lineages/lineages/metazoa_odb10/hmms/445031at33208.hmm /work/pi_hputnam_uri_edu/Ptua_genome/Ptua_genome_busco/run_metazoa_odb10/miniprot_output/translated_proteins/445031at33208.faa
2026-08-20 23:06:39 DEBUG:busco.busco_tools.Toolset	cmd call: hmmsearch --domtblout /work/pi_hputnam_uri_edu/Ptua_genome/Ptua_genome_busco/run_metazoa_odb10/hmmer_output/452499at33208.out --cpu 1 /work/pi_hputnam_uri_edu/lineages/lineages/metazoa_odb10/hmms/452499at33208.hmm /work/pi_hputnam_uri_edu/Ptua_genome/Ptua_genome_busco/run_metazoa_odb10/miniprot_output/translated_proteins/452499at33208.faa
2026-08-20 23:06:39 DEBUG:busco.busco_tools.Toolset	cmd call: hmmsearch --domtblout /work/pi_hputnam_uri_edu/Ptua_genome/Ptua_genome_busco/run_metazoa_odb10/hmmer_output/463071at33208.out --cpu 1 /work/pi_hputnam_uri_edu/lineages/lineages/metazoa_odb10/hmms/463071at33208.hmm /work/pi_hputnam_uri_edu/Ptua_genome/Ptua_genome_busco/run_metazoa_odb10/miniprot_output/translated_proteins/463071at33208.faa
2026-08-20 23:06:39 DEBUG:busco.busco_tools.Toolset	cmd call: hmmsearch --domtblout /work/pi_hputnam_uri_edu/Ptua_genome/Ptua_genome_busco/run_metazoa_odb10/hmmer_output/445034at33208.out --cpu 1 /work/pi_hputnam_uri_edu/lineages/lineages/metazoa_odb10/hmms/445034at33208.hmm /work/pi_hputnam_uri_edu/Ptua_genome/Ptua_genome_busco/run_metazoa_odb10/miniprot_output/translated_proteins/445034at33208.faa
2026-08-20 23:06:39 DEBUG:busco.busco_tools.Toolset	cmd call: hmmsearch --domtblout /work/pi_hputnam_uri_edu/Ptua_genome/Ptua_genome_busco/run_metazoa_odb10/hmmer_output/457777at33208.out --cpu 1 /work/pi_hputnam_uri_edu/lineages/lineages/metazoa_odb10/hmms/457777at33208.hmm /work/pi_hputnam_uri_edu/Ptua_genome/Ptua_genome_busco/run_metazoa_odb10/miniprot_output/translated_proteins/457777at33208.faa
2026-08-20 23:06:39 DEBUG:busco.busco_tools.Toolset	cmd call: hmmsearch --domtblout /work/pi_hputnam_uri_edu/Ptua_genome/Ptua_genome_busco/run_metazoa_odb10/hmmer_output/445091at33208.out --cpu 1 /work/pi_hputnam_uri_edu/lineages/lineages/metazoa_odb10/hmms/445091at33208.hmm /work/pi_hputnam_uri_edu/Ptua_genome/Ptua_genome_busco/run_metazoa_odb10/miniprot_output/translated_proteins/445091at33208.faa
2026-08-20 23:06:39 DEBUG:busco.busco_tools.Toolset	cmd call: hmmsearch --domtblout /work/pi_hputnam_uri_edu/Ptua_genome/Ptua_genome_busco/run_metazoa_odb10/hmmer_output/446000at33208.out --cpu 1 /work/pi_hputnam_uri_edu/lineages/lineages/metazoa_odb10/hmms/446000at33208.hmm /work/pi_hputnam_uri_edu/Ptua_genome/Ptua_genome_busco/run_metazoa_odb10/miniprot_output/translated_proteins/446000at33208.faa
2026-08-20 23:06:39 DEBUG:busco.busco_tools.Toolset	cmd call: hmmsearch --domtblout /work/pi_hputnam_uri_edu/Ptua_genome/Ptua_genome_busco/run_metazoa_odb10/hmmer_output/452574at33208.out --cpu 1 /work/pi_hputnam_uri_edu/lineages/lineages/metazoa_odb10/hmms/452574at33208.hmm /work/pi_hputnam_uri_edu/Ptua_genome/Ptua_genome_busco/run_metazoa_odb10/miniprot_output/translated_proteins/452574at33208.faa
2026-08-20 23:06:39 DEBUG:busco.busco_tools.Toolset	cmd call: hmmsearch --domtblout /work/pi_hputnam_uri_edu/Ptua_genome/Ptua_genome_busco/run_metazoa_odb10/hmmer_output/464204at33208.out --cpu 1 /work/pi_hputnam_uri_edu/lineages/lineages/metazoa_odb10/hmms/464204at33208.hmm /work/pi_hputnam_uri_edu/Ptua_genome/Ptua_genome_busco/run_metazoa_odb10/miniprot_output/translated_proteins/464204at33208.faa
2026-08-20 23:06:39 DEBUG:busco.busco_tools.Toolset	cmd call: hmmsearch --domtblout /work/pi_hputnam_uri_edu/Ptua_genome/Ptua_genome_busco/run_metazoa_odb10/hmmer_output/446031at33208.out --cpu 1 /work/pi_hputnam_uri_edu/lineages/lineages/metazoa_odb10/hmms/446031at33208.hmm /work/pi_hputnam_uri_edu/Ptua_genome/Ptua_genome_busco/run_metazoa_odb10/miniprot_output/translated_proteins/446031at33208.faa
2026-08-20 23:06:39 DEBUG:busco.busco_tools.Toolset	cmd call: hmmsearch --domtblout /work/pi_hputnam_uri_edu/Ptua_genome/Ptua_genome_busco/run_metazoa_odb10/hmmer_output/458807at33208.out --cpu 1 /work/pi_hputnam_uri_edu/lineages/lineages/metazoa_odb10/hmms/458807at33208.hmm /work/pi_hputnam_uri_edu/Ptua_genome/Ptua_genome_busco/run_metazoa_odb10/miniprot_output/translated_proteins/458807at33208.faa
2026-08-20 23:06:40 DEBUG:busco.busco_tools.Toolset	cmd call: hmmsearch --domtblout /work/pi_hputnam_uri_edu/Ptua_genome/Ptua_genome_busco/run_metazoa_odb10/hmmer_output/464243at33208.out --cpu 1 /work/pi_hputnam_uri_edu/lineages/lineages/metazoa_odb10/hmms/464243at33208.hmm /work/pi_hputnam_uri_edu/Ptua_genome/Ptua_genome_busco/run_metazoa_odb10/miniprot_output/translated_proteins/464243at33208.faa
2026-08-20 23:06:40 DEBUG:busco.busco_tools.Toolset	cmd call: hmmsearch --domtblout /work/pi_hputnam_uri_edu/Ptua_genome/Ptua_genome_busco/run_metazoa_odb10/hmmer_output/458974at33208.out --cpu 1 /work/pi_hputnam_uri_edu/lineages/lineages/metazoa_odb10/hmms/458974at33208.hmm /work/pi_hputnam_uri_edu/Ptua_genome/Ptua_genome_busco/run_metazoa_odb10/miniprot_output/translated_proteins/458974at33208.faa
2026-08-20 23:06:40 DEBUG:busco.busco_tools.Toolset	cmd call: hmmsearch --domtblout /work/pi_hputnam_uri_edu/Ptua_genome/Ptua_genome_busco/run_metazoa_odb10/hmmer_output/464286at33208.out --cpu 1 /work/pi_hputnam_uri_edu/lineages/lineages/metazoa_odb10/hmms/464286at33208.hmm /work/pi_hputnam_uri_edu/Ptua_genome/Ptua_genome_busco/run_metazoa_odb10/miniprot_output/translated_proteins/464286at33208.faa
2026-08-20 23:06:40 DEBUG:busco.busco_tools.Toolset	cmd call: hmmsearch --domtblout /work/pi_hputnam_uri_edu/Ptua_genome/Ptua_genome_busco/run_metazoa_odb10/hmmer_output/467142at33208.out --cpu 1 /work/pi_hputnam_uri_edu/lineages/lineages/metazoa_odb10/hmms/467142at33208.hmm /work/pi_hputnam_uri_edu/Ptua_genome/Ptua_genome_busco/run_metazoa_odb10/miniprot_output/translated_proteins/467142at33208.faa
2026-08-20 23:06:40 DEBUG:busco.busco_tools.Toolset	cmd call: hmmsearch --domtblout /work/pi_hputnam_uri_edu/Ptua_genome/Ptua_genome_busco/run_metazoa_odb10/hmmer_output/447320at33208.out --cpu 1 /work/pi_hputnam_uri_edu/lineages/lineages/metazoa_odb10/hmms/447320at33208.hmm /work/pi_hputnam_uri_edu/Ptua_genome/Ptua_genome_busco/run_metazoa_odb10/miniprot_output/translated_proteins/447320at33208.faa
2026-08-20 23:06:40 DEBUG:busco.busco_tools.Toolset	cmd call: hmmsearch --domtblout /work/pi_hputnam_uri_edu/Ptua_genome/Ptua_genome_busco/run_metazoa_odb10/hmmer_output/458988at33208.out --cpu 1 /work/pi_hputnam_uri_edu/lineages/lineages/metazoa_odb10/hmms/458988at33208.hmm /work/pi_hputnam_uri_edu/Ptua_genome/Ptua_genome_busco/run_metazoa_odb10/miniprot_output/translated_proteins/458988at33208.faa
2026-08-20 23:06:40 DEBUG:busco.busco_tools.Toolset	cmd call: hmmsearch --domtblout /work/pi_hputnam_uri_edu/Ptua_genome/Ptua_genome_busco/run_metazoa_odb10/hmmer_output/453049at33208.out --cpu 1 /work/pi_hputnam_uri_edu/lineages/lineages/metazoa_odb10/hmms/453049at33208.hmm /work/pi_hputnam_uri_edu/Ptua_genome/Ptua_genome_busco/run_metazoa_odb10/miniprot_output/translated_proteins/453049at33208.faa
2026-08-20 23:06:40 DEBUG:busco.busco_tools.Toolset	cmd call: hmmsearch --domtblout /work/pi_hputnam_uri_edu/Ptua_genome/Ptua_genome_busco/run_metazoa_odb10/hmmer_output/464312at33208.out --cpu 1 /work/pi_hputnam_uri_edu/lineages/lineages/metazoa_odb10/hmms/464312at33208.hmm /work/pi_hputnam_uri_edu/Ptua_genome/Ptua_genome_busco/run_metazoa_odb10/miniprot_output/translated_proteins/464312at33208.faa
2026-08-20 23:06:40 DEBUG:busco.busco_tools.Toolset	cmd call: hmmsearch --domtblout /work/pi_hputnam_uri_edu/Ptua_genome/Ptua_genome_busco/run_metazoa_odb10/hmmer_output/467744at33208.out --cpu 1 /work/pi_hputnam_uri_edu/lineages/lineages/metazoa_odb10/hmms/467744at33208.hmm /work/pi_hputnam_uri_edu/Ptua_genome/Ptua_genome_busco/run_metazoa_odb10/miniprot_output/translated_proteins/467744at33208.faa
2026-08-20 23:06:41 DEBUG:busco.busco_tools.Toolset	cmd call: hmmsearch --domtblout /work/pi_hputnam_uri_edu/Ptua_genome/Ptua_genome_busco/run_metazoa_odb10/hmmer_output/453052at33208.out --cpu 1 /work/pi_hputnam_uri_edu/lineages/lineages/metazoa_odb10/hmms/453052at33208.hmm /work/pi_hputnam_uri_edu/Ptua_genome/Ptua_genome_busco/run_metazoa_odb10/miniprot_output/translated_proteins/453052at33208.faa
2026-08-20 23:06:41 DEBUG:busco.busco_tools.Toolset	cmd call: hmmsearch --domtblout /work/pi_hputnam_uri_edu/Ptua_genome/Ptua_genome_busco/run_metazoa_odb10/hmmer_output/468248at33208.out --cpu 1 /work/pi_hputnam_uri_edu/lineages/lineages/metazoa_odb10/hmms/468248at33208.hmm /work/pi_hputnam_uri_edu/Ptua_genome/Ptua_genome_busco/run_metazoa_odb10/miniprot_output/translated_proteins/468248at33208.faa
2026-08-20 23:06:41 DEBUG:busco.busco_tools.Toolset	cmd call: hmmsearch --domtblout /work/pi_hputnam_uri_edu/Ptua_genome/Ptua_genome_busco/run_metazoa_odb10/hmmer_output/464987at33208.out --cpu 1 /work/pi_hputnam_uri_edu/lineages/lineages/metazoa_odb10/hmms/464987at33208.hmm /work/pi_hputnam_uri_edu/Ptua_genome/Ptua_genome_busco/run_metazoa_odb10/miniprot_output/translated_proteins/464987at33208.faa
2026-08-20 23:06:41 DEBUG:busco.busco_tools.Toolset	cmd call: hmmsearch --domtblout /work/pi_hputnam_uri_edu/Ptua_genome/Ptua_genome_busco/run_metazoa_odb10/hmmer_output/459253at33208.out --cpu 1 /work/pi_hputnam_uri_edu/lineages/lineages/metazoa_odb10/hmms/459253at33208.hmm /work/pi_hputnam_uri_edu/Ptua_genome/Ptua_genome_busco/run_metazoa_odb10/miniprot_output/translated_proteins/459253at33208.faa
2026-08-20 23:06:41 DEBUG:busco.busco_tools.Toolset	cmd call: hmmsearch --domtblout /work/pi_hputnam_uri_edu/Ptua_genome/Ptua_genome_busco/run_metazoa_odb10/hmmer_output/465092at33208.out --cpu 1 /work/pi_hputnam_uri_edu/lineages/lineages/metazoa_odb10/hmms/465092at33208.hmm /work/pi_hputnam_uri_edu/Ptua_genome/Ptua_genome_busco/run_metazoa_odb10/miniprot_output/translated_proteins/465092at33208.faa
2026-08-20 23:06:42 DEBUG:busco.busco_tools.Toolset	cmd call: hmmsearch --domtblout /work/pi_hputnam_uri_edu/Ptua_genome/Ptua_genome_busco/run_metazoa_odb10/hmmer_output/453056at33208.out --cpu 1 /work/pi_hputnam_uri_edu/lineages/lineages/metazoa_odb10/hmms/453056at33208.hmm /work/pi_hputnam_uri_edu/Ptua_genome/Ptua_genome_busco/run_metazoa_odb10/miniprot_output/translated_proteins/453056at33208.faa
2026-08-20 23:06:42 DEBUG:busco.busco_tools.Toolset	cmd call: hmmsearch --domtblout /work/pi_hputnam_uri_edu/Ptua_genome/Ptua_genome_busco/run_metazoa_odb10/hmmer_output/45934at33208.out --cpu 1 /work/pi_hputnam_uri_edu/lineages/lineages/metazoa_odb10/hmms/45934at33208.hmm /work/pi_hputnam_uri_edu/Ptua_genome/Ptua_genome_busco/run_metazoa_odb10/miniprot_output/translated_proteins/45934at33208.faa
2026-08-20 23:06:42 DEBUG:busco.busco_tools.Toolset	cmd call: hmmsearch --domtblout /work/pi_hputnam_uri_edu/Ptua_genome/Ptua_genome_busco/run_metazoa_odb10/hmmer_output/465401at33208.out --cpu 1 /work/pi_hputnam_uri_edu/lineages/lineages/metazoa_odb10/hmms/465401at33208.hmm /work/pi_hputnam_uri_edu/Ptua_genome/Ptua_genome_busco/run_metazoa_odb10/miniprot_output/translated_proteins/465401at33208.faa
2026-08-20 23:06:42 DEBUG:busco.busco_tools.Toolset	cmd call: hmmsearch --domtblout /work/pi_hputnam_uri_edu/Ptua_genome/Ptua_genome_busco/run_metazoa_odb10/hmmer_output/468359at33208.out --cpu 1 /work/pi_hputnam_uri_edu/lineages/lineages/metazoa_odb10/hmms/468359at33208.hmm /work/pi_hputnam_uri_edu/Ptua_genome/Ptua_genome_busco/run_metazoa_odb10/miniprot_output/translated_proteins/468359at33208.faa
2026-08-20 23:06:42 DEBUG:busco.busco_tools.Toolset	cmd call: hmmsearch --domtblout /work/pi_hputnam_uri_edu/Ptua_genome/Ptua_genome_busco/run_metazoa_odb10/hmmer_output/465512at33208.out --cpu 1 /work/pi_hputnam_uri_edu/lineages/lineages/metazoa_odb10/hmms/465512at33208.hmm /work/pi_hputnam_uri_edu/Ptua_genome/Ptua_genome_busco/run_metazoa_odb10/miniprot_output/translated_proteins/465512at33208.faa
2026-08-20 23:06:42 DEBUG:busco.busco_tools.Toolset	cmd call: hmmsearch --domtblout /work/pi_hputnam_uri_edu/Ptua_genome/Ptua_genome_busco/run_metazoa_odb10/hmmer_output/474302at33208.out --cpu 1 /work/pi_hputnam_uri_edu/lineages/lineages/metazoa_odb10/hmms/474302at33208.hmm /work/pi_hputnam_uri_edu/Ptua_genome/Ptua_genome_busco/run_metazoa_odb10/miniprot_output/translated_proteins/474302at33208.faa
2026-08-20 23:06:42 DEBUG:busco.busco_tools.Toolset	cmd call: hmmsearch --domtblout /work/pi_hputnam_uri_edu/Ptua_genome/Ptua_genome_busco/run_metazoa_odb10/hmmer_output/468631at33208.out --cpu 1 /work/pi_hputnam_uri_edu/lineages/lineages/metazoa_odb10/hmms/468631at33208.hmm /work/pi_hputnam_uri_edu/Ptua_genome/Ptua_genome_busco/run_metazoa_odb10/miniprot_output/translated_proteins/468631at33208.faa
2026-08-20 23:06:43 DEBUG:busco.busco_tools.Toolset	cmd call: hmmsearch --domtblout /work/pi_hputnam_uri_edu/Ptua_genome/Ptua_genome_busco/run_metazoa_odb10/hmmer_output/468710at33208.out --cpu 1 /work/pi_hputnam_uri_edu/lineages/lineages/metazoa_odb10/hmms/468710at33208.hmm /work/pi_hputnam_uri_edu/Ptua_genome/Ptua_genome_busco/run_metazoa_odb10/miniprot_output/translated_proteins/468710at33208.faa
2026-08-20 23:06:43 DEBUG:busco.busco_tools.Toolset	cmd call: hmmsearch --domtblout /work/pi_hputnam_uri_edu/Ptua_genome/Ptua_genome_busco/run_metazoa_odb10/hmmer_output/474387at33208.out --cpu 1 /work/pi_hputnam_uri_edu/lineages/lineages/metazoa_odb10/hmms/474387at33208.hmm /work/pi_hputnam_uri_edu/Ptua_genome/Ptua_genome_busco/run_metazoa_odb10/miniprot_output/translated_proteins/474387at33208.faa
2026-08-20 23:06:43 DEBUG:busco.busco_tools.Toolset	cmd call: hmmsearch --domtblout /work/pi_hputnam_uri_edu/Ptua_genome/Ptua_genome_busco/run_metazoa_odb10/hmmer_output/468757at33208.out --cpu 1 /work/pi_hputnam_uri_edu/lineages/lineages/metazoa_odb10/hmms/468757at33208.hmm /work/pi_hputnam_uri_edu/Ptua_genome/Ptua_genome_busco/run_metazoa_odb10/miniprot_output/translated_proteins/468757at33208.faa
2026-08-20 23:06:43 DEBUG:busco.busco_tools.Toolset	cmd call: hmmsearch --domtblout /work/pi_hputnam_uri_edu/Ptua_genome/Ptua_genome_busco/run_metazoa_odb10/hmmer_output/465651at33208.out --cpu 1 /work/pi_hputnam_uri_edu/lineages/lineages/metazoa_odb10/hmms/465651at33208.hmm /work/pi_hputnam_uri_edu/Ptua_genome/Ptua_genome_busco/run_metazoa_odb10/miniprot_output/translated_proteins/465651at33208.faa
2026-08-20 23:06:43 DEBUG:busco.busco_tools.Toolset	cmd call: hmmsearch --domtblout /work/pi_hputnam_uri_edu/Ptua_genome/Ptua_genome_busco/run_metazoa_odb10/hmmer_output/469367at33208.out --cpu 1 /work/pi_hputnam_uri_edu/lineages/lineages/metazoa_odb10/hmms/469367at33208.hmm /work/pi_hputnam_uri_edu/Ptua_genome/Ptua_genome_busco/run_metazoa_odb10/miniprot_output/translated_proteins/469367at33208.faa
2026-08-20 23:06:43 DEBUG:busco.busco_tools.Toolset	cmd call: hmmsearch --domtblout /work/pi_hputnam_uri_edu/Ptua_genome/Ptua_genome_busco/run_metazoa_odb10/hmmer_output/465703at33208.out --cpu 1 /work/pi_hputnam_uri_edu/lineages/lineages/metazoa_odb10/hmms/465703at33208.hmm /work/pi_hputnam_uri_edu/Ptua_genome/Ptua_genome_busco/run_metazoa_odb10/miniprot_output/translated_proteins/465703at33208.faa
2026-08-20 23:06:44 DEBUG:busco.busco_tools.Toolset	cmd call: hmmsearch --domtblout /work/pi_hputnam_uri_edu/Ptua_genome/Ptua_genome_busco/run_metazoa_odb10/hmmer_output/475826at33208.out --cpu 1 /work/pi_hputnam_uri_edu/lineages/lineages/metazoa_odb10/hmms/475826at33208.hmm /work/pi_hputnam_uri_edu/Ptua_genome/Ptua_genome_busco/run_metazoa_odb10/miniprot_output/translated_proteins/475826at33208.faa
2026-08-20 23:06:44 DEBUG:busco.busco_tools.Toolset	cmd call: hmmsearch --domtblout /work/pi_hputnam_uri_edu/Ptua_genome/Ptua_genome_busco/run_metazoa_odb10/hmmer_output/476036at33208.out --cpu 1 /work/pi_hputnam_uri_edu/lineages/lineages/metazoa_odb10/hmms/476036at33208.hmm /work/pi_hputnam_uri_edu/Ptua_genome/Ptua_genome_busco/run_metazoa_odb10/miniprot_output/translated_proteins/476036at33208.faa
2026-08-20 23:06:44 DEBUG:busco.busco_tools.Toolset	cmd call: hmmsearch --domtblout /work/pi_hputnam_uri_edu/Ptua_genome/Ptua_genome_busco/run_metazoa_odb10/hmmer_output/465933at33208.out --cpu 1 /work/pi_hputnam_uri_edu/lineages/lineages/metazoa_odb10/hmms/465933at33208.hmm /work/pi_hputnam_uri_edu/Ptua_genome/Ptua_genome_busco/run_metazoa_odb10/miniprot_output/translated_proteins/465933at33208.faa
2026-08-20 23:06:44 DEBUG:busco.busco_tools.Toolset	cmd call: hmmsearch --domtblout /work/pi_hputnam_uri_edu/Ptua_genome/Ptua_genome_busco/run_metazoa_odb10/hmmer_output/486370at33208.out --cpu 1 /work/pi_hputnam_uri_edu/lineages/lineages/metazoa_odb10/hmms/486370at33208.hmm /work/pi_hputnam_uri_edu/Ptua_genome/Ptua_genome_busco/run_metazoa_odb10/miniprot_output/translated_proteins/486370at33208.faa
2026-08-20 23:06:44 DEBUG:busco.busco_tools.Toolset	cmd call: hmmsearch --domtblout /work/pi_hputnam_uri_edu/Ptua_genome/Ptua_genome_busco/run_metazoa_odb10/hmmer_output/466616at33208.out --cpu 1 /work/pi_hputnam_uri_edu/lineages/lineages/metazoa_odb10/hmms/466616at33208.hmm /work/pi_hputnam_uri_edu/Ptua_genome/Ptua_genome_busco/run_metazoa_odb10/miniprot_output/translated_proteins/466616at33208.faa
2026-08-20 23:06:44 DEBUG:busco.busco_tools.Toolset	cmd call: hmmsearch --domtblout /work/pi_hputnam_uri_edu/Ptua_genome/Ptua_genome_busco/run_metazoa_odb10/hmmer_output/477052at33208.out --cpu 1 /work/pi_hputnam_uri_edu/lineages/lineages/metazoa_odb10/hmms/477052at33208.hmm /work/pi_hputnam_uri_edu/Ptua_genome/Ptua_genome_busco/run_metazoa_odb10/miniprot_output/translated_proteins/477052at33208.faa
2026-08-20 23:06:44 DEBUG:busco.busco_tools.Toolset	cmd call: hmmsearch --domtblout /work/pi_hputnam_uri_edu/Ptua_genome/Ptua_genome_busco/run_metazoa_odb10/hmmer_output/470197at33208.out --cpu 1 /work/pi_hputnam_uri_edu/lineages/lineages/metazoa_odb10/hmms/470197at33208.hmm /work/pi_hputnam_uri_edu/Ptua_genome/Ptua_genome_busco/run_metazoa_odb10/miniprot_output/translated_proteins/470197at33208.faa
2026-08-20 23:06:45 DEBUG:busco.busco_tools.Toolset	cmd call: hmmsearch --domtblout /work/pi_hputnam_uri_edu/Ptua_genome/Ptua_genome_busco/run_metazoa_odb10/hmmer_output/477939at33208.out --cpu 1 /work/pi_hputnam_uri_edu/lineages/lineages/metazoa_odb10/hmms/477939at33208.hmm /work/pi_hputnam_uri_edu/Ptua_genome/Ptua_genome_busco/run_metazoa_odb10/miniprot_output/translated_proteins/477939at33208.faa
2026-08-20 23:06:45 DEBUG:busco.busco_tools.Toolset	cmd call: hmmsearch --domtblout /work/pi_hputnam_uri_edu/Ptua_genome/Ptua_genome_busco/run_metazoa_odb10/hmmer_output/470523at33208.out --cpu 1 /work/pi_hputnam_uri_edu/lineages/lineages/metazoa_odb10/hmms/470523at33208.hmm /work/pi_hputnam_uri_edu/Ptua_genome/Ptua_genome_busco/run_metazoa_odb10/miniprot_output/translated_proteins/470523at33208.faa
2026-08-20 23:06:45 DEBUG:busco.busco_tools.Toolset	cmd call: hmmsearch --domtblout /work/pi_hputnam_uri_edu/Ptua_genome/Ptua_genome_busco/run_metazoa_odb10/hmmer_output/471608at33208.out --cpu 1 /work/pi_hputnam_uri_edu/lineages/lineages/metazoa_odb10/hmms/471608at33208.hmm /work/pi_hputnam_uri_edu/Ptua_genome/Ptua_genome_busco/run_metazoa_odb10/miniprot_output/translated_proteins/471608at33208.faa
2026-08-20 23:06:45 DEBUG:busco.busco_tools.Toolset	cmd call: hmmsearch --domtblout /work/pi_hputnam_uri_edu/Ptua_genome/Ptua_genome_busco/run_metazoa_odb10/hmmer_output/466942at33208.out --cpu 1 /work/pi_hputnam_uri_edu/lineages/lineages/metazoa_odb10/hmms/466942at33208.hmm /work/pi_hputnam_uri_edu/Ptua_genome/Ptua_genome_busco/run_metazoa_odb10/miniprot_output/translated_proteins/466942at33208.faa
2026-08-20 23:06:46 DEBUG:busco.busco_tools.Toolset	cmd call: hmmsearch --domtblout /work/pi_hputnam_uri_edu/Ptua_genome/Ptua_genome_busco/run_metazoa_odb10/hmmer_output/471787at33208.out --cpu 1 /work/pi_hputnam_uri_edu/lineages/lineages/metazoa_odb10/hmms/471787at33208.hmm /work/pi_hputnam_uri_edu/Ptua_genome/Ptua_genome_busco/run_metazoa_odb10/miniprot_output/translated_proteins/471787at33208.faa
2026-08-20 23:06:46 DEBUG:busco.busco_tools.Toolset	cmd call: hmmsearch --domtblout /work/pi_hputnam_uri_edu/Ptua_genome/Ptua_genome_busco/run_metazoa_odb10/hmmer_output/467106at33208.out --cpu 1 /work/pi_hputnam_uri_edu/lineages/lineages/metazoa_odb10/hmms/467106at33208.hmm /work/pi_hputnam_uri_edu/Ptua_genome/Ptua_genome_busco/run_metazoa_odb10/miniprot_output/translated_proteins/467106at33208.faa
2026-08-20 23:06:46 DEBUG:busco.busco_tools.Toolset	cmd call: hmmsearch --domtblout /work/pi_hputnam_uri_edu/Ptua_genome/Ptua_genome_busco/run_metazoa_odb10/hmmer_output/477998at33208.out --cpu 1 /work/pi_hputnam_uri_edu/lineages/lineages/metazoa_odb10/hmms/477998at33208.hmm /work/pi_hputnam_uri_edu/Ptua_genome/Ptua_genome_busco/run_metazoa_odb10/miniprot_output/translated_proteins/477998at33208.faa
2026-08-20 23:06:46 DEBUG:busco.busco_tools.Toolset	cmd call: hmmsearch --domtblout /work/pi_hputnam_uri_edu/Ptua_genome/Ptua_genome_busco/run_metazoa_odb10/hmmer_output/478073at33208.out --cpu 1 /work/pi_hputnam_uri_edu/lineages/lineages/metazoa_odb10/hmms/478073at33208.hmm /work/pi_hputnam_uri_edu/Ptua_genome/Ptua_genome_busco/run_metazoa_odb10/miniprot_output/translated_proteins/478073at33208.faa
2026-08-20 23:06:46 DEBUG:busco.busco_tools.Toolset	cmd call: hmmsearch --domtblout /work/pi_hputnam_uri_edu/Ptua_genome/Ptua_genome_busco/run_metazoa_odb10/hmmer_output/472313at33208.out --cpu 1 /work/pi_hputnam_uri_edu/lineages/lineages/metazoa_odb10/hmms/472313at33208.hmm /work/pi_hputnam_uri_edu/Ptua_genome/Ptua_genome_busco/run_metazoa_odb10/miniprot_output/translated_proteins/472313at33208.faa
2026-08-20 23:06:46 DEBUG:busco.busco_tools.Toolset	cmd call: hmmsearch --domtblout /work/pi_hputnam_uri_edu/Ptua_genome/Ptua_genome_busco/run_metazoa_odb10/hmmer_output/460044at33208.out --cpu 1 /work/pi_hputnam_uri_edu/lineages/lineages/metazoa_odb10/hmms/460044at33208.hmm /work/pi_hputnam_uri_edu/Ptua_genome/Ptua_genome_busco/run_metazoa_odb10/miniprot_output/translated_proteins/460044at33208.faa
2026-08-20 23:06:47 DEBUG:busco.busco_tools.Toolset	cmd call: hmmsearch --domtblout /work/pi_hputnam_uri_edu/Ptua_genome/Ptua_genome_busco/run_metazoa_odb10/hmmer_output/478984at33208.out --cpu 1 /work/pi_hputnam_uri_edu/lineages/lineages/metazoa_odb10/hmms/478984at33208.hmm /work/pi_hputnam_uri_edu/Ptua_genome/Ptua_genome_busco/run_metazoa_odb10/miniprot_output/translated_proteins/478984at33208.faa
2026-08-20 23:06:47 DEBUG:busco.busco_tools.Toolset	cmd call: hmmsearch --domtblout /work/pi_hputnam_uri_edu/Ptua_genome/Ptua_genome_busco/run_metazoa_odb10/hmmer_output/493148at33208.out --cpu 1 /work/pi_hputnam_uri_edu/lineages/lineages/metazoa_odb10/hmms/493148at33208.hmm /work/pi_hputnam_uri_edu/Ptua_genome/Ptua_genome_busco/run_metazoa_odb10/miniprot_output/translated_proteins/493148at33208.faa
2026-08-20 23:06:47 DEBUG:busco.busco_tools.Toolset	cmd call: hmmsearch --domtblout /work/pi_hputnam_uri_edu/Ptua_genome/Ptua_genome_busco/run_metazoa_odb10/hmmer_output/480700at33208.out --cpu 1 /work/pi_hputnam_uri_edu/lineages/lineages/metazoa_odb10/hmms/480700at33208.hmm /work/pi_hputnam_uri_edu/Ptua_genome/Ptua_genome_busco/run_metazoa_odb10/miniprot_output/translated_proteins/480700at33208.faa
2026-08-20 23:06:47 DEBUG:busco.busco_tools.Toolset	cmd call: hmmsearch --domtblout /work/pi_hputnam_uri_edu/Ptua_genome/Ptua_genome_busco/run_metazoa_odb10/hmmer_output/472352at33208.out --cpu 1 /work/pi_hputnam_uri_edu/lineages/lineages/metazoa_odb10/hmms/472352at33208.hmm /work/pi_hputnam_uri_edu/Ptua_genome/Ptua_genome_busco/run_metazoa_odb10/miniprot_output/translated_proteins/472352at33208.faa
2026-08-20 23:06:47 DEBUG:busco.busco_tools.Toolset	cmd call: hmmsearch --domtblout /work/pi_hputnam_uri_edu/Ptua_genome/Ptua_genome_busco/run_metazoa_odb10/hmmer_output/460518at33208.out --cpu 1 /work/pi_hputnam_uri_edu/lineages/lineages/metazoa_odb10/hmms/460518at33208.hmm /work/pi_hputnam_uri_edu/Ptua_genome/Ptua_genome_busco/run_metazoa_odb10/miniprot_output/translated_proteins/460518at33208.faa
2026-08-20 23:06:47 DEBUG:busco.busco_tools.Toolset	cmd call: hmmsearch --domtblout /work/pi_hputnam_uri_edu/Ptua_genome/Ptua_genome_busco/run_metazoa_odb10/hmmer_output/493505at33208.out --cpu 1 /work/pi_hputnam_uri_edu/lineages/lineages/metazoa_odb10/hmms/493505at33208.hmm /work/pi_hputnam_uri_edu/Ptua_genome/Ptua_genome_busco/run_metazoa_odb10/miniprot_output/translated_proteins/493505at33208.faa
2026-08-20 23:06:47 DEBUG:busco.busco_tools.Toolset	cmd call: hmmsearch --domtblout /work/pi_hputnam_uri_edu/Ptua_genome/Ptua_genome_busco/run_metazoa_odb10/hmmer_output/473106at33208.out --cpu 1 /work/pi_hputnam_uri_edu/lineages/lineages/metazoa_odb10/hmms/473106at33208.hmm /work/pi_hputnam_uri_edu/Ptua_genome/Ptua_genome_busco/run_metazoa_odb10/miniprot_output/translated_proteins/473106at33208.faa
2026-08-20 23:06:47 DEBUG:busco.busco_tools.Toolset	cmd call: hmmsearch --domtblout /work/pi_hputnam_uri_edu/Ptua_genome/Ptua_genome_busco/run_metazoa_odb10/hmmer_output/493913at33208.out --cpu 1 /work/pi_hputnam_uri_edu/lineages/lineages/metazoa_odb10/hmms/493913at33208.hmm /work/pi_hputnam_uri_edu/Ptua_genome/Ptua_genome_busco/run_metazoa_odb10/miniprot_output/translated_proteins/493913at33208.faa
2026-08-20 23:06:48 DEBUG:busco.busco_tools.Toolset	cmd call: hmmsearch --domtblout /work/pi_hputnam_uri_edu/Ptua_genome/Ptua_genome_busco/run_metazoa_odb10/hmmer_output/480735at33208.out --cpu 1 /work/pi_hputnam_uri_edu/lineages/lineages/metazoa_odb10/hmms/480735at33208.hmm /work/pi_hputnam_uri_edu/Ptua_genome/Ptua_genome_busco/run_metazoa_odb10/miniprot_output/translated_proteins/480735at33208.faa
2026-08-20 23:06:48 DEBUG:busco.busco_tools.Toolset	cmd call: hmmsearch --domtblout /work/pi_hputnam_uri_edu/Ptua_genome/Ptua_genome_busco/run_metazoa_odb10/hmmer_output/461123at33208.out --cpu 1 /work/pi_hputnam_uri_edu/lineages/lineages/metazoa_odb10/hmms/461123at33208.hmm /work/pi_hputnam_uri_edu/Ptua_genome/Ptua_genome_busco/run_metazoa_odb10/miniprot_output/translated_proteins/461123at33208.faa
2026-08-20 23:06:48 DEBUG:busco.busco_tools.Toolset	cmd call: hmmsearch --domtblout /work/pi_hputnam_uri_edu/Ptua_genome/Ptua_genome_busco/run_metazoa_odb10/hmmer_output/474144at33208.out --cpu 1 /work/pi_hputnam_uri_edu/lineages/lineages/metazoa_odb10/hmms/474144at33208.hmm /work/pi_hputnam_uri_edu/Ptua_genome/Ptua_genome_busco/run_metazoa_odb10/miniprot_output/translated_proteins/474144at33208.faa
2026-08-20 23:06:48 DEBUG:busco.busco_tools.Toolset	cmd call: hmmsearch --domtblout /work/pi_hputnam_uri_edu/Ptua_genome/Ptua_genome_busco/run_metazoa_odb10/hmmer_output/494057at33208.out --cpu 1 /work/pi_hputnam_uri_edu/lineages/lineages/metazoa_odb10/hmms/494057at33208.hmm /work/pi_hputnam_uri_edu/Ptua_genome/Ptua_genome_busco/run_metazoa_odb10/miniprot_output/translated_proteins/494057at33208.faa
2026-08-20 23:06:48 DEBUG:busco.busco_tools.Toolset	cmd call: hmmsearch --domtblout /work/pi_hputnam_uri_edu/Ptua_genome/Ptua_genome_busco/run_metazoa_odb10/hmmer_output/481557at33208.out --cpu 1 /work/pi_hputnam_uri_edu/lineages/lineages/metazoa_odb10/hmms/481557at33208.hmm /work/pi_hputnam_uri_edu/Ptua_genome/Ptua_genome_busco/run_metazoa_odb10/miniprot_output/translated_proteins/481557at33208.faa
2026-08-20 23:06:48 DEBUG:busco.busco_tools.Toolset	cmd call: hmmsearch --domtblout /work/pi_hputnam_uri_edu/Ptua_genome/Ptua_genome_busco/run_metazoa_odb10/hmmer_output/461193at33208.out --cpu 1 /work/pi_hputnam_uri_edu/lineages/lineages/metazoa_odb10/hmms/461193at33208.hmm /work/pi_hputnam_uri_edu/Ptua_genome/Ptua_genome_busco/run_metazoa_odb10/miniprot_output/translated_proteins/461193at33208.faa
2026-08-20 23:06:48 DEBUG:busco.busco_tools.Toolset	cmd call: hmmsearch --domtblout /work/pi_hputnam_uri_edu/Ptua_genome/Ptua_genome_busco/run_metazoa_odb10/hmmer_output/49474at33208.out --cpu 1 /work/pi_hputnam_uri_edu/lineages/lineages/metazoa_odb10/hmms/49474at33208.hmm /work/pi_hputnam_uri_edu/Ptua_genome/Ptua_genome_busco/run_metazoa_odb10/miniprot_output/translated_proteins/49474at33208.faa
2026-08-20 23:06:48 INFO:busco.busco_tools.Toolset	[hmmsearch]	478 of 954 task(s) completed
2026-08-20 23:06:48 DEBUG:busco.busco_tools.Toolset	cmd call: hmmsearch --domtblout /work/pi_hputnam_uri_edu/Ptua_genome/Ptua_genome_busco/run_metazoa_odb10/hmmer_output/482691at33208.out --cpu 1 /work/pi_hputnam_uri_edu/lineages/lineages/metazoa_odb10/hmms/482691at33208.hmm /work/pi_hputnam_uri_edu/Ptua_genome/Ptua_genome_busco/run_metazoa_odb10/miniprot_output/translated_proteins/482691at33208.faa
2026-08-20 23:06:48 DEBUG:busco.busco_tools.Toolset	cmd call: hmmsearch --domtblout /work/pi_hputnam_uri_edu/Ptua_genome/Ptua_genome_busco/run_metazoa_odb10/hmmer_output/498535at33208.out --cpu 1 /work/pi_hputnam_uri_edu/lineages/lineages/metazoa_odb10/hmms/498535at33208.hmm /work/pi_hputnam_uri_edu/Ptua_genome/Ptua_genome_busco/run_metazoa_odb10/miniprot_output/translated_proteins/498535at33208.faa
2026-08-20 23:06:49 DEBUG:busco.busco_tools.Toolset	cmd call: hmmsearch --domtblout /work/pi_hputnam_uri_edu/Ptua_genome/Ptua_genome_busco/run_metazoa_odb10/hmmer_output/462325at33208.out --cpu 1 /work/pi_hputnam_uri_edu/lineages/lineages/metazoa_odb10/hmms/462325at33208.hmm /work/pi_hputnam_uri_edu/Ptua_genome/Ptua_genome_busco/run_metazoa_odb10/miniprot_output/translated_proteins/462325at33208.faa
2026-08-20 23:06:49 DEBUG:busco.busco_tools.Toolset	cmd call: hmmsearch --domtblout /work/pi_hputnam_uri_edu/Ptua_genome/Ptua_genome_busco/run_metazoa_odb10/hmmer_output/500261at33208.out --cpu 1 /work/pi_hputnam_uri_edu/lineages/lineages/metazoa_odb10/hmms/500261at33208.hmm /work/pi_hputnam_uri_edu/Ptua_genome/Ptua_genome_busco/run_metazoa_odb10/miniprot_output/translated_proteins/500261at33208.faa
2026-08-20 23:06:49 DEBUG:busco.busco_tools.Toolset	cmd call: hmmsearch --domtblout /work/pi_hputnam_uri_edu/Ptua_genome/Ptua_genome_busco/run_metazoa_odb10/hmmer_output/483489at33208.out --cpu 1 /work/pi_hputnam_uri_edu/lineages/lineages/metazoa_odb10/hmms/483489at33208.hmm /work/pi_hputnam_uri_edu/Ptua_genome/Ptua_genome_busco/run_metazoa_odb10/miniprot_output/translated_proteins/483489at33208.faa
2026-08-20 23:06:49 DEBUG:busco.busco_tools.Toolset	cmd call: hmmsearch --domtblout /work/pi_hputnam_uri_edu/Ptua_genome/Ptua_genome_busco/run_metazoa_odb10/hmmer_output/500808at33208.out --cpu 1 /work/pi_hputnam_uri_edu/lineages/lineages/metazoa_odb10/hmms/500808at33208.hmm /work/pi_hputnam_uri_edu/Ptua_genome/Ptua_genome_busco/run_metazoa_odb10/miniprot_output/translated_proteins/500808at33208.faa
2026-08-20 23:06:50 DEBUG:busco.busco_tools.Toolset	cmd call: hmmsearch --domtblout /work/pi_hputnam_uri_edu/Ptua_genome/Ptua_genome_busco/run_metazoa_odb10/hmmer_output/485003at33208.out --cpu 1 /work/pi_hputnam_uri_edu/lineages/lineages/metazoa_odb10/hmms/485003at33208.hmm /work/pi_hputnam_uri_edu/Ptua_genome/Ptua_genome_busco/run_metazoa_odb10/miniprot_output/translated_proteins/485003at33208.faa
2026-08-20 23:06:50 DEBUG:busco.busco_tools.Toolset	cmd call: hmmsearch --domtblout /work/pi_hputnam_uri_edu/Ptua_genome/Ptua_genome_busco/run_metazoa_odb10/hmmer_output/485696at33208.out --cpu 1 /work/pi_hputnam_uri_edu/lineages/lineages/metazoa_odb10/hmms/485696at33208.hmm /work/pi_hputnam_uri_edu/Ptua_genome/Ptua_genome_busco/run_metazoa_odb10/miniprot_output/translated_proteins/485696at33208.faa
2026-08-20 23:06:50 DEBUG:busco.busco_tools.Toolset	cmd call: hmmsearch --domtblout /work/pi_hputnam_uri_edu/Ptua_genome/Ptua_genome_busco/run_metazoa_odb10/hmmer_output/501396at33208.out --cpu 1 /work/pi_hputnam_uri_edu/lineages/lineages/metazoa_odb10/hmms/501396at33208.hmm /work/pi_hputnam_uri_edu/Ptua_genome/Ptua_genome_busco/run_metazoa_odb10/miniprot_output/translated_proteins/501396at33208.faa
2026-08-20 23:06:50 DEBUG:busco.busco_tools.Toolset	cmd call: hmmsearch --domtblout /work/pi_hputnam_uri_edu/Ptua_genome/Ptua_genome_busco/run_metazoa_odb10/hmmer_output/501546at33208.out --cpu 1 /work/pi_hputnam_uri_edu/lineages/lineages/metazoa_odb10/hmms/501546at33208.hmm /work/pi_hputnam_uri_edu/Ptua_genome/Ptua_genome_busco/run_metazoa_odb10/miniprot_output/translated_proteins/501546at33208.faa
2026-08-20 23:06:51 DEBUG:busco.busco_tools.Toolset	cmd call: hmmsearch --domtblout /work/pi_hputnam_uri_edu/Ptua_genome/Ptua_genome_busco/run_metazoa_odb10/hmmer_output/501788at33208.out --cpu 1 /work/pi_hputnam_uri_edu/lineages/lineages/metazoa_odb10/hmms/501788at33208.hmm /work/pi_hputnam_uri_edu/Ptua_genome/Ptua_genome_busco/run_metazoa_odb10/miniprot_output/translated_proteins/501788at33208.faa
2026-08-20 23:06:51 DEBUG:busco.busco_tools.Toolset	cmd call: hmmsearch --domtblout /work/pi_hputnam_uri_edu/Ptua_genome/Ptua_genome_busco/run_metazoa_odb10/hmmer_output/502128at33208.out --cpu 1 /work/pi_hputnam_uri_edu/lineages/lineages/metazoa_odb10/hmms/502128at33208.hmm /work/pi_hputnam_uri_edu/Ptua_genome/Ptua_genome_busco/run_metazoa_odb10/miniprot_output/translated_proteins/502128at33208.faa
2026-08-20 23:06:51 DEBUG:busco.busco_tools.Toolset	cmd call: hmmsearch --domtblout /work/pi_hputnam_uri_edu/Ptua_genome/Ptua_genome_busco/run_metazoa_odb10/hmmer_output/502407at33208.out --cpu 1 /work/pi_hputnam_uri_edu/lineages/lineages/metazoa_odb10/hmms/502407at33208.hmm /work/pi_hputnam_uri_edu/Ptua_genome/Ptua_genome_busco/run_metazoa_odb10/miniprot_output/translated_proteins/502407at33208.faa
2026-08-20 23:06:51 DEBUG:busco.busco_tools.Toolset	cmd call: hmmsearch --domtblout /work/pi_hputnam_uri_edu/Ptua_genome/Ptua_genome_busco/run_metazoa_odb10/hmmer_output/502429at33208.out --cpu 1 /work/pi_hputnam_uri_edu/lineages/lineages/metazoa_odb10/hmms/502429at33208.hmm /work/pi_hputnam_uri_edu/Ptua_genome/Ptua_genome_busco/run_metazoa_odb10/miniprot_output/translated_proteins/502429at33208.faa
2026-08-20 23:06:52 DEBUG:busco.busco_tools.Toolset	cmd call: hmmsearch --domtblout /work/pi_hputnam_uri_edu/Ptua_genome/Ptua_genome_busco/run_metazoa_odb10/hmmer_output/502584at33208.out --cpu 1 /work/pi_hputnam_uri_edu/lineages/lineages/metazoa_odb10/hmms/502584at33208.hmm /work/pi_hputnam_uri_edu/Ptua_genome/Ptua_genome_busco/run_metazoa_odb10/miniprot_output/translated_proteins/502584at33208.faa
2026-08-20 23:06:52 DEBUG:busco.busco_tools.Toolset	cmd call: hmmsearch --domtblout /work/pi_hputnam_uri_edu/Ptua_genome/Ptua_genome_busco/run_metazoa_odb10/hmmer_output/502691at33208.out --cpu 1 /work/pi_hputnam_uri_edu/lineages/lineages/metazoa_odb10/hmms/502691at33208.hmm /work/pi_hputnam_uri_edu/Ptua_genome/Ptua_genome_busco/run_metazoa_odb10/miniprot_output/translated_proteins/502691at33208.faa
2026-08-20 23:06:52 DEBUG:busco.busco_tools.Toolset	cmd call: hmmsearch --domtblout /work/pi_hputnam_uri_edu/Ptua_genome/Ptua_genome_busco/run_metazoa_odb10/hmmer_output/503333at33208.out --cpu 1 /work/pi_hputnam_uri_edu/lineages/lineages/metazoa_odb10/hmms/503333at33208.hmm /work/pi_hputnam_uri_edu/Ptua_genome/Ptua_genome_busco/run_metazoa_odb10/miniprot_output/translated_proteins/503333at33208.faa
2026-08-20 23:06:52 DEBUG:busco.busco_tools.Toolset	cmd call: hmmsearch --domtblout /work/pi_hputnam_uri_edu/Ptua_genome/Ptua_genome_busco/run_metazoa_odb10/hmmer_output/504731at33208.out --cpu 1 /work/pi_hputnam_uri_edu/lineages/lineages/metazoa_odb10/hmms/504731at33208.hmm /work/pi_hputnam_uri_edu/Ptua_genome/Ptua_genome_busco/run_metazoa_odb10/miniprot_output/translated_proteins/504731at33208.faa
2026-08-20 23:06:52 DEBUG:busco.busco_tools.Toolset	cmd call: hmmsearch --domtblout /work/pi_hputnam_uri_edu/Ptua_genome/Ptua_genome_busco/run_metazoa_odb10/hmmer_output/504912at33208.out --cpu 1 /work/pi_hputnam_uri_edu/lineages/lineages/metazoa_odb10/hmms/504912at33208.hmm /work/pi_hputnam_uri_edu/Ptua_genome/Ptua_genome_busco/run_metazoa_odb10/miniprot_output/translated_proteins/504912at33208.faa
2026-08-20 23:06:52 DEBUG:busco.busco_tools.Toolset	cmd call: hmmsearch --domtblout /work/pi_hputnam_uri_edu/Ptua_genome/Ptua_genome_busco/run_metazoa_odb10/hmmer_output/503828at33208.out --cpu 1 /work/pi_hputnam_uri_edu/lineages/lineages/metazoa_odb10/hmms/503828at33208.hmm /work/pi_hputnam_uri_edu/Ptua_genome/Ptua_genome_busco/run_metazoa_odb10/miniprot_output/translated_proteins/503828at33208.faa
2026-08-20 23:06:52 DEBUG:busco.busco_tools.Toolset	cmd call: hmmsearch --domtblout /work/pi_hputnam_uri_edu/Ptua_genome/Ptua_genome_busco/run_metazoa_odb10/hmmer_output/505248at33208.out --cpu 1 /work/pi_hputnam_uri_edu/lineages/lineages/metazoa_odb10/hmms/505248at33208.hmm /work/pi_hputnam_uri_edu/Ptua_genome/Ptua_genome_busco/run_metazoa_odb10/miniprot_output/translated_proteins/505248at33208.faa
2026-08-20 23:06:53 DEBUG:busco.busco_tools.Toolset	cmd call: hmmsearch --domtblout /work/pi_hputnam_uri_edu/Ptua_genome/Ptua_genome_busco/run_metazoa_odb10/hmmer_output/504207at33208.out --cpu 1 /work/pi_hputnam_uri_edu/lineages/lineages/metazoa_odb10/hmms/504207at33208.hmm /work/pi_hputnam_uri_edu/Ptua_genome/Ptua_genome_busco/run_metazoa_odb10/miniprot_output/translated_proteins/504207at33208.faa
2026-08-20 23:06:53 DEBUG:busco.busco_tools.Toolset	cmd call: hmmsearch --domtblout /work/pi_hputnam_uri_edu/Ptua_genome/Ptua_genome_busco/run_metazoa_odb10/hmmer_output/505718at33208.out --cpu 1 /work/pi_hputnam_uri_edu/lineages/lineages/metazoa_odb10/hmms/505718at33208.hmm /work/pi_hputnam_uri_edu/Ptua_genome/Ptua_genome_busco/run_metazoa_odb10/miniprot_output/translated_proteins/505718at33208.faa
2026-08-20 23:06:53 DEBUG:busco.busco_tools.Toolset	cmd call: hmmsearch --domtblout /work/pi_hputnam_uri_edu/Ptua_genome/Ptua_genome_busco/run_metazoa_odb10/hmmer_output/50756at33208.out --cpu 1 /work/pi_hputnam_uri_edu/lineages/lineages/metazoa_odb10/hmms/50756at33208.hmm /work/pi_hputnam_uri_edu/Ptua_genome/Ptua_genome_busco/run_metazoa_odb10/miniprot_output/translated_proteins/50756at33208.faa
2026-08-20 23:06:53 DEBUG:busco.busco_tools.Toolset	cmd call: hmmsearch --domtblout /work/pi_hputnam_uri_edu/Ptua_genome/Ptua_genome_busco/run_metazoa_odb10/hmmer_output/486431at33208.out --cpu 1 /work/pi_hputnam_uri_edu/lineages/lineages/metazoa_odb10/hmms/486431at33208.hmm /work/pi_hputnam_uri_edu/Ptua_genome/Ptua_genome_busco/run_metazoa_odb10/miniprot_output/translated_proteins/486431at33208.faa
2026-08-20 23:06:53 DEBUG:busco.busco_tools.Toolset	cmd call: hmmsearch --domtblout /work/pi_hputnam_uri_edu/Ptua_genome/Ptua_genome_busco/run_metazoa_odb10/hmmer_output/495100at33208.out --cpu 1 /work/pi_hputnam_uri_edu/lineages/lineages/metazoa_odb10/hmms/495100at33208.hmm /work/pi_hputnam_uri_edu/Ptua_genome/Ptua_genome_busco/run_metazoa_odb10/miniprot_output/translated_proteins/495100at33208.faa
2026-08-20 23:06:54 DEBUG:busco.busco_tools.Toolset	cmd call: hmmsearch --domtblout /work/pi_hputnam_uri_edu/Ptua_genome/Ptua_genome_busco/run_metazoa_odb10/hmmer_output/495175at33208.out --cpu 1 /work/pi_hputnam_uri_edu/lineages/lineages/metazoa_odb10/hmms/495175at33208.hmm /work/pi_hputnam_uri_edu/Ptua_genome/Ptua_genome_busco/run_metazoa_odb10/miniprot_output/translated_proteins/495175at33208.faa
2026-08-20 23:06:54 DEBUG:busco.busco_tools.Toolset	cmd call: hmmsearch --domtblout /work/pi_hputnam_uri_edu/Ptua_genome/Ptua_genome_busco/run_metazoa_odb10/hmmer_output/495207at33208.out --cpu 1 /work/pi_hputnam_uri_edu/lineages/lineages/metazoa_odb10/hmms/495207at33208.hmm /work/pi_hputnam_uri_edu/Ptua_genome/Ptua_genome_busco/run_metazoa_odb10/miniprot_output/translated_proteins/495207at33208.faa
2026-08-20 23:06:54 DEBUG:busco.busco_tools.Toolset	cmd call: hmmsearch --domtblout /work/pi_hputnam_uri_edu/Ptua_genome/Ptua_genome_busco/run_metazoa_odb10/hmmer_output/511668at33208.out --cpu 1 /work/pi_hputnam_uri_edu/lineages/lineages/metazoa_odb10/hmms/511668at33208.hmm /work/pi_hputnam_uri_edu/Ptua_genome/Ptua_genome_busco/run_metazoa_odb10/miniprot_output/translated_proteins/511668at33208.faa
2026-08-20 23:06:54 DEBUG:busco.busco_tools.Toolset	cmd call: hmmsearch --domtblout /work/pi_hputnam_uri_edu/Ptua_genome/Ptua_genome_busco/run_metazoa_odb10/hmmer_output/486743at33208.out --cpu 1 /work/pi_hputnam_uri_edu/lineages/lineages/metazoa_odb10/hmms/486743at33208.hmm /work/pi_hputnam_uri_edu/Ptua_genome/Ptua_genome_busco/run_metazoa_odb10/miniprot_output/translated_proteins/486743at33208.faa
2026-08-20 23:06:54 DEBUG:busco.busco_tools.Toolset	cmd call: hmmsearch --domtblout /work/pi_hputnam_uri_edu/Ptua_genome/Ptua_genome_busco/run_metazoa_odb10/hmmer_output/486993at33208.out --cpu 1 /work/pi_hputnam_uri_edu/lineages/lineages/metazoa_odb10/hmms/486993at33208.hmm /work/pi_hputnam_uri_edu/Ptua_genome/Ptua_genome_busco/run_metazoa_odb10/miniprot_output/translated_proteins/486993at33208.faa
2026-08-20 23:06:54 DEBUG:busco.busco_tools.Toolset	cmd call: hmmsearch --domtblout /work/pi_hputnam_uri_edu/Ptua_genome/Ptua_genome_busco/run_metazoa_odb10/hmmer_output/514121at33208.out --cpu 1 /work/pi_hputnam_uri_edu/lineages/lineages/metazoa_odb10/hmms/514121at33208.hmm /work/pi_hputnam_uri_edu/Ptua_genome/Ptua_genome_busco/run_metazoa_odb10/miniprot_output/translated_proteins/514121at33208.faa
2026-08-20 23:06:55 DEBUG:busco.busco_tools.Toolset	cmd call: hmmsearch --domtblout /work/pi_hputnam_uri_edu/Ptua_genome/Ptua_genome_busco/run_metazoa_odb10/hmmer_output/495311at33208.out --cpu 1 /work/pi_hputnam_uri_edu/lineages/lineages/metazoa_odb10/hmms/495311at33208.hmm /work/pi_hputnam_uri_edu/Ptua_genome/Ptua_genome_busco/run_metazoa_odb10/miniprot_output/translated_proteins/495311at33208.faa
2026-08-20 23:06:55 DEBUG:busco.busco_tools.Toolset	cmd call: hmmsearch --domtblout /work/pi_hputnam_uri_edu/Ptua_genome/Ptua_genome_busco/run_metazoa_odb10/hmmer_output/495329at33208.out --cpu 1 /work/pi_hputnam_uri_edu/lineages/lineages/metazoa_odb10/hmms/495329at33208.hmm /work/pi_hputnam_uri_edu/Ptua_genome/Ptua_genome_busco/run_metazoa_odb10/miniprot_output/translated_proteins/495329at33208.faa
2026-08-20 23:06:55 DEBUG:busco.busco_tools.Toolset	cmd call: hmmsearch --domtblout /work/pi_hputnam_uri_edu/Ptua_genome/Ptua_genome_busco/run_metazoa_odb10/hmmer_output/514296at33208.out --cpu 1 /work/pi_hputnam_uri_edu/lineages/lineages/metazoa_odb10/hmms/514296at33208.hmm /work/pi_hputnam_uri_edu/Ptua_genome/Ptua_genome_busco/run_metazoa_odb10/miniprot_output/translated_proteins/514296at33208.faa
2026-08-20 23:06:55 DEBUG:busco.busco_tools.Toolset	cmd call: hmmsearch --domtblout /work/pi_hputnam_uri_edu/Ptua_genome/Ptua_genome_busco/run_metazoa_odb10/hmmer_output/487873at33208.out --cpu 1 /work/pi_hputnam_uri_edu/lineages/lineages/metazoa_odb10/hmms/487873at33208.hmm /work/pi_hputnam_uri_edu/Ptua_genome/Ptua_genome_busco/run_metazoa_odb10/miniprot_output/translated_proteins/487873at33208.faa
2026-08-20 23:06:55 DEBUG:busco.busco_tools.Toolset	cmd call: hmmsearch --domtblout /work/pi_hputnam_uri_edu/Ptua_genome/Ptua_genome_busco/run_metazoa_odb10/hmmer_output/514565at33208.out --cpu 1 /work/pi_hputnam_uri_edu/lineages/lineages/metazoa_odb10/hmms/514565at33208.hmm /work/pi_hputnam_uri_edu/Ptua_genome/Ptua_genome_busco/run_metazoa_odb10/miniprot_output/translated_proteins/514565at33208.faa
2026-08-20 23:06:55 DEBUG:busco.busco_tools.Toolset	cmd call: hmmsearch --domtblout /work/pi_hputnam_uri_edu/Ptua_genome/Ptua_genome_busco/run_metazoa_odb10/hmmer_output/495389at33208.out --cpu 1 /work/pi_hputnam_uri_edu/lineages/lineages/metazoa_odb10/hmms/495389at33208.hmm /work/pi_hputnam_uri_edu/Ptua_genome/Ptua_genome_busco/run_metazoa_odb10/miniprot_output/translated_proteins/495389at33208.faa
2026-08-20 23:06:55 DEBUG:busco.busco_tools.Toolset	cmd call: hmmsearch --domtblout /work/pi_hputnam_uri_edu/Ptua_genome/Ptua_genome_busco/run_metazoa_odb10/hmmer_output/487987at33208.out --cpu 1 /work/pi_hputnam_uri_edu/lineages/lineages/metazoa_odb10/hmms/487987at33208.hmm /work/pi_hputnam_uri_edu/Ptua_genome/Ptua_genome_busco/run_metazoa_odb10/miniprot_output/translated_proteins/487987at33208.faa
2026-08-20 23:06:55 DEBUG:busco.busco_tools.Toolset	cmd call: hmmsearch --domtblout /work/pi_hputnam_uri_edu/Ptua_genome/Ptua_genome_busco/run_metazoa_odb10/hmmer_output/488559at33208.out --cpu 1 /work/pi_hputnam_uri_edu/lineages/lineages/metazoa_odb10/hmms/488559at33208.hmm /work/pi_hputnam_uri_edu/Ptua_genome/Ptua_genome_busco/run_metazoa_odb10/miniprot_output/translated_proteins/488559at33208.faa
2026-08-20 23:06:55 DEBUG:busco.busco_tools.Toolset	cmd call: hmmsearch --domtblout /work/pi_hputnam_uri_edu/Ptua_genome/Ptua_genome_busco/run_metazoa_odb10/hmmer_output/514675at33208.out --cpu 1 /work/pi_hputnam_uri_edu/lineages/lineages/metazoa_odb10/hmms/514675at33208.hmm /work/pi_hputnam_uri_edu/Ptua_genome/Ptua_genome_busco/run_metazoa_odb10/miniprot_output/translated_proteins/514675at33208.faa
2026-08-20 23:06:55 DEBUG:busco.busco_tools.Toolset	cmd call: hmmsearch --domtblout /work/pi_hputnam_uri_edu/Ptua_genome/Ptua_genome_busco/run_metazoa_odb10/hmmer_output/495605at33208.out --cpu 1 /work/pi_hputnam_uri_edu/lineages/lineages/metazoa_odb10/hmms/495605at33208.hmm /work/pi_hputnam_uri_edu/Ptua_genome/Ptua_genome_busco/run_metazoa_odb10/miniprot_output/translated_proteins/495605at33208.faa
2026-08-20 23:06:55 DEBUG:busco.busco_tools.Toolset	cmd call: hmmsearch --domtblout /work/pi_hputnam_uri_edu/Ptua_genome/Ptua_genome_busco/run_metazoa_odb10/hmmer_output/514698at33208.out --cpu 1 /work/pi_hputnam_uri_edu/lineages/lineages/metazoa_odb10/hmms/514698at33208.hmm /work/pi_hputnam_uri_edu/Ptua_genome/Ptua_genome_busco/run_metazoa_odb10/miniprot_output/translated_proteins/514698at33208.faa
2026-08-20 23:06:56 DEBUG:busco.busco_tools.Toolset	cmd call: hmmsearch --domtblout /work/pi_hputnam_uri_edu/Ptua_genome/Ptua_genome_busco/run_metazoa_odb10/hmmer_output/488635at33208.out --cpu 1 /work/pi_hputnam_uri_edu/lineages/lineages/metazoa_odb10/hmms/488635at33208.hmm /work/pi_hputnam_uri_edu/Ptua_genome/Ptua_genome_busco/run_metazoa_odb10/miniprot_output/translated_proteins/488635at33208.faa
2026-08-20 23:06:56 DEBUG:busco.busco_tools.Toolset	cmd call: hmmsearch --domtblout /work/pi_hputnam_uri_edu/Ptua_genome/Ptua_genome_busco/run_metazoa_odb10/hmmer_output/495802at33208.out --cpu 1 /work/pi_hputnam_uri_edu/lineages/lineages/metazoa_odb10/hmms/495802at33208.hmm /work/pi_hputnam_uri_edu/Ptua_genome/Ptua_genome_busco/run_metazoa_odb10/miniprot_output/translated_proteins/495802at33208.faa
2026-08-20 23:06:56 DEBUG:busco.busco_tools.Toolset	cmd call: hmmsearch --domtblout /work/pi_hputnam_uri_edu/Ptua_genome/Ptua_genome_busco/run_metazoa_odb10/hmmer_output/515640at33208.out --cpu 1 /work/pi_hputnam_uri_edu/lineages/lineages/metazoa_odb10/hmms/515640at33208.hmm /work/pi_hputnam_uri_edu/Ptua_genome/Ptua_genome_busco/run_metazoa_odb10/miniprot_output/translated_proteins/515640at33208.faa
2026-08-20 23:06:56 DEBUG:busco.busco_tools.Toolset	cmd call: hmmsearch --domtblout /work/pi_hputnam_uri_edu/Ptua_genome/Ptua_genome_busco/run_metazoa_odb10/hmmer_output/514724at33208.out --cpu 1 /work/pi_hputnam_uri_edu/lineages/lineages/metazoa_odb10/hmms/514724at33208.hmm /work/pi_hputnam_uri_edu/Ptua_genome/Ptua_genome_busco/run_metazoa_odb10/miniprot_output/translated_proteins/514724at33208.faa
2026-08-20 23:06:56 DEBUG:busco.busco_tools.Toolset	cmd call: hmmsearch --domtblout /work/pi_hputnam_uri_edu/Ptua_genome/Ptua_genome_busco/run_metazoa_odb10/hmmer_output/495926at33208.out --cpu 1 /work/pi_hputnam_uri_edu/lineages/lineages/metazoa_odb10/hmms/495926at33208.hmm /work/pi_hputnam_uri_edu/Ptua_genome/Ptua_genome_busco/run_metazoa_odb10/miniprot_output/translated_proteins/495926at33208.faa
2026-08-20 23:06:56 DEBUG:busco.busco_tools.Toolset	cmd call: hmmsearch --domtblout /work/pi_hputnam_uri_edu/Ptua_genome/Ptua_genome_busco/run_metazoa_odb10/hmmer_output/489359at33208.out --cpu 1 /work/pi_hputnam_uri_edu/lineages/lineages/metazoa_odb10/hmms/489359at33208.hmm /work/pi_hputnam_uri_edu/Ptua_genome/Ptua_genome_busco/run_metazoa_odb10/miniprot_output/translated_proteins/489359at33208.faa
2026-08-20 23:06:56 DEBUG:busco.busco_tools.Toolset	cmd call: hmmsearch --domtblout /work/pi_hputnam_uri_edu/Ptua_genome/Ptua_genome_busco/run_metazoa_odb10/hmmer_output/504292at33208.out --cpu 1 /work/pi_hputnam_uri_edu/lineages/lineages/metazoa_odb10/hmms/504292at33208.hmm /work/pi_hputnam_uri_edu/Ptua_genome/Ptua_genome_busco/run_metazoa_odb10/miniprot_output/translated_proteins/504292at33208.faa
2026-08-20 23:06:56 DEBUG:busco.busco_tools.Toolset	cmd call: hmmsearch --domtblout /work/pi_hputnam_uri_edu/Ptua_genome/Ptua_genome_busco/run_metazoa_odb10/hmmer_output/516078at33208.out --cpu 1 /work/pi_hputnam_uri_edu/lineages/lineages/metazoa_odb10/hmms/516078at33208.hmm /work/pi_hputnam_uri_edu/Ptua_genome/Ptua_genome_busco/run_metazoa_odb10/miniprot_output/translated_proteins/516078at33208.faa
2026-08-20 23:06:56 DEBUG:busco.busco_tools.Toolset	cmd call: hmmsearch --domtblout /work/pi_hputnam_uri_edu/Ptua_genome/Ptua_genome_busco/run_metazoa_odb10/hmmer_output/504691at33208.out --cpu 1 /work/pi_hputnam_uri_edu/lineages/lineages/metazoa_odb10/hmms/504691at33208.hmm /work/pi_hputnam_uri_edu/Ptua_genome/Ptua_genome_busco/run_metazoa_odb10/miniprot_output/translated_proteins/504691at33208.faa
2026-08-20 23:06:56 DEBUG:busco.busco_tools.Toolset	cmd call: hmmsearch --domtblout /work/pi_hputnam_uri_edu/Ptua_genome/Ptua_genome_busco/run_metazoa_odb10/hmmer_output/489858at33208.out --cpu 1 /work/pi_hputnam_uri_edu/lineages/lineages/metazoa_odb10/hmms/489858at33208.hmm /work/pi_hputnam_uri_edu/Ptua_genome/Ptua_genome_busco/run_metazoa_odb10/miniprot_output/translated_proteins/489858at33208.faa
2026-08-20 23:06:56 DEBUG:busco.busco_tools.Toolset	cmd call: hmmsearch --domtblout /work/pi_hputnam_uri_edu/Ptua_genome/Ptua_genome_busco/run_metazoa_odb10/hmmer_output/496070at33208.out --cpu 1 /work/pi_hputnam_uri_edu/lineages/lineages/metazoa_odb10/hmms/496070at33208.hmm /work/pi_hputnam_uri_edu/Ptua_genome/Ptua_genome_busco/run_metazoa_odb10/miniprot_output/translated_proteins/496070at33208.faa
2026-08-20 23:06:56 DEBUG:busco.busco_tools.Toolset	cmd call: hmmsearch --domtblout /work/pi_hputnam_uri_edu/Ptua_genome/Ptua_genome_busco/run_metazoa_odb10/hmmer_output/514727at33208.out --cpu 1 /work/pi_hputnam_uri_edu/lineages/lineages/metazoa_odb10/hmms/514727at33208.hmm /work/pi_hputnam_uri_edu/Ptua_genome/Ptua_genome_busco/run_metazoa_odb10/miniprot_output/translated_proteins/514727at33208.faa
2026-08-20 23:06:56 DEBUG:busco.busco_tools.Toolset	cmd call: hmmsearch --domtblout /work/pi_hputnam_uri_edu/Ptua_genome/Ptua_genome_busco/run_metazoa_odb10/hmmer_output/489997at33208.out --cpu 1 /work/pi_hputnam_uri_edu/lineages/lineages/metazoa_odb10/hmms/489997at33208.hmm /work/pi_hputnam_uri_edu/Ptua_genome/Ptua_genome_busco/run_metazoa_odb10/miniprot_output/translated_proteins/489997at33208.faa
2026-08-20 23:06:57 DEBUG:busco.busco_tools.Toolset	cmd call: hmmsearch --domtblout /work/pi_hputnam_uri_edu/Ptua_genome/Ptua_genome_busco/run_metazoa_odb10/hmmer_output/496219at33208.out --cpu 1 /work/pi_hputnam_uri_edu/lineages/lineages/metazoa_odb10/hmms/496219at33208.hmm /work/pi_hputnam_uri_edu/Ptua_genome/Ptua_genome_busco/run_metazoa_odb10/miniprot_output/translated_proteins/496219at33208.faa
2026-08-20 23:06:57 DEBUG:busco.busco_tools.Toolset	cmd call: hmmsearch --domtblout /work/pi_hputnam_uri_edu/Ptua_genome/Ptua_genome_busco/run_metazoa_odb10/hmmer_output/516321at33208.out --cpu 1 /work/pi_hputnam_uri_edu/lineages/lineages/metazoa_odb10/hmms/516321at33208.hmm /work/pi_hputnam_uri_edu/Ptua_genome/Ptua_genome_busco/run_metazoa_odb10/miniprot_output/translated_proteins/516321at33208.faa
2026-08-20 23:06:57 DEBUG:busco.busco_tools.Toolset	cmd call: hmmsearch --domtblout /work/pi_hputnam_uri_edu/Ptua_genome/Ptua_genome_busco/run_metazoa_odb10/hmmer_output/516481at33208.out --cpu 1 /work/pi_hputnam_uri_edu/lineages/lineages/metazoa_odb10/hmms/516481at33208.hmm /work/pi_hputnam_uri_edu/Ptua_genome/Ptua_genome_busco/run_metazoa_odb10/miniprot_output/translated_proteins/516481at33208.faa
2026-08-20 23:06:57 DEBUG:busco.busco_tools.Toolset	cmd call: hmmsearch --domtblout /work/pi_hputnam_uri_edu/Ptua_genome/Ptua_genome_busco/run_metazoa_odb10/hmmer_output/508188at33208.out --cpu 1 /work/pi_hputnam_uri_edu/lineages/lineages/metazoa_odb10/hmms/508188at33208.hmm /work/pi_hputnam_uri_edu/Ptua_genome/Ptua_genome_busco/run_metazoa_odb10/miniprot_output/translated_proteins/508188at33208.faa
2026-08-20 23:06:58 DEBUG:busco.busco_tools.Toolset	cmd call: hmmsearch --domtblout /work/pi_hputnam_uri_edu/Ptua_genome/Ptua_genome_busco/run_metazoa_odb10/hmmer_output/516659at33208.out --cpu 1 /work/pi_hputnam_uri_edu/lineages/lineages/metazoa_odb10/hmms/516659at33208.hmm /work/pi_hputnam_uri_edu/Ptua_genome/Ptua_genome_busco/run_metazoa_odb10/miniprot_output/translated_proteins/516659at33208.faa
2026-08-20 23:06:58 DEBUG:busco.busco_tools.Toolset	cmd call: hmmsearch --domtblout /work/pi_hputnam_uri_edu/Ptua_genome/Ptua_genome_busco/run_metazoa_odb10/hmmer_output/508379at33208.out --cpu 1 /work/pi_hputnam_uri_edu/lineages/lineages/metazoa_odb10/hmms/508379at33208.hmm /work/pi_hputnam_uri_edu/Ptua_genome/Ptua_genome_busco/run_metazoa_odb10/miniprot_output/translated_proteins/508379at33208.faa
2026-08-20 23:06:58 DEBUG:busco.busco_tools.Toolset	cmd call: hmmsearch --domtblout /work/pi_hputnam_uri_edu/Ptua_genome/Ptua_genome_busco/run_metazoa_odb10/hmmer_output/514740at33208.out --cpu 1 /work/pi_hputnam_uri_edu/lineages/lineages/metazoa_odb10/hmms/514740at33208.hmm /work/pi_hputnam_uri_edu/Ptua_genome/Ptua_genome_busco/run_metazoa_odb10/miniprot_output/translated_proteins/514740at33208.faa
2026-08-20 23:06:58 DEBUG:busco.busco_tools.Toolset	cmd call: hmmsearch --domtblout /work/pi_hputnam_uri_edu/Ptua_genome/Ptua_genome_busco/run_metazoa_odb10/hmmer_output/508986at33208.out --cpu 1 /work/pi_hputnam_uri_edu/lineages/lineages/metazoa_odb10/hmms/508986at33208.hmm /work/pi_hputnam_uri_edu/Ptua_genome/Ptua_genome_busco/run_metazoa_odb10/miniprot_output/translated_proteins/508986at33208.faa
2026-08-20 23:06:58 DEBUG:busco.busco_tools.Toolset	cmd call: hmmsearch --domtblout /work/pi_hputnam_uri_edu/Ptua_genome/Ptua_genome_busco/run_metazoa_odb10/hmmer_output/516716at33208.out --cpu 1 /work/pi_hputnam_uri_edu/lineages/lineages/metazoa_odb10/hmms/516716at33208.hmm /work/pi_hputnam_uri_edu/Ptua_genome/Ptua_genome_busco/run_metazoa_odb10/miniprot_output/translated_proteins/516716at33208.faa
2026-08-20 23:06:58 DEBUG:busco.busco_tools.Toolset	cmd call: hmmsearch --domtblout /work/pi_hputnam_uri_edu/Ptua_genome/Ptua_genome_busco/run_metazoa_odb10/hmmer_output/514834at33208.out --cpu 1 /work/pi_hputnam_uri_edu/lineages/lineages/metazoa_odb10/hmms/514834at33208.hmm /work/pi_hputnam_uri_edu/Ptua_genome/Ptua_genome_busco/run_metazoa_odb10/miniprot_output/translated_proteins/514834at33208.faa
2026-08-20 23:06:58 DEBUG:busco.busco_tools.Toolset	cmd call: hmmsearch --domtblout /work/pi_hputnam_uri_edu/Ptua_genome/Ptua_genome_busco/run_metazoa_odb10/hmmer_output/509494at33208.out --cpu 1 /work/pi_hputnam_uri_edu/lineages/lineages/metazoa_odb10/hmms/509494at33208.hmm /work/pi_hputnam_uri_edu/Ptua_genome/Ptua_genome_busco/run_metazoa_odb10/miniprot_output/translated_proteins/509494at33208.faa
2026-08-20 23:06:58 DEBUG:busco.busco_tools.Toolset	cmd call: hmmsearch --domtblout /work/pi_hputnam_uri_edu/Ptua_genome/Ptua_genome_busco/run_metazoa_odb10/hmmer_output/514892at33208.out --cpu 1 /work/pi_hputnam_uri_edu/lineages/lineages/metazoa_odb10/hmms/514892at33208.hmm /work/pi_hputnam_uri_edu/Ptua_genome/Ptua_genome_busco/run_metazoa_odb10/miniprot_output/translated_proteins/514892at33208.faa
2026-08-20 23:06:58 DEBUG:busco.busco_tools.Toolset	cmd call: hmmsearch --domtblout /work/pi_hputnam_uri_edu/Ptua_genome/Ptua_genome_busco/run_metazoa_odb10/hmmer_output/509816at33208.out --cpu 1 /work/pi_hputnam_uri_edu/lineages/lineages/metazoa_odb10/hmms/509816at33208.hmm /work/pi_hputnam_uri_edu/Ptua_genome/Ptua_genome_busco/run_metazoa_odb10/miniprot_output/translated_proteins/509816at33208.faa
2026-08-20 23:06:58 DEBUG:busco.busco_tools.Toolset	cmd call: hmmsearch --domtblout /work/pi_hputnam_uri_edu/Ptua_genome/Ptua_genome_busco/run_metazoa_odb10/hmmer_output/520011at33208.out --cpu 1 /work/pi_hputnam_uri_edu/lineages/lineages/metazoa_odb10/hmms/520011at33208.hmm /work/pi_hputnam_uri_edu/Ptua_genome/Ptua_genome_busco/run_metazoa_odb10/miniprot_output/translated_proteins/520011at33208.faa
2026-08-20 23:06:58 DEBUG:busco.busco_tools.Toolset	cmd call: hmmsearch --domtblout /work/pi_hputnam_uri_edu/Ptua_genome/Ptua_genome_busco/run_metazoa_odb10/hmmer_output/510174at33208.out --cpu 1 /work/pi_hputnam_uri_edu/lineages/lineages/metazoa_odb10/hmms/510174at33208.hmm /work/pi_hputnam_uri_edu/Ptua_genome/Ptua_genome_busco/run_metazoa_odb10/miniprot_output/translated_proteins/510174at33208.faa
2026-08-20 23:06:59 DEBUG:busco.busco_tools.Toolset	cmd call: hmmsearch --domtblout /work/pi_hputnam_uri_edu/Ptua_genome/Ptua_genome_busco/run_metazoa_odb10/hmmer_output/515058at33208.out --cpu 1 /work/pi_hputnam_uri_edu/lineages/lineages/metazoa_odb10/hmms/515058at33208.hmm /work/pi_hputnam_uri_edu/Ptua_genome/Ptua_genome_busco/run_metazoa_odb10/miniprot_output/translated_proteins/515058at33208.faa
2026-08-20 23:06:59 DEBUG:busco.busco_tools.Toolset	cmd call: hmmsearch --domtblout /work/pi_hputnam_uri_edu/Ptua_genome/Ptua_genome_busco/run_metazoa_odb10/hmmer_output/521343at33208.out --cpu 1 /work/pi_hputnam_uri_edu/lineages/lineages/metazoa_odb10/hmms/521343at33208.hmm /work/pi_hputnam_uri_edu/Ptua_genome/Ptua_genome_busco/run_metazoa_odb10/miniprot_output/translated_proteins/521343at33208.faa
2026-08-20 23:06:59 DEBUG:busco.busco_tools.Toolset	cmd call: hmmsearch --domtblout /work/pi_hputnam_uri_edu/Ptua_genome/Ptua_genome_busco/run_metazoa_odb10/hmmer_output/490248at33208.out --cpu 1 /work/pi_hputnam_uri_edu/lineages/lineages/metazoa_odb10/hmms/490248at33208.hmm /work/pi_hputnam_uri_edu/Ptua_genome/Ptua_genome_busco/run_metazoa_odb10/miniprot_output/translated_proteins/490248at33208.faa
2026-08-20 23:06:59 DEBUG:busco.busco_tools.Toolset	cmd call: hmmsearch --domtblout /work/pi_hputnam_uri_edu/Ptua_genome/Ptua_genome_busco/run_metazoa_odb10/hmmer_output/517311at33208.out --cpu 1 /work/pi_hputnam_uri_edu/lineages/lineages/metazoa_odb10/hmms/517311at33208.hmm /work/pi_hputnam_uri_edu/Ptua_genome/Ptua_genome_busco/run_metazoa_odb10/miniprot_output/translated_proteins/517311at33208.faa
2026-08-20 23:06:59 DEBUG:busco.busco_tools.Toolset	cmd call: hmmsearch --domtblout /work/pi_hputnam_uri_edu/Ptua_genome/Ptua_genome_busco/run_metazoa_odb10/hmmer_output/522886at33208.out --cpu 1 /work/pi_hputnam_uri_edu/lineages/lineages/metazoa_odb10/hmms/522886at33208.hmm /work/pi_hputnam_uri_edu/Ptua_genome/Ptua_genome_busco/run_metazoa_odb10/miniprot_output/translated_proteins/522886at33208.faa
2026-08-20 23:06:59 DEBUG:busco.busco_tools.Toolset	cmd call: hmmsearch --domtblout /work/pi_hputnam_uri_edu/Ptua_genome/Ptua_genome_busco/run_metazoa_odb10/hmmer_output/510522at33208.out --cpu 1 /work/pi_hputnam_uri_edu/lineages/lineages/metazoa_odb10/hmms/510522at33208.hmm /work/pi_hputnam_uri_edu/Ptua_genome/Ptua_genome_busco/run_metazoa_odb10/miniprot_output/translated_proteins/510522at33208.faa
2026-08-20 23:06:59 DEBUG:busco.busco_tools.Toolset	cmd call: hmmsearch --domtblout /work/pi_hputnam_uri_edu/Ptua_genome/Ptua_genome_busco/run_metazoa_odb10/hmmer_output/517525at33208.out --cpu 1 /work/pi_hputnam_uri_edu/lineages/lineages/metazoa_odb10/hmms/517525at33208.hmm /work/pi_hputnam_uri_edu/Ptua_genome/Ptua_genome_busco/run_metazoa_odb10/miniprot_output/translated_proteins/517525at33208.faa
2026-08-20 23:06:59 DEBUG:busco.busco_tools.Toolset	cmd call: hmmsearch --domtblout /work/pi_hputnam_uri_edu/Ptua_genome/Ptua_genome_busco/run_metazoa_odb10/hmmer_output/515377at33208.out --cpu 1 /work/pi_hputnam_uri_edu/lineages/lineages/metazoa_odb10/hmms/515377at33208.hmm /work/pi_hputnam_uri_edu/Ptua_genome/Ptua_genome_busco/run_metazoa_odb10/miniprot_output/translated_proteins/515377at33208.faa
2026-08-20 23:06:59 DEBUG:busco.busco_tools.Toolset	cmd call: hmmsearch --domtblout /work/pi_hputnam_uri_edu/Ptua_genome/Ptua_genome_busco/run_metazoa_odb10/hmmer_output/510581at33208.out --cpu 1 /work/pi_hputnam_uri_edu/lineages/lineages/metazoa_odb10/hmms/510581at33208.hmm /work/pi_hputnam_uri_edu/Ptua_genome/Ptua_genome_busco/run_metazoa_odb10/miniprot_output/translated_proteins/510581at33208.faa
2026-08-20 23:06:59 DEBUG:busco.busco_tools.Toolset	cmd call: hmmsearch --domtblout /work/pi_hputnam_uri_edu/Ptua_genome/Ptua_genome_busco/run_metazoa_odb10/hmmer_output/490961at33208.out --cpu 1 /work/pi_hputnam_uri_edu/lineages/lineages/metazoa_odb10/hmms/490961at33208.hmm /work/pi_hputnam_uri_edu/Ptua_genome/Ptua_genome_busco/run_metazoa_odb10/miniprot_output/translated_proteins/490961at33208.faa
2026-08-20 23:06:59 DEBUG:busco.busco_tools.Toolset	cmd call: hmmsearch --domtblout /work/pi_hputnam_uri_edu/Ptua_genome/Ptua_genome_busco/run_metazoa_odb10/hmmer_output/522988at33208.out --cpu 1 /work/pi_hputnam_uri_edu/lineages/lineages/metazoa_odb10/hmms/522988at33208.hmm /work/pi_hputnam_uri_edu/Ptua_genome/Ptua_genome_busco/run_metazoa_odb10/miniprot_output/translated_proteins/522988at33208.faa
2026-08-20 23:06:59 DEBUG:busco.busco_tools.Toolset	cmd call: hmmsearch --domtblout /work/pi_hputnam_uri_edu/Ptua_genome/Ptua_genome_busco/run_metazoa_odb10/hmmer_output/515410at33208.out --cpu 1 /work/pi_hputnam_uri_edu/lineages/lineages/metazoa_odb10/hmms/515410at33208.hmm /work/pi_hputnam_uri_edu/Ptua_genome/Ptua_genome_busco/run_metazoa_odb10/miniprot_output/translated_proteins/515410at33208.faa
2026-08-20 23:06:59 DEBUG:busco.busco_tools.Toolset	cmd call: hmmsearch --domtblout /work/pi_hputnam_uri_edu/Ptua_genome/Ptua_genome_busco/run_metazoa_odb10/hmmer_output/517686at33208.out --cpu 1 /work/pi_hputnam_uri_edu/lineages/lineages/metazoa_odb10/hmms/517686at33208.hmm /work/pi_hputnam_uri_edu/Ptua_genome/Ptua_genome_busco/run_metazoa_odb10/miniprot_output/translated_proteins/517686at33208.faa
2026-08-20 23:06:59 DEBUG:busco.busco_tools.Toolset	cmd call: hmmsearch --domtblout /work/pi_hputnam_uri_edu/Ptua_genome/Ptua_genome_busco/run_metazoa_odb10/hmmer_output/491252at33208.out --cpu 1 /work/pi_hputnam_uri_edu/lineages/lineages/metazoa_odb10/hmms/491252at33208.hmm /work/pi_hputnam_uri_edu/Ptua_genome/Ptua_genome_busco/run_metazoa_odb10/miniprot_output/translated_proteins/491252at33208.faa
2026-08-20 23:07:00 DEBUG:busco.busco_tools.Toolset	cmd call: hmmsearch --domtblout /work/pi_hputnam_uri_edu/Ptua_genome/Ptua_genome_busco/run_metazoa_odb10/hmmer_output/515425at33208.out --cpu 1 /work/pi_hputnam_uri_edu/lineages/lineages/metazoa_odb10/hmms/515425at33208.hmm /work/pi_hputnam_uri_edu/Ptua_genome/Ptua_genome_busco/run_metazoa_odb10/miniprot_output/translated_proteins/515425at33208.faa
2026-08-20 23:07:00 DEBUG:busco.busco_tools.Toolset	cmd call: hmmsearch --domtblout /work/pi_hputnam_uri_edu/Ptua_genome/Ptua_genome_busco/run_metazoa_odb10/hmmer_output/517968at33208.out --cpu 1 /work/pi_hputnam_uri_edu/lineages/lineages/metazoa_odb10/hmms/517968at33208.hmm /work/pi_hputnam_uri_edu/Ptua_genome/Ptua_genome_busco/run_metazoa_odb10/miniprot_output/translated_proteins/517968at33208.faa
2026-08-20 23:07:00 DEBUG:busco.busco_tools.Toolset	cmd call: hmmsearch --domtblout /work/pi_hputnam_uri_edu/Ptua_genome/Ptua_genome_busco/run_metazoa_odb10/hmmer_output/491289at33208.out --cpu 1 /work/pi_hputnam_uri_edu/lineages/lineages/metazoa_odb10/hmms/491289at33208.hmm /work/pi_hputnam_uri_edu/Ptua_genome/Ptua_genome_busco/run_metazoa_odb10/miniprot_output/translated_proteins/491289at33208.faa
2026-08-20 23:07:00 DEBUG:busco.busco_tools.Toolset	cmd call: hmmsearch --domtblout /work/pi_hputnam_uri_edu/Ptua_genome/Ptua_genome_busco/run_metazoa_odb10/hmmer_output/511272at33208.out --cpu 1 /work/pi_hputnam_uri_edu/lineages/lineages/metazoa_odb10/hmms/511272at33208.hmm /work/pi_hputnam_uri_edu/Ptua_genome/Ptua_genome_busco/run_metazoa_odb10/miniprot_output/translated_proteins/511272at33208.faa
2026-08-20 23:07:00 DEBUG:busco.busco_tools.Toolset	cmd call: hmmsearch --domtblout /work/pi_hputnam_uri_edu/Ptua_genome/Ptua_genome_busco/run_metazoa_odb10/hmmer_output/515528at33208.out --cpu 1 /work/pi_hputnam_uri_edu/lineages/lineages/metazoa_odb10/hmms/515528at33208.hmm /work/pi_hputnam_uri_edu/Ptua_genome/Ptua_genome_busco/run_metazoa_odb10/miniprot_output/translated_proteins/515528at33208.faa
2026-08-20 23:07:00 DEBUG:busco.busco_tools.Toolset	cmd call: hmmsearch --domtblout /work/pi_hputnam_uri_edu/Ptua_genome/Ptua_genome_busco/run_metazoa_odb10/hmmer_output/518288at33208.out --cpu 1 /work/pi_hputnam_uri_edu/lineages/lineages/metazoa_odb10/hmms/518288at33208.hmm /work/pi_hputnam_uri_edu/Ptua_genome/Ptua_genome_busco/run_metazoa_odb10/miniprot_output/translated_proteins/518288at33208.faa
2026-08-20 23:07:00 DEBUG:busco.busco_tools.Toolset	cmd call: hmmsearch --domtblout /work/pi_hputnam_uri_edu/Ptua_genome/Ptua_genome_busco/run_metazoa_odb10/hmmer_output/492033at33208.out --cpu 1 /work/pi_hputnam_uri_edu/lineages/lineages/metazoa_odb10/hmms/492033at33208.hmm /work/pi_hputnam_uri_edu/Ptua_genome/Ptua_genome_busco/run_metazoa_odb10/miniprot_output/translated_proteins/492033at33208.faa
2026-08-20 23:07:00 DEBUG:busco.busco_tools.Toolset	cmd call: hmmsearch --domtblout /work/pi_hputnam_uri_edu/Ptua_genome/Ptua_genome_busco/run_metazoa_odb10/hmmer_output/511386at33208.out --cpu 1 /work/pi_hputnam_uri_edu/lineages/lineages/metazoa_odb10/hmms/511386at33208.hmm /work/pi_hputnam_uri_edu/Ptua_genome/Ptua_genome_busco/run_metazoa_odb10/miniprot_output/translated_proteins/511386at33208.faa
2026-08-20 23:07:01 DEBUG:busco.busco_tools.Toolset	cmd call: hmmsearch --domtblout /work/pi_hputnam_uri_edu/Ptua_genome/Ptua_genome_busco/run_metazoa_odb10/hmmer_output/518569at33208.out --cpu 1 /work/pi_hputnam_uri_edu/lineages/lineages/metazoa_odb10/hmms/518569at33208.hmm /work/pi_hputnam_uri_edu/Ptua_genome/Ptua_genome_busco/run_metazoa_odb10/miniprot_output/translated_proteins/518569at33208.faa
2026-08-20 23:07:01 DEBUG:busco.busco_tools.Toolset	cmd call: hmmsearch --domtblout /work/pi_hputnam_uri_edu/Ptua_genome/Ptua_genome_busco/run_metazoa_odb10/hmmer_output/523206at33208.out --cpu 1 /work/pi_hputnam_uri_edu/lineages/lineages/metazoa_odb10/hmms/523206at33208.hmm /work/pi_hputnam_uri_edu/Ptua_genome/Ptua_genome_busco/run_metazoa_odb10/miniprot_output/translated_proteins/523206at33208.faa
2026-08-20 23:07:01 DEBUG:busco.busco_tools.Toolset	cmd call: hmmsearch --domtblout /work/pi_hputnam_uri_edu/Ptua_genome/Ptua_genome_busco/run_metazoa_odb10/hmmer_output/527406at33208.out --cpu 1 /work/pi_hputnam_uri_edu/lineages/lineages/metazoa_odb10/hmms/527406at33208.hmm /work/pi_hputnam_uri_edu/Ptua_genome/Ptua_genome_busco/run_metazoa_odb10/miniprot_output/translated_proteins/527406at33208.faa
2026-08-20 23:07:01 INFO:busco.busco_tools.Toolset	[hmmsearch]	573 of 954 task(s) completed
2026-08-20 23:07:01 DEBUG:busco.busco_tools.Toolset	cmd call: hmmsearch --domtblout /work/pi_hputnam_uri_edu/Ptua_genome/Ptua_genome_busco/run_metazoa_odb10/hmmer_output/511575at33208.out --cpu 1 /work/pi_hputnam_uri_edu/lineages/lineages/metazoa_odb10/hmms/511575at33208.hmm /work/pi_hputnam_uri_edu/Ptua_genome/Ptua_genome_busco/run_metazoa_odb10/miniprot_output/translated_proteins/511575at33208.faa
2026-08-20 23:07:01 DEBUG:busco.busco_tools.Toolset	cmd call: hmmsearch --domtblout /work/pi_hputnam_uri_edu/Ptua_genome/Ptua_genome_busco/run_metazoa_odb10/hmmer_output/523376at33208.out --cpu 1 /work/pi_hputnam_uri_edu/lineages/lineages/metazoa_odb10/hmms/523376at33208.hmm /work/pi_hputnam_uri_edu/Ptua_genome/Ptua_genome_busco/run_metazoa_odb10/miniprot_output/translated_proteins/523376at33208.faa
2026-08-20 23:07:01 DEBUG:busco.busco_tools.Toolset	cmd call: hmmsearch --domtblout /work/pi_hputnam_uri_edu/Ptua_genome/Ptua_genome_busco/run_metazoa_odb10/hmmer_output/528325at33208.out --cpu 1 /work/pi_hputnam_uri_edu/lineages/lineages/metazoa_odb10/hmms/528325at33208.hmm /work/pi_hputnam_uri_edu/Ptua_genome/Ptua_genome_busco/run_metazoa_odb10/miniprot_output/translated_proteins/528325at33208.faa
2026-08-20 23:07:01 DEBUG:busco.busco_tools.Toolset	cmd call: hmmsearch --domtblout /work/pi_hputnam_uri_edu/Ptua_genome/Ptua_genome_busco/run_metazoa_odb10/hmmer_output/518635at33208.out --cpu 1 /work/pi_hputnam_uri_edu/lineages/lineages/metazoa_odb10/hmms/518635at33208.hmm /work/pi_hputnam_uri_edu/Ptua_genome/Ptua_genome_busco/run_metazoa_odb10/miniprot_output/translated_proteins/518635at33208.faa
2026-08-20 23:07:01 DEBUG:busco.busco_tools.Toolset	cmd call: hmmsearch --domtblout /work/pi_hputnam_uri_edu/Ptua_genome/Ptua_genome_busco/run_metazoa_odb10/hmmer_output/523534at33208.out --cpu 1 /work/pi_hputnam_uri_edu/lineages/lineages/metazoa_odb10/hmms/523534at33208.hmm /work/pi_hputnam_uri_edu/Ptua_genome/Ptua_genome_busco/run_metazoa_odb10/miniprot_output/translated_proteins/523534at33208.faa
2026-08-20 23:07:01 DEBUG:busco.busco_tools.Toolset	cmd call: hmmsearch --domtblout /work/pi_hputnam_uri_edu/Ptua_genome/Ptua_genome_busco/run_metazoa_odb10/hmmer_output/529092at33208.out --cpu 1 /work/pi_hputnam_uri_edu/lineages/lineages/metazoa_odb10/hmms/529092at33208.hmm /work/pi_hputnam_uri_edu/Ptua_genome/Ptua_genome_busco/run_metazoa_odb10/miniprot_output/translated_proteins/529092at33208.faa
2026-08-20 23:07:02 DEBUG:busco.busco_tools.Toolset	cmd call: hmmsearch --domtblout /work/pi_hputnam_uri_edu/Ptua_genome/Ptua_genome_busco/run_metazoa_odb10/hmmer_output/529093at33208.out --cpu 1 /work/pi_hputnam_uri_edu/lineages/lineages/metazoa_odb10/hmms/529093at33208.hmm /work/pi_hputnam_uri_edu/Ptua_genome/Ptua_genome_busco/run_metazoa_odb10/miniprot_output/translated_proteins/529093at33208.faa
2026-08-20 23:07:02 DEBUG:busco.busco_tools.Toolset	cmd call: hmmsearch --domtblout /work/pi_hputnam_uri_edu/Ptua_genome/Ptua_genome_busco/run_metazoa_odb10/hmmer_output/524148at33208.out --cpu 1 /work/pi_hputnam_uri_edu/lineages/lineages/metazoa_odb10/hmms/524148at33208.hmm /work/pi_hputnam_uri_edu/Ptua_genome/Ptua_genome_busco/run_metazoa_odb10/miniprot_output/translated_proteins/524148at33208.faa
2026-08-20 23:07:02 DEBUG:busco.busco_tools.Toolset	cmd call: hmmsearch --domtblout /work/pi_hputnam_uri_edu/Ptua_genome/Ptua_genome_busco/run_metazoa_odb10/hmmer_output/519030at33208.out --cpu 1 /work/pi_hputnam_uri_edu/lineages/lineages/metazoa_odb10/hmms/519030at33208.hmm /work/pi_hputnam_uri_edu/Ptua_genome/Ptua_genome_busco/run_metazoa_odb10/miniprot_output/translated_proteins/519030at33208.faa
2026-08-20 23:07:02 DEBUG:busco.busco_tools.Toolset	cmd call: hmmsearch --domtblout /work/pi_hputnam_uri_edu/Ptua_genome/Ptua_genome_busco/run_metazoa_odb10/hmmer_output/519303at33208.out --cpu 1 /work/pi_hputnam_uri_edu/lineages/lineages/metazoa_odb10/hmms/519303at33208.hmm /work/pi_hputnam_uri_edu/Ptua_genome/Ptua_genome_busco/run_metazoa_odb10/miniprot_output/translated_proteins/519303at33208.faa
2026-08-20 23:07:02 DEBUG:busco.busco_tools.Toolset	cmd call: hmmsearch --domtblout /work/pi_hputnam_uri_edu/Ptua_genome/Ptua_genome_busco/run_metazoa_odb10/hmmer_output/529708at33208.out --cpu 1 /work/pi_hputnam_uri_edu/lineages/lineages/metazoa_odb10/hmms/529708at33208.hmm /work/pi_hputnam_uri_edu/Ptua_genome/Ptua_genome_busco/run_metazoa_odb10/miniprot_output/translated_proteins/529708at33208.faa
2026-08-20 23:07:02 DEBUG:busco.busco_tools.Toolset	cmd call: hmmsearch --domtblout /work/pi_hputnam_uri_edu/Ptua_genome/Ptua_genome_busco/run_metazoa_odb10/hmmer_output/524165at33208.out --cpu 1 /work/pi_hputnam_uri_edu/lineages/lineages/metazoa_odb10/hmms/524165at33208.hmm /work/pi_hputnam_uri_edu/Ptua_genome/Ptua_genome_busco/run_metazoa_odb10/miniprot_output/translated_proteins/524165at33208.faa
2026-08-20 23:07:02 DEBUG:busco.busco_tools.Toolset	cmd call: hmmsearch --domtblout /work/pi_hputnam_uri_edu/Ptua_genome/Ptua_genome_busco/run_metazoa_odb10/hmmer_output/529852at33208.out --cpu 1 /work/pi_hputnam_uri_edu/lineages/lineages/metazoa_odb10/hmms/529852at33208.hmm /work/pi_hputnam_uri_edu/Ptua_genome/Ptua_genome_busco/run_metazoa_odb10/miniprot_output/translated_proteins/529852at33208.faa
2026-08-20 23:07:02 DEBUG:busco.busco_tools.Toolset	cmd call: hmmsearch --domtblout /work/pi_hputnam_uri_edu/Ptua_genome/Ptua_genome_busco/run_metazoa_odb10/hmmer_output/530431at33208.out --cpu 1 /work/pi_hputnam_uri_edu/lineages/lineages/metazoa_odb10/hmms/530431at33208.hmm /work/pi_hputnam_uri_edu/Ptua_genome/Ptua_genome_busco/run_metazoa_odb10/miniprot_output/translated_proteins/530431at33208.faa
2026-08-20 23:07:02 DEBUG:busco.busco_tools.Toolset	cmd call: hmmsearch --domtblout /work/pi_hputnam_uri_edu/Ptua_genome/Ptua_genome_busco/run_metazoa_odb10/hmmer_output/534757at33208.out --cpu 1 /work/pi_hputnam_uri_edu/lineages/lineages/metazoa_odb10/hmms/534757at33208.hmm /work/pi_hputnam_uri_edu/Ptua_genome/Ptua_genome_busco/run_metazoa_odb10/miniprot_output/translated_proteins/534757at33208.faa
2026-08-20 23:07:02 DEBUG:busco.busco_tools.Toolset	cmd call: hmmsearch --domtblout /work/pi_hputnam_uri_edu/Ptua_genome/Ptua_genome_busco/run_metazoa_odb10/hmmer_output/519777at33208.out --cpu 1 /work/pi_hputnam_uri_edu/lineages/lineages/metazoa_odb10/hmms/519777at33208.hmm /work/pi_hputnam_uri_edu/Ptua_genome/Ptua_genome_busco/run_metazoa_odb10/miniprot_output/translated_proteins/519777at33208.faa
2026-08-20 23:07:03 DEBUG:busco.busco_tools.Toolset	cmd call: hmmsearch --domtblout /work/pi_hputnam_uri_edu/Ptua_genome/Ptua_genome_busco/run_metazoa_odb10/hmmer_output/534808at33208.out --cpu 1 /work/pi_hputnam_uri_edu/lineages/lineages/metazoa_odb10/hmms/534808at33208.hmm /work/pi_hputnam_uri_edu/Ptua_genome/Ptua_genome_busco/run_metazoa_odb10/miniprot_output/translated_proteins/534808at33208.faa
2026-08-20 23:07:03 DEBUG:busco.busco_tools.Toolset	cmd call: hmmsearch --domtblout /work/pi_hputnam_uri_edu/Ptua_genome/Ptua_genome_busco/run_metazoa_odb10/hmmer_output/524322at33208.out --cpu 1 /work/pi_hputnam_uri_edu/lineages/lineages/metazoa_odb10/hmms/524322at33208.hmm /work/pi_hputnam_uri_edu/Ptua_genome/Ptua_genome_busco/run_metazoa_odb10/miniprot_output/translated_proteins/524322at33208.faa
2026-08-20 23:07:03 DEBUG:busco.busco_tools.Toolset	cmd call: hmmsearch --domtblout /work/pi_hputnam_uri_edu/Ptua_genome/Ptua_genome_busco/run_metazoa_odb10/hmmer_output/525542at33208.out --cpu 1 /work/pi_hputnam_uri_edu/lineages/lineages/metazoa_odb10/hmms/525542at33208.hmm /work/pi_hputnam_uri_edu/Ptua_genome/Ptua_genome_busco/run_metazoa_odb10/miniprot_output/translated_proteins/525542at33208.faa
2026-08-20 23:07:03 DEBUG:busco.busco_tools.Toolset	cmd call: hmmsearch --domtblout /work/pi_hputnam_uri_edu/Ptua_genome/Ptua_genome_busco/run_metazoa_odb10/hmmer_output/535268at33208.out --cpu 1 /work/pi_hputnam_uri_edu/lineages/lineages/metazoa_odb10/hmms/535268at33208.hmm /work/pi_hputnam_uri_edu/Ptua_genome/Ptua_genome_busco/run_metazoa_odb10/miniprot_output/translated_proteins/535268at33208.faa
2026-08-20 23:07:03 DEBUG:busco.busco_tools.Toolset	cmd call: hmmsearch --domtblout /work/pi_hputnam_uri_edu/Ptua_genome/Ptua_genome_busco/run_metazoa_odb10/hmmer_output/525888at33208.out --cpu 1 /work/pi_hputnam_uri_edu/lineages/lineages/metazoa_odb10/hmms/525888at33208.hmm /work/pi_hputnam_uri_edu/Ptua_genome/Ptua_genome_busco/run_metazoa_odb10/miniprot_output/translated_proteins/525888at33208.faa
2026-08-20 23:07:03 DEBUG:busco.busco_tools.Toolset	cmd call: hmmsearch --domtblout /work/pi_hputnam_uri_edu/Ptua_genome/Ptua_genome_busco/run_metazoa_odb10/hmmer_output/535367at33208.out --cpu 1 /work/pi_hputnam_uri_edu/lineages/lineages/metazoa_odb10/hmms/535367at33208.hmm /work/pi_hputnam_uri_edu/Ptua_genome/Ptua_genome_busco/run_metazoa_odb10/miniprot_output/translated_proteins/535367at33208.faa
2026-08-20 23:07:03 DEBUG:busco.busco_tools.Toolset	cmd call: hmmsearch --domtblout /work/pi_hputnam_uri_edu/Ptua_genome/Ptua_genome_busco/run_metazoa_odb10/hmmer_output/526074at33208.out --cpu 1 /work/pi_hputnam_uri_edu/lineages/lineages/metazoa_odb10/hmms/526074at33208.hmm /work/pi_hputnam_uri_edu/Ptua_genome/Ptua_genome_busco/run_metazoa_odb10/miniprot_output/translated_proteins/526074at33208.faa
2026-08-20 23:07:04 DEBUG:busco.busco_tools.Toolset	cmd call: hmmsearch --domtblout /work/pi_hputnam_uri_edu/Ptua_genome/Ptua_genome_busco/run_metazoa_odb10/hmmer_output/526487at33208.out --cpu 1 /work/pi_hputnam_uri_edu/lineages/lineages/metazoa_odb10/hmms/526487at33208.hmm /work/pi_hputnam_uri_edu/Ptua_genome/Ptua_genome_busco/run_metazoa_odb10/miniprot_output/translated_proteins/526487at33208.faa
2026-08-20 23:07:04 DEBUG:busco.busco_tools.Toolset	cmd call: hmmsearch --domtblout /work/pi_hputnam_uri_edu/Ptua_genome/Ptua_genome_busco/run_metazoa_odb10/hmmer_output/535524at33208.out --cpu 1 /work/pi_hputnam_uri_edu/lineages/lineages/metazoa_odb10/hmms/535524at33208.hmm /work/pi_hputnam_uri_edu/Ptua_genome/Ptua_genome_busco/run_metazoa_odb10/miniprot_output/translated_proteins/535524at33208.faa
2026-08-20 23:07:04 DEBUG:busco.busco_tools.Toolset	cmd call: hmmsearch --domtblout /work/pi_hputnam_uri_edu/Ptua_genome/Ptua_genome_busco/run_metazoa_odb10/hmmer_output/532406at33208.out --cpu 1 /work/pi_hputnam_uri_edu/lineages/lineages/metazoa_odb10/hmms/532406at33208.hmm /work/pi_hputnam_uri_edu/Ptua_genome/Ptua_genome_busco/run_metazoa_odb10/miniprot_output/translated_proteins/532406at33208.faa
2026-08-20 23:07:04 DEBUG:busco.busco_tools.Toolset	cmd call: hmmsearch --domtblout /work/pi_hputnam_uri_edu/Ptua_genome/Ptua_genome_busco/run_metazoa_odb10/hmmer_output/535650at33208.out --cpu 1 /work/pi_hputnam_uri_edu/lineages/lineages/metazoa_odb10/hmms/535650at33208.hmm /work/pi_hputnam_uri_edu/Ptua_genome/Ptua_genome_busco/run_metazoa_odb10/miniprot_output/translated_proteins/535650at33208.faa
2026-08-20 23:07:04 DEBUG:busco.busco_tools.Toolset	cmd call: hmmsearch --domtblout /work/pi_hputnam_uri_edu/Ptua_genome/Ptua_genome_busco/run_metazoa_odb10/hmmer_output/532693at33208.out --cpu 1 /work/pi_hputnam_uri_edu/lineages/lineages/metazoa_odb10/hmms/532693at33208.hmm /work/pi_hputnam_uri_edu/Ptua_genome/Ptua_genome_busco/run_metazoa_odb10/miniprot_output/translated_proteins/532693at33208.faa
2026-08-20 23:07:04 DEBUG:busco.busco_tools.Toolset	cmd call: hmmsearch --domtblout /work/pi_hputnam_uri_edu/Ptua_genome/Ptua_genome_busco/run_metazoa_odb10/hmmer_output/526673at33208.out --cpu 1 /work/pi_hputnam_uri_edu/lineages/lineages/metazoa_odb10/hmms/526673at33208.hmm /work/pi_hputnam_uri_edu/Ptua_genome/Ptua_genome_busco/run_metazoa_odb10/miniprot_output/translated_proteins/526673at33208.faa
2026-08-20 23:07:04 DEBUG:busco.busco_tools.Toolset	cmd call: hmmsearch --domtblout /work/pi_hputnam_uri_edu/Ptua_genome/Ptua_genome_busco/run_metazoa_odb10/hmmer_output/539215at33208.out --cpu 1 /work/pi_hputnam_uri_edu/lineages/lineages/metazoa_odb10/hmms/539215at33208.hmm /work/pi_hputnam_uri_edu/Ptua_genome/Ptua_genome_busco/run_metazoa_odb10/miniprot_output/translated_proteins/539215at33208.faa
2026-08-20 23:07:04 DEBUG:busco.busco_tools.Toolset	cmd call: hmmsearch --domtblout /work/pi_hputnam_uri_edu/Ptua_genome/Ptua_genome_busco/run_metazoa_odb10/hmmer_output/535664at33208.out --cpu 1 /work/pi_hputnam_uri_edu/lineages/lineages/metazoa_odb10/hmms/535664at33208.hmm /work/pi_hputnam_uri_edu/Ptua_genome/Ptua_genome_busco/run_metazoa_odb10/miniprot_output/translated_proteins/535664at33208.faa
2026-08-20 23:07:04 DEBUG:busco.busco_tools.Toolset	cmd call: hmmsearch --domtblout /work/pi_hputnam_uri_edu/Ptua_genome/Ptua_genome_busco/run_metazoa_odb10/hmmer_output/535782at33208.out --cpu 1 /work/pi_hputnam_uri_edu/lineages/lineages/metazoa_odb10/hmms/535782at33208.hmm /work/pi_hputnam_uri_edu/Ptua_genome/Ptua_genome_busco/run_metazoa_odb10/miniprot_output/translated_proteins/535782at33208.faa
2026-08-20 23:07:04 DEBUG:busco.busco_tools.Toolset	cmd call: hmmsearch --domtblout /work/pi_hputnam_uri_edu/Ptua_genome/Ptua_genome_busco/run_metazoa_odb10/hmmer_output/539234at33208.out --cpu 1 /work/pi_hputnam_uri_edu/lineages/lineages/metazoa_odb10/hmms/539234at33208.hmm /work/pi_hputnam_uri_edu/Ptua_genome/Ptua_genome_busco/run_metazoa_odb10/miniprot_output/translated_proteins/539234at33208.faa
2026-08-20 23:07:04 DEBUG:busco.busco_tools.Toolset	cmd call: hmmsearch --domtblout /work/pi_hputnam_uri_edu/Ptua_genome/Ptua_genome_busco/run_metazoa_odb10/hmmer_output/532728at33208.out --cpu 1 /work/pi_hputnam_uri_edu/lineages/lineages/metazoa_odb10/hmms/532728at33208.hmm /work/pi_hputnam_uri_edu/Ptua_genome/Ptua_genome_busco/run_metazoa_odb10/miniprot_output/translated_proteins/532728at33208.faa
2026-08-20 23:07:05 DEBUG:busco.busco_tools.Toolset	cmd call: hmmsearch --domtblout /work/pi_hputnam_uri_edu/Ptua_genome/Ptua_genome_busco/run_metazoa_odb10/hmmer_output/535806at33208.out --cpu 1 /work/pi_hputnam_uri_edu/lineages/lineages/metazoa_odb10/hmms/535806at33208.hmm /work/pi_hputnam_uri_edu/Ptua_genome/Ptua_genome_busco/run_metazoa_odb10/miniprot_output/translated_proteins/535806at33208.faa
2026-08-20 23:07:05 DEBUG:busco.busco_tools.Toolset	cmd call: hmmsearch --domtblout /work/pi_hputnam_uri_edu/Ptua_genome/Ptua_genome_busco/run_metazoa_odb10/hmmer_output/532930at33208.out --cpu 1 /work/pi_hputnam_uri_edu/lineages/lineages/metazoa_odb10/hmms/532930at33208.hmm /work/pi_hputnam_uri_edu/Ptua_genome/Ptua_genome_busco/run_metazoa_odb10/miniprot_output/translated_proteins/532930at33208.faa
2026-08-20 23:07:05 DEBUG:busco.busco_tools.Toolset	cmd call: hmmsearch --domtblout /work/pi_hputnam_uri_edu/Ptua_genome/Ptua_genome_busco/run_metazoa_odb10/hmmer_output/526839at33208.out --cpu 1 /work/pi_hputnam_uri_edu/lineages/lineages/metazoa_odb10/hmms/526839at33208.hmm /work/pi_hputnam_uri_edu/Ptua_genome/Ptua_genome_busco/run_metazoa_odb10/miniprot_output/translated_proteins/526839at33208.faa
2026-08-20 23:07:05 DEBUG:busco.busco_tools.Toolset	cmd call: hmmsearch --domtblout /work/pi_hputnam_uri_edu/Ptua_genome/Ptua_genome_busco/run_metazoa_odb10/hmmer_output/539360at33208.out --cpu 1 /work/pi_hputnam_uri_edu/lineages/lineages/metazoa_odb10/hmms/539360at33208.hmm /work/pi_hputnam_uri_edu/Ptua_genome/Ptua_genome_busco/run_metazoa_odb10/miniprot_output/translated_proteins/539360at33208.faa
2026-08-20 23:07:05 DEBUG:busco.busco_tools.Toolset	cmd call: hmmsearch --domtblout /work/pi_hputnam_uri_edu/Ptua_genome/Ptua_genome_busco/run_metazoa_odb10/hmmer_output/536251at33208.out --cpu 1 /work/pi_hputnam_uri_edu/lineages/lineages/metazoa_odb10/hmms/536251at33208.hmm /work/pi_hputnam_uri_edu/Ptua_genome/Ptua_genome_busco/run_metazoa_odb10/miniprot_output/translated_proteins/536251at33208.faa
2026-08-20 23:07:05 DEBUG:busco.busco_tools.Toolset	cmd call: hmmsearch --domtblout /work/pi_hputnam_uri_edu/Ptua_genome/Ptua_genome_busco/run_metazoa_odb10/hmmer_output/533666at33208.out --cpu 1 /work/pi_hputnam_uri_edu/lineages/lineages/metazoa_odb10/hmms/533666at33208.hmm /work/pi_hputnam_uri_edu/Ptua_genome/Ptua_genome_busco/run_metazoa_odb10/miniprot_output/translated_proteins/533666at33208.faa
2026-08-20 23:07:05 DEBUG:busco.busco_tools.Toolset	cmd call: hmmsearch --domtblout /work/pi_hputnam_uri_edu/Ptua_genome/Ptua_genome_busco/run_metazoa_odb10/hmmer_output/539600at33208.out --cpu 1 /work/pi_hputnam_uri_edu/lineages/lineages/metazoa_odb10/hmms/539600at33208.hmm /work/pi_hputnam_uri_edu/Ptua_genome/Ptua_genome_busco/run_metazoa_odb10/miniprot_output/translated_proteins/539600at33208.faa
2026-08-20 23:07:05 DEBUG:busco.busco_tools.Toolset	cmd call: hmmsearch --domtblout /work/pi_hputnam_uri_edu/Ptua_genome/Ptua_genome_busco/run_metazoa_odb10/hmmer_output/533690at33208.out --cpu 1 /work/pi_hputnam_uri_edu/lineages/lineages/metazoa_odb10/hmms/533690at33208.hmm /work/pi_hputnam_uri_edu/Ptua_genome/Ptua_genome_busco/run_metazoa_odb10/miniprot_output/translated_proteins/533690at33208.faa
2026-08-20 23:07:05 DEBUG:busco.busco_tools.Toolset	cmd call: hmmsearch --domtblout /work/pi_hputnam_uri_edu/Ptua_genome/Ptua_genome_busco/run_metazoa_odb10/hmmer_output/537470at33208.out --cpu 1 /work/pi_hputnam_uri_edu/lineages/lineages/metazoa_odb10/hmms/537470at33208.hmm /work/pi_hputnam_uri_edu/Ptua_genome/Ptua_genome_busco/run_metazoa_odb10/miniprot_output/translated_proteins/537470at33208.faa
2026-08-20 23:07:05 DEBUG:busco.busco_tools.Toolset	cmd call: hmmsearch --domtblout /work/pi_hputnam_uri_edu/Ptua_genome/Ptua_genome_busco/run_metazoa_odb10/hmmer_output/540193at33208.out --cpu 1 /work/pi_hputnam_uri_edu/lineages/lineages/metazoa_odb10/hmms/540193at33208.hmm /work/pi_hputnam_uri_edu/Ptua_genome/Ptua_genome_busco/run_metazoa_odb10/miniprot_output/translated_proteins/540193at33208.faa
2026-08-20 23:07:05 DEBUG:busco.busco_tools.Toolset	cmd call: hmmsearch --domtblout /work/pi_hputnam_uri_edu/Ptua_genome/Ptua_genome_busco/run_metazoa_odb10/hmmer_output/537548at33208.out --cpu 1 /work/pi_hputnam_uri_edu/lineages/lineages/metazoa_odb10/hmms/537548at33208.hmm /work/pi_hputnam_uri_edu/Ptua_genome/Ptua_genome_busco/run_metazoa_odb10/miniprot_output/translated_proteins/537548at33208.faa
2026-08-20 23:07:05 DEBUG:busco.busco_tools.Toolset	cmd call: hmmsearch --domtblout /work/pi_hputnam_uri_edu/Ptua_genome/Ptua_genome_busco/run_metazoa_odb10/hmmer_output/541231at33208.out --cpu 1 /work/pi_hputnam_uri_edu/lineages/lineages/metazoa_odb10/hmms/541231at33208.hmm /work/pi_hputnam_uri_edu/Ptua_genome/Ptua_genome_busco/run_metazoa_odb10/miniprot_output/translated_proteins/541231at33208.faa
2026-08-20 23:07:05 DEBUG:busco.busco_tools.Toolset	cmd call: hmmsearch --domtblout /work/pi_hputnam_uri_edu/Ptua_genome/Ptua_genome_busco/run_metazoa_odb10/hmmer_output/534172at33208.out --cpu 1 /work/pi_hputnam_uri_edu/lineages/lineages/metazoa_odb10/hmms/534172at33208.hmm /work/pi_hputnam_uri_edu/Ptua_genome/Ptua_genome_busco/run_metazoa_odb10/miniprot_output/translated_proteins/534172at33208.faa
2026-08-20 23:07:06 DEBUG:busco.busco_tools.Toolset	cmd call: hmmsearch --domtblout /work/pi_hputnam_uri_edu/Ptua_genome/Ptua_genome_busco/run_metazoa_odb10/hmmer_output/534206at33208.out --cpu 1 /work/pi_hputnam_uri_edu/lineages/lineages/metazoa_odb10/hmms/534206at33208.hmm /work/pi_hputnam_uri_edu/Ptua_genome/Ptua_genome_busco/run_metazoa_odb10/miniprot_output/translated_proteins/534206at33208.faa
2026-08-20 23:07:06 DEBUG:busco.busco_tools.Toolset	cmd call: hmmsearch --domtblout /work/pi_hputnam_uri_edu/Ptua_genome/Ptua_genome_busco/run_metazoa_odb10/hmmer_output/537718at33208.out --cpu 1 /work/pi_hputnam_uri_edu/lineages/lineages/metazoa_odb10/hmms/537718at33208.hmm /work/pi_hputnam_uri_edu/Ptua_genome/Ptua_genome_busco/run_metazoa_odb10/miniprot_output/translated_proteins/537718at33208.faa
2026-08-20 23:07:06 DEBUG:busco.busco_tools.Toolset	cmd call: hmmsearch --domtblout /work/pi_hputnam_uri_edu/Ptua_genome/Ptua_genome_busco/run_metazoa_odb10/hmmer_output/541260at33208.out --cpu 1 /work/pi_hputnam_uri_edu/lineages/lineages/metazoa_odb10/hmms/541260at33208.hmm /work/pi_hputnam_uri_edu/Ptua_genome/Ptua_genome_busco/run_metazoa_odb10/miniprot_output/translated_proteins/541260at33208.faa
2026-08-20 23:07:06 DEBUG:busco.busco_tools.Toolset	cmd call: hmmsearch --domtblout /work/pi_hputnam_uri_edu/Ptua_genome/Ptua_genome_busco/run_metazoa_odb10/hmmer_output/545744at33208.out --cpu 1 /work/pi_hputnam_uri_edu/lineages/lineages/metazoa_odb10/hmms/545744at33208.hmm /work/pi_hputnam_uri_edu/Ptua_genome/Ptua_genome_busco/run_metazoa_odb10/miniprot_output/translated_proteins/545744at33208.faa
2026-08-20 23:07:06 DEBUG:busco.busco_tools.Toolset	cmd call: hmmsearch --domtblout /work/pi_hputnam_uri_edu/Ptua_genome/Ptua_genome_busco/run_metazoa_odb10/hmmer_output/534312at33208.out --cpu 1 /work/pi_hputnam_uri_edu/lineages/lineages/metazoa_odb10/hmms/534312at33208.hmm /work/pi_hputnam_uri_edu/Ptua_genome/Ptua_genome_busco/run_metazoa_odb10/miniprot_output/translated_proteins/534312at33208.faa
2026-08-20 23:07:06 DEBUG:busco.busco_tools.Toolset	cmd call: hmmsearch --domtblout /work/pi_hputnam_uri_edu/Ptua_genome/Ptua_genome_busco/run_metazoa_odb10/hmmer_output/541421at33208.out --cpu 1 /work/pi_hputnam_uri_edu/lineages/lineages/metazoa_odb10/hmms/541421at33208.hmm /work/pi_hputnam_uri_edu/Ptua_genome/Ptua_genome_busco/run_metazoa_odb10/miniprot_output/translated_proteins/541421at33208.faa
2026-08-20 23:07:06 DEBUG:busco.busco_tools.Toolset	cmd call: hmmsearch --domtblout /work/pi_hputnam_uri_edu/Ptua_genome/Ptua_genome_busco/run_metazoa_odb10/hmmer_output/537923at33208.out --cpu 1 /work/pi_hputnam_uri_edu/lineages/lineages/metazoa_odb10/hmms/537923at33208.hmm /work/pi_hputnam_uri_edu/Ptua_genome/Ptua_genome_busco/run_metazoa_odb10/miniprot_output/translated_proteins/537923at33208.faa
2026-08-20 23:07:06 DEBUG:busco.busco_tools.Toolset	cmd call: hmmsearch --domtblout /work/pi_hputnam_uri_edu/Ptua_genome/Ptua_genome_busco/run_metazoa_odb10/hmmer_output/545889at33208.out --cpu 1 /work/pi_hputnam_uri_edu/lineages/lineages/metazoa_odb10/hmms/545889at33208.hmm /work/pi_hputnam_uri_edu/Ptua_genome/Ptua_genome_busco/run_metazoa_odb10/miniprot_output/translated_proteins/545889at33208.faa
2026-08-20 23:07:06 DEBUG:busco.busco_tools.Toolset	cmd call: hmmsearch --domtblout /work/pi_hputnam_uri_edu/Ptua_genome/Ptua_genome_busco/run_metazoa_odb10/hmmer_output/543124at33208.out --cpu 1 /work/pi_hputnam_uri_edu/lineages/lineages/metazoa_odb10/hmms/543124at33208.hmm /work/pi_hputnam_uri_edu/Ptua_genome/Ptua_genome_busco/run_metazoa_odb10/miniprot_output/translated_proteins/543124at33208.faa
2026-08-20 23:07:06 DEBUG:busco.busco_tools.Toolset	cmd call: hmmsearch --domtblout /work/pi_hputnam_uri_edu/Ptua_genome/Ptua_genome_busco/run_metazoa_odb10/hmmer_output/538442at33208.out --cpu 1 /work/pi_hputnam_uri_edu/lineages/lineages/metazoa_odb10/hmms/538442at33208.hmm /work/pi_hputnam_uri_edu/Ptua_genome/Ptua_genome_busco/run_metazoa_odb10/miniprot_output/translated_proteins/538442at33208.faa
2026-08-20 23:07:06 DEBUG:busco.busco_tools.Toolset	cmd call: hmmsearch --domtblout /work/pi_hputnam_uri_edu/Ptua_genome/Ptua_genome_busco/run_metazoa_odb10/hmmer_output/546305at33208.out --cpu 1 /work/pi_hputnam_uri_edu/lineages/lineages/metazoa_odb10/hmms/546305at33208.hmm /work/pi_hputnam_uri_edu/Ptua_genome/Ptua_genome_busco/run_metazoa_odb10/miniprot_output/translated_proteins/546305at33208.faa
2026-08-20 23:07:06 DEBUG:busco.busco_tools.Toolset	cmd call: hmmsearch --domtblout /work/pi_hputnam_uri_edu/Ptua_genome/Ptua_genome_busco/run_metazoa_odb10/hmmer_output/539043at33208.out --cpu 1 /work/pi_hputnam_uri_edu/lineages/lineages/metazoa_odb10/hmms/539043at33208.hmm /work/pi_hputnam_uri_edu/Ptua_genome/Ptua_genome_busco/run_metazoa_odb10/miniprot_output/translated_proteins/539043at33208.faa
2026-08-20 23:07:06 DEBUG:busco.busco_tools.Toolset	cmd call: hmmsearch --domtblout /work/pi_hputnam_uri_edu/Ptua_genome/Ptua_genome_busco/run_metazoa_odb10/hmmer_output/543269at33208.out --cpu 1 /work/pi_hputnam_uri_edu/lineages/lineages/metazoa_odb10/hmms/543269at33208.hmm /work/pi_hputnam_uri_edu/Ptua_genome/Ptua_genome_busco/run_metazoa_odb10/miniprot_output/translated_proteins/543269at33208.faa
2026-08-20 23:07:06 DEBUG:busco.busco_tools.Toolset	cmd call: hmmsearch --domtblout /work/pi_hputnam_uri_edu/Ptua_genome/Ptua_genome_busco/run_metazoa_odb10/hmmer_output/546751at33208.out --cpu 1 /work/pi_hputnam_uri_edu/lineages/lineages/metazoa_odb10/hmms/546751at33208.hmm /work/pi_hputnam_uri_edu/Ptua_genome/Ptua_genome_busco/run_metazoa_odb10/miniprot_output/translated_proteins/546751at33208.faa
2026-08-20 23:07:07 DEBUG:busco.busco_tools.Toolset	cmd call: hmmsearch --domtblout /work/pi_hputnam_uri_edu/Ptua_genome/Ptua_genome_busco/run_metazoa_odb10/hmmer_output/544546at33208.out --cpu 1 /work/pi_hputnam_uri_edu/lineages/lineages/metazoa_odb10/hmms/544546at33208.hmm /work/pi_hputnam_uri_edu/Ptua_genome/Ptua_genome_busco/run_metazoa_odb10/miniprot_output/translated_proteins/544546at33208.faa
2026-08-20 23:07:07 DEBUG:busco.busco_tools.Toolset	cmd call: hmmsearch --domtblout /work/pi_hputnam_uri_edu/Ptua_genome/Ptua_genome_busco/run_metazoa_odb10/hmmer_output/547099at33208.out --cpu 1 /work/pi_hputnam_uri_edu/lineages/lineages/metazoa_odb10/hmms/547099at33208.hmm /work/pi_hputnam_uri_edu/Ptua_genome/Ptua_genome_busco/run_metazoa_odb10/miniprot_output/translated_proteins/547099at33208.faa
2026-08-20 23:07:07 DEBUG:busco.busco_tools.Toolset	cmd call: hmmsearch --domtblout /work/pi_hputnam_uri_edu/Ptua_genome/Ptua_genome_busco/run_metazoa_odb10/hmmer_output/544849at33208.out --cpu 1 /work/pi_hputnam_uri_edu/lineages/lineages/metazoa_odb10/hmms/544849at33208.hmm /work/pi_hputnam_uri_edu/Ptua_genome/Ptua_genome_busco/run_metazoa_odb10/miniprot_output/translated_proteins/544849at33208.faa
2026-08-20 23:07:07 DEBUG:busco.busco_tools.Toolset	cmd call: hmmsearch --domtblout /work/pi_hputnam_uri_edu/Ptua_genome/Ptua_genome_busco/run_metazoa_odb10/hmmer_output/547341at33208.out --cpu 1 /work/pi_hputnam_uri_edu/lineages/lineages/metazoa_odb10/hmms/547341at33208.hmm /work/pi_hputnam_uri_edu/Ptua_genome/Ptua_genome_busco/run_metazoa_odb10/miniprot_output/translated_proteins/547341at33208.faa
2026-08-20 23:07:07 DEBUG:busco.busco_tools.Toolset	cmd call: hmmsearch --domtblout /work/pi_hputnam_uri_edu/Ptua_genome/Ptua_genome_busco/run_metazoa_odb10/hmmer_output/544919at33208.out --cpu 1 /work/pi_hputnam_uri_edu/lineages/lineages/metazoa_odb10/hmms/544919at33208.hmm /work/pi_hputnam_uri_edu/Ptua_genome/Ptua_genome_busco/run_metazoa_odb10/miniprot_output/translated_proteins/544919at33208.faa
2026-08-20 23:07:07 DEBUG:busco.busco_tools.Toolset	cmd call: hmmsearch --domtblout /work/pi_hputnam_uri_edu/Ptua_genome/Ptua_genome_busco/run_metazoa_odb10/hmmer_output/547766at33208.out --cpu 1 /work/pi_hputnam_uri_edu/lineages/lineages/metazoa_odb10/hmms/547766at33208.hmm /work/pi_hputnam_uri_edu/Ptua_genome/Ptua_genome_busco/run_metazoa_odb10/miniprot_output/translated_proteins/547766at33208.faa
2026-08-20 23:07:07 DEBUG:busco.busco_tools.Toolset	cmd call: hmmsearch --domtblout /work/pi_hputnam_uri_edu/Ptua_genome/Ptua_genome_busco/run_metazoa_odb10/hmmer_output/545063at33208.out --cpu 1 /work/pi_hputnam_uri_edu/lineages/lineages/metazoa_odb10/hmms/545063at33208.hmm /work/pi_hputnam_uri_edu/Ptua_genome/Ptua_genome_busco/run_metazoa_odb10/miniprot_output/translated_proteins/545063at33208.faa
2026-08-20 23:07:07 DEBUG:busco.busco_tools.Toolset	cmd call: hmmsearch --domtblout /work/pi_hputnam_uri_edu/Ptua_genome/Ptua_genome_busco/run_metazoa_odb10/hmmer_output/552201at33208.out --cpu 1 /work/pi_hputnam_uri_edu/lineages/lineages/metazoa_odb10/hmms/552201at33208.hmm /work/pi_hputnam_uri_edu/Ptua_genome/Ptua_genome_busco/run_metazoa_odb10/miniprot_output/translated_proteins/552201at33208.faa
2026-08-20 23:07:07 DEBUG:busco.busco_tools.Toolset	cmd call: hmmsearch --domtblout /work/pi_hputnam_uri_edu/Ptua_genome/Ptua_genome_busco/run_metazoa_odb10/hmmer_output/548327at33208.out --cpu 1 /work/pi_hputnam_uri_edu/lineages/lineages/metazoa_odb10/hmms/548327at33208.hmm /work/pi_hputnam_uri_edu/Ptua_genome/Ptua_genome_busco/run_metazoa_odb10/miniprot_output/translated_proteins/548327at33208.faa
2026-08-20 23:07:08 DEBUG:busco.busco_tools.Toolset	cmd call: hmmsearch --domtblout /work/pi_hputnam_uri_edu/Ptua_genome/Ptua_genome_busco/run_metazoa_odb10/hmmer_output/545389at33208.out --cpu 1 /work/pi_hputnam_uri_edu/lineages/lineages/metazoa_odb10/hmms/545389at33208.hmm /work/pi_hputnam_uri_edu/Ptua_genome/Ptua_genome_busco/run_metazoa_odb10/miniprot_output/translated_proteins/545389at33208.faa
2026-08-20 23:07:08 DEBUG:busco.busco_tools.Toolset	cmd call: hmmsearch --domtblout /work/pi_hputnam_uri_edu/Ptua_genome/Ptua_genome_busco/run_metazoa_odb10/hmmer_output/552359at33208.out --cpu 1 /work/pi_hputnam_uri_edu/lineages/lineages/metazoa_odb10/hmms/552359at33208.hmm /work/pi_hputnam_uri_edu/Ptua_genome/Ptua_genome_busco/run_metazoa_odb10/miniprot_output/translated_proteins/552359at33208.faa
2026-08-20 23:07:08 DEBUG:busco.busco_tools.Toolset	cmd call: hmmsearch --domtblout /work/pi_hputnam_uri_edu/Ptua_genome/Ptua_genome_busco/run_metazoa_odb10/hmmer_output/548444at33208.out --cpu 1 /work/pi_hputnam_uri_edu/lineages/lineages/metazoa_odb10/hmms/548444at33208.hmm /work/pi_hputnam_uri_edu/Ptua_genome/Ptua_genome_busco/run_metazoa_odb10/miniprot_output/translated_proteins/548444at33208.faa
2026-08-20 23:07:08 DEBUG:busco.busco_tools.Toolset	cmd call: hmmsearch --domtblout /work/pi_hputnam_uri_edu/Ptua_genome/Ptua_genome_busco/run_metazoa_odb10/hmmer_output/552764at33208.out --cpu 1 /work/pi_hputnam_uri_edu/lineages/lineages/metazoa_odb10/hmms/552764at33208.hmm /work/pi_hputnam_uri_edu/Ptua_genome/Ptua_genome_busco/run_metazoa_odb10/miniprot_output/translated_proteins/552764at33208.faa
2026-08-20 23:07:08 DEBUG:busco.busco_tools.Toolset	cmd call: hmmsearch --domtblout /work/pi_hputnam_uri_edu/Ptua_genome/Ptua_genome_busco/run_metazoa_odb10/hmmer_output/545641at33208.out --cpu 1 /work/pi_hputnam_uri_edu/lineages/lineages/metazoa_odb10/hmms/545641at33208.hmm /work/pi_hputnam_uri_edu/Ptua_genome/Ptua_genome_busco/run_metazoa_odb10/miniprot_output/translated_proteins/545641at33208.faa
2026-08-20 23:07:08 DEBUG:busco.busco_tools.Toolset	cmd call: hmmsearch --domtblout /work/pi_hputnam_uri_edu/Ptua_genome/Ptua_genome_busco/run_metazoa_odb10/hmmer_output/552949at33208.out --cpu 1 /work/pi_hputnam_uri_edu/lineages/lineages/metazoa_odb10/hmms/552949at33208.hmm /work/pi_hputnam_uri_edu/Ptua_genome/Ptua_genome_busco/run_metazoa_odb10/miniprot_output/translated_proteins/552949at33208.faa
2026-08-20 23:07:08 DEBUG:busco.busco_tools.Toolset	cmd call: hmmsearch --domtblout /work/pi_hputnam_uri_edu/Ptua_genome/Ptua_genome_busco/run_metazoa_odb10/hmmer_output/548732at33208.out --cpu 1 /work/pi_hputnam_uri_edu/lineages/lineages/metazoa_odb10/hmms/548732at33208.hmm /work/pi_hputnam_uri_edu/Ptua_genome/Ptua_genome_busco/run_metazoa_odb10/miniprot_output/translated_proteins/548732at33208.faa
2026-08-20 23:07:08 DEBUG:busco.busco_tools.Toolset	cmd call: hmmsearch --domtblout /work/pi_hputnam_uri_edu/Ptua_genome/Ptua_genome_busco/run_metazoa_odb10/hmmer_output/549156at33208.out --cpu 1 /work/pi_hputnam_uri_edu/lineages/lineages/metazoa_odb10/hmms/549156at33208.hmm /work/pi_hputnam_uri_edu/Ptua_genome/Ptua_genome_busco/run_metazoa_odb10/miniprot_output/translated_proteins/549156at33208.faa
2026-08-20 23:07:08 DEBUG:busco.busco_tools.Toolset	cmd call: hmmsearch --domtblout /work/pi_hputnam_uri_edu/Ptua_genome/Ptua_genome_busco/run_metazoa_odb10/hmmer_output/553411at33208.out --cpu 1 /work/pi_hputnam_uri_edu/lineages/lineages/metazoa_odb10/hmms/553411at33208.hmm /work/pi_hputnam_uri_edu/Ptua_genome/Ptua_genome_busco/run_metazoa_odb10/miniprot_output/translated_proteins/553411at33208.faa
2026-08-20 23:07:09 DEBUG:busco.busco_tools.Toolset	cmd call: hmmsearch --domtblout /work/pi_hputnam_uri_edu/Ptua_genome/Ptua_genome_busco/run_metazoa_odb10/hmmer_output/556510at33208.out --cpu 1 /work/pi_hputnam_uri_edu/lineages/lineages/metazoa_odb10/hmms/556510at33208.hmm /work/pi_hputnam_uri_edu/Ptua_genome/Ptua_genome_busco/run_metazoa_odb10/miniprot_output/translated_proteins/556510at33208.faa
2026-08-20 23:07:09 DEBUG:busco.busco_tools.Toolset	cmd call: hmmsearch --domtblout /work/pi_hputnam_uri_edu/Ptua_genome/Ptua_genome_busco/run_metazoa_odb10/hmmer_output/549988at33208.out --cpu 1 /work/pi_hputnam_uri_edu/lineages/lineages/metazoa_odb10/hmms/549988at33208.hmm /work/pi_hputnam_uri_edu/Ptua_genome/Ptua_genome_busco/run_metazoa_odb10/miniprot_output/translated_proteins/549988at33208.faa
2026-08-20 23:07:09 DEBUG:busco.busco_tools.Toolset	cmd call: hmmsearch --domtblout /work/pi_hputnam_uri_edu/Ptua_genome/Ptua_genome_busco/run_metazoa_odb10/hmmer_output/553585at33208.out --cpu 1 /work/pi_hputnam_uri_edu/lineages/lineages/metazoa_odb10/hmms/553585at33208.hmm /work/pi_hputnam_uri_edu/Ptua_genome/Ptua_genome_busco/run_metazoa_odb10/miniprot_output/translated_proteins/553585at33208.faa
2026-08-20 23:07:09 DEBUG:busco.busco_tools.Toolset	cmd call: hmmsearch --domtblout /work/pi_hputnam_uri_edu/Ptua_genome/Ptua_genome_busco/run_metazoa_odb10/hmmer_output/551166at33208.out --cpu 1 /work/pi_hputnam_uri_edu/lineages/lineages/metazoa_odb10/hmms/551166at33208.hmm /work/pi_hputnam_uri_edu/Ptua_genome/Ptua_genome_busco/run_metazoa_odb10/miniprot_output/translated_proteins/551166at33208.faa
2026-08-20 23:07:09 DEBUG:busco.busco_tools.Toolset	cmd call: hmmsearch --domtblout /work/pi_hputnam_uri_edu/Ptua_genome/Ptua_genome_busco/run_metazoa_odb10/hmmer_output/554010at33208.out --cpu 1 /work/pi_hputnam_uri_edu/lineages/lineages/metazoa_odb10/hmms/554010at33208.hmm /work/pi_hputnam_uri_edu/Ptua_genome/Ptua_genome_busco/run_metazoa_odb10/miniprot_output/translated_proteins/554010at33208.faa
2026-08-20 23:07:09 DEBUG:busco.busco_tools.Toolset	cmd call: hmmsearch --domtblout /work/pi_hputnam_uri_edu/Ptua_genome/Ptua_genome_busco/run_metazoa_odb10/hmmer_output/556587at33208.out --cpu 1 /work/pi_hputnam_uri_edu/lineages/lineages/metazoa_odb10/hmms/556587at33208.hmm /work/pi_hputnam_uri_edu/Ptua_genome/Ptua_genome_busco/run_metazoa_odb10/miniprot_output/translated_proteins/556587at33208.faa
2026-08-20 23:07:09 DEBUG:busco.busco_tools.Toolset	cmd call: hmmsearch --domtblout /work/pi_hputnam_uri_edu/Ptua_genome/Ptua_genome_busco/run_metazoa_odb10/hmmer_output/551620at33208.out --cpu 1 /work/pi_hputnam_uri_edu/lineages/lineages/metazoa_odb10/hmms/551620at33208.hmm /work/pi_hputnam_uri_edu/Ptua_genome/Ptua_genome_busco/run_metazoa_odb10/miniprot_output/translated_proteins/551620at33208.faa
2026-08-20 23:07:09 DEBUG:busco.busco_tools.Toolset	cmd call: hmmsearch --domtblout /work/pi_hputnam_uri_edu/Ptua_genome/Ptua_genome_busco/run_metazoa_odb10/hmmer_output/554815at33208.out --cpu 1 /work/pi_hputnam_uri_edu/lineages/lineages/metazoa_odb10/hmms/554815at33208.hmm /work/pi_hputnam_uri_edu/Ptua_genome/Ptua_genome_busco/run_metazoa_odb10/miniprot_output/translated_proteins/554815at33208.faa
2026-08-20 23:07:09 DEBUG:busco.busco_tools.Toolset	cmd call: hmmsearch --domtblout /work/pi_hputnam_uri_edu/Ptua_genome/Ptua_genome_busco/run_metazoa_odb10/hmmer_output/556750at33208.out --cpu 1 /work/pi_hputnam_uri_edu/lineages/lineages/metazoa_odb10/hmms/556750at33208.hmm /work/pi_hputnam_uri_edu/Ptua_genome/Ptua_genome_busco/run_metazoa_odb10/miniprot_output/translated_proteins/556750at33208.faa
2026-08-20 23:07:09 DEBUG:busco.busco_tools.Toolset	cmd call: hmmsearch --domtblout /work/pi_hputnam_uri_edu/Ptua_genome/Ptua_genome_busco/run_metazoa_odb10/hmmer_output/556925at33208.out --cpu 1 /work/pi_hputnam_uri_edu/lineages/lineages/metazoa_odb10/hmms/556925at33208.hmm /work/pi_hputnam_uri_edu/Ptua_genome/Ptua_genome_busco/run_metazoa_odb10/miniprot_output/translated_proteins/556925at33208.faa
2026-08-20 23:07:09 DEBUG:busco.busco_tools.Toolset	cmd call: hmmsearch --domtblout /work/pi_hputnam_uri_edu/Ptua_genome/Ptua_genome_busco/run_metazoa_odb10/hmmer_output/555162at33208.out --cpu 1 /work/pi_hputnam_uri_edu/lineages/lineages/metazoa_odb10/hmms/555162at33208.hmm /work/pi_hputnam_uri_edu/Ptua_genome/Ptua_genome_busco/run_metazoa_odb10/miniprot_output/translated_proteins/555162at33208.faa
2026-08-20 23:07:09 DEBUG:busco.busco_tools.Toolset	cmd call: hmmsearch --domtblout /work/pi_hputnam_uri_edu/Ptua_genome/Ptua_genome_busco/run_metazoa_odb10/hmmer_output/551632at33208.out --cpu 1 /work/pi_hputnam_uri_edu/lineages/lineages/metazoa_odb10/hmms/551632at33208.hmm /work/pi_hputnam_uri_edu/Ptua_genome/Ptua_genome_busco/run_metazoa_odb10/miniprot_output/translated_proteins/551632at33208.faa
2026-08-20 23:07:09 DEBUG:busco.busco_tools.Toolset	cmd call: hmmsearch --domtblout /work/pi_hputnam_uri_edu/Ptua_genome/Ptua_genome_busco/run_metazoa_odb10/hmmer_output/555390at33208.out --cpu 1 /work/pi_hputnam_uri_edu/lineages/lineages/metazoa_odb10/hmms/555390at33208.hmm /work/pi_hputnam_uri_edu/Ptua_genome/Ptua_genome_busco/run_metazoa_odb10/miniprot_output/translated_proteins/555390at33208.faa
2026-08-20 23:07:10 DEBUG:busco.busco_tools.Toolset	cmd call: hmmsearch --domtblout /work/pi_hputnam_uri_edu/Ptua_genome/Ptua_genome_busco/run_metazoa_odb10/hmmer_output/557292at33208.out --cpu 1 /work/pi_hputnam_uri_edu/lineages/lineages/metazoa_odb10/hmms/557292at33208.hmm /work/pi_hputnam_uri_edu/Ptua_genome/Ptua_genome_busco/run_metazoa_odb10/miniprot_output/translated_proteins/557292at33208.faa
2026-08-20 23:07:10 INFO:busco.busco_tools.Toolset	[hmmsearch]	668 of 954 task(s) completed
2026-08-20 23:07:10 DEBUG:busco.busco_tools.Toolset	cmd call: hmmsearch --domtblout /work/pi_hputnam_uri_edu/Ptua_genome/Ptua_genome_busco/run_metazoa_odb10/hmmer_output/551831at33208.out --cpu 1 /work/pi_hputnam_uri_edu/lineages/lineages/metazoa_odb10/hmms/551831at33208.hmm /work/pi_hputnam_uri_edu/Ptua_genome/Ptua_genome_busco/run_metazoa_odb10/miniprot_output/translated_proteins/551831at33208.faa
2026-08-20 23:07:10 DEBUG:busco.busco_tools.Toolset	cmd call: hmmsearch --domtblout /work/pi_hputnam_uri_edu/Ptua_genome/Ptua_genome_busco/run_metazoa_odb10/hmmer_output/555538at33208.out --cpu 1 /work/pi_hputnam_uri_edu/lineages/lineages/metazoa_odb10/hmms/555538at33208.hmm /work/pi_hputnam_uri_edu/Ptua_genome/Ptua_genome_busco/run_metazoa_odb10/miniprot_output/translated_proteins/555538at33208.faa
2026-08-20 23:07:10 DEBUG:busco.busco_tools.Toolset	cmd call: hmmsearch --domtblout /work/pi_hputnam_uri_edu/Ptua_genome/Ptua_genome_busco/run_metazoa_odb10/hmmer_output/557596at33208.out --cpu 1 /work/pi_hputnam_uri_edu/lineages/lineages/metazoa_odb10/hmms/557596at33208.hmm /work/pi_hputnam_uri_edu/Ptua_genome/Ptua_genome_busco/run_metazoa_odb10/miniprot_output/translated_proteins/557596at33208.faa
2026-08-20 23:07:10 DEBUG:busco.busco_tools.Toolset	cmd call: hmmsearch --domtblout /work/pi_hputnam_uri_edu/Ptua_genome/Ptua_genome_busco/run_metazoa_odb10/hmmer_output/556039at33208.out --cpu 1 /work/pi_hputnam_uri_edu/lineages/lineages/metazoa_odb10/hmms/556039at33208.hmm /work/pi_hputnam_uri_edu/Ptua_genome/Ptua_genome_busco/run_metazoa_odb10/miniprot_output/translated_proteins/556039at33208.faa
2026-08-20 23:07:10 DEBUG:busco.busco_tools.Toolset	cmd call: hmmsearch --domtblout /work/pi_hputnam_uri_edu/Ptua_genome/Ptua_genome_busco/run_metazoa_odb10/hmmer_output/559501at33208.out --cpu 1 /work/pi_hputnam_uri_edu/lineages/lineages/metazoa_odb10/hmms/559501at33208.hmm /work/pi_hputnam_uri_edu/Ptua_genome/Ptua_genome_busco/run_metazoa_odb10/miniprot_output/translated_proteins/559501at33208.faa
2026-08-20 23:07:10 DEBUG:busco.busco_tools.Toolset	cmd call: hmmsearch --domtblout /work/pi_hputnam_uri_edu/Ptua_genome/Ptua_genome_busco/run_metazoa_odb10/hmmer_output/557694at33208.out --cpu 1 /work/pi_hputnam_uri_edu/lineages/lineages/metazoa_odb10/hmms/557694at33208.hmm /work/pi_hputnam_uri_edu/Ptua_genome/Ptua_genome_busco/run_metazoa_odb10/miniprot_output/translated_proteins/557694at33208.faa
2026-08-20 23:07:10 DEBUG:busco.busco_tools.Toolset	cmd call: hmmsearch --domtblout /work/pi_hputnam_uri_edu/Ptua_genome/Ptua_genome_busco/run_metazoa_odb10/hmmer_output/556189at33208.out --cpu 1 /work/pi_hputnam_uri_edu/lineages/lineages/metazoa_odb10/hmms/556189at33208.hmm /work/pi_hputnam_uri_edu/Ptua_genome/Ptua_genome_busco/run_metazoa_odb10/miniprot_output/translated_proteins/556189at33208.faa
2026-08-20 23:07:10 DEBUG:busco.busco_tools.Toolset	cmd call: hmmsearch --domtblout /work/pi_hputnam_uri_edu/Ptua_genome/Ptua_genome_busco/run_metazoa_odb10/hmmer_output/557834at33208.out --cpu 1 /work/pi_hputnam_uri_edu/lineages/lineages/metazoa_odb10/hmms/557834at33208.hmm /work/pi_hputnam_uri_edu/Ptua_genome/Ptua_genome_busco/run_metazoa_odb10/miniprot_output/translated_proteins/557834at33208.faa
2026-08-20 23:07:10 DEBUG:busco.busco_tools.Toolset	cmd call: hmmsearch --domtblout /work/pi_hputnam_uri_edu/Ptua_genome/Ptua_genome_busco/run_metazoa_odb10/hmmer_output/559576at33208.out --cpu 1 /work/pi_hputnam_uri_edu/lineages/lineages/metazoa_odb10/hmms/559576at33208.hmm /work/pi_hputnam_uri_edu/Ptua_genome/Ptua_genome_busco/run_metazoa_odb10/miniprot_output/translated_proteins/559576at33208.faa
2026-08-20 23:07:10 DEBUG:busco.busco_tools.Toolset	cmd call: hmmsearch --domtblout /work/pi_hputnam_uri_edu/Ptua_genome/Ptua_genome_busco/run_metazoa_odb10/hmmer_output/556337at33208.out --cpu 1 /work/pi_hputnam_uri_edu/lineages/lineages/metazoa_odb10/hmms/556337at33208.hmm /work/pi_hputnam_uri_edu/Ptua_genome/Ptua_genome_busco/run_metazoa_odb10/miniprot_output/translated_proteins/556337at33208.faa
2026-08-20 23:07:10 DEBUG:busco.busco_tools.Toolset	cmd call: hmmsearch --domtblout /work/pi_hputnam_uri_edu/Ptua_genome/Ptua_genome_busco/run_metazoa_odb10/hmmer_output/559732at33208.out --cpu 1 /work/pi_hputnam_uri_edu/lineages/lineages/metazoa_odb10/hmms/559732at33208.hmm /work/pi_hputnam_uri_edu/Ptua_genome/Ptua_genome_busco/run_metazoa_odb10/miniprot_output/translated_proteins/559732at33208.faa
2026-08-20 23:07:11 DEBUG:busco.busco_tools.Toolset	cmd call: hmmsearch --domtblout /work/pi_hputnam_uri_edu/Ptua_genome/Ptua_genome_busco/run_metazoa_odb10/hmmer_output/556445at33208.out --cpu 1 /work/pi_hputnam_uri_edu/lineages/lineages/metazoa_odb10/hmms/556445at33208.hmm /work/pi_hputnam_uri_edu/Ptua_genome/Ptua_genome_busco/run_metazoa_odb10/miniprot_output/translated_proteins/556445at33208.faa
2026-08-20 23:07:11 DEBUG:busco.busco_tools.Toolset	cmd call: hmmsearch --domtblout /work/pi_hputnam_uri_edu/Ptua_genome/Ptua_genome_busco/run_metazoa_odb10/hmmer_output/557962at33208.out --cpu 1 /work/pi_hputnam_uri_edu/lineages/lineages/metazoa_odb10/hmms/557962at33208.hmm /work/pi_hputnam_uri_edu/Ptua_genome/Ptua_genome_busco/run_metazoa_odb10/miniprot_output/translated_proteins/557962at33208.faa
2026-08-20 23:07:11 DEBUG:busco.busco_tools.Toolset	cmd call: hmmsearch --domtblout /work/pi_hputnam_uri_edu/Ptua_genome/Ptua_genome_busco/run_metazoa_odb10/hmmer_output/559883at33208.out --cpu 1 /work/pi_hputnam_uri_edu/lineages/lineages/metazoa_odb10/hmms/559883at33208.hmm /work/pi_hputnam_uri_edu/Ptua_genome/Ptua_genome_busco/run_metazoa_odb10/miniprot_output/translated_proteins/559883at33208.faa
2026-08-20 23:07:11 DEBUG:busco.busco_tools.Toolset	cmd call: hmmsearch --domtblout /work/pi_hputnam_uri_edu/Ptua_genome/Ptua_genome_busco/run_metazoa_odb10/hmmer_output/556461at33208.out --cpu 1 /work/pi_hputnam_uri_edu/lineages/lineages/metazoa_odb10/hmms/556461at33208.hmm /work/pi_hputnam_uri_edu/Ptua_genome/Ptua_genome_busco/run_metazoa_odb10/miniprot_output/translated_proteins/556461at33208.faa
2026-08-20 23:07:11 DEBUG:busco.busco_tools.Toolset	cmd call: hmmsearch --domtblout /work/pi_hputnam_uri_edu/Ptua_genome/Ptua_genome_busco/run_metazoa_odb10/hmmer_output/560453at33208.out --cpu 1 /work/pi_hputnam_uri_edu/lineages/lineages/metazoa_odb10/hmms/560453at33208.hmm /work/pi_hputnam_uri_edu/Ptua_genome/Ptua_genome_busco/run_metazoa_odb10/miniprot_output/translated_proteins/560453at33208.faa
2026-08-20 23:07:11 DEBUG:busco.busco_tools.Toolset	cmd call: hmmsearch --domtblout /work/pi_hputnam_uri_edu/Ptua_genome/Ptua_genome_busco/run_metazoa_odb10/hmmer_output/558368at33208.out --cpu 1 /work/pi_hputnam_uri_edu/lineages/lineages/metazoa_odb10/hmms/558368at33208.hmm /work/pi_hputnam_uri_edu/Ptua_genome/Ptua_genome_busco/run_metazoa_odb10/miniprot_output/translated_proteins/558368at33208.faa
2026-08-20 23:07:11 DEBUG:busco.busco_tools.Toolset	cmd call: hmmsearch --domtblout /work/pi_hputnam_uri_edu/Ptua_genome/Ptua_genome_busco/run_metazoa_odb10/hmmer_output/558385at33208.out --cpu 1 /work/pi_hputnam_uri_edu/lineages/lineages/metazoa_odb10/hmms/558385at33208.hmm /work/pi_hputnam_uri_edu/Ptua_genome/Ptua_genome_busco/run_metazoa_odb10/miniprot_output/translated_proteins/558385at33208.faa
2026-08-20 23:07:11 DEBUG:busco.busco_tools.Toolset	cmd call: hmmsearch --domtblout /work/pi_hputnam_uri_edu/Ptua_genome/Ptua_genome_busco/run_metazoa_odb10/hmmer_output/560566at33208.out --cpu 1 /work/pi_hputnam_uri_edu/lineages/lineages/metazoa_odb10/hmms/560566at33208.hmm /work/pi_hputnam_uri_edu/Ptua_genome/Ptua_genome_busco/run_metazoa_odb10/miniprot_output/translated_proteins/560566at33208.faa
2026-08-20 23:07:11 DEBUG:busco.busco_tools.Toolset	cmd call: hmmsearch --domtblout /work/pi_hputnam_uri_edu/Ptua_genome/Ptua_genome_busco/run_metazoa_odb10/hmmer_output/560584at33208.out --cpu 1 /work/pi_hputnam_uri_edu/lineages/lineages/metazoa_odb10/hmms/560584at33208.hmm /work/pi_hputnam_uri_edu/Ptua_genome/Ptua_genome_busco/run_metazoa_odb10/miniprot_output/translated_proteins/560584at33208.faa
2026-08-20 23:07:11 DEBUG:busco.busco_tools.Toolset	cmd call: hmmsearch --domtblout /work/pi_hputnam_uri_edu/Ptua_genome/Ptua_genome_busco/run_metazoa_odb10/hmmer_output/558552at33208.out --cpu 1 /work/pi_hputnam_uri_edu/lineages/lineages/metazoa_odb10/hmms/558552at33208.hmm /work/pi_hputnam_uri_edu/Ptua_genome/Ptua_genome_busco/run_metazoa_odb10/miniprot_output/translated_proteins/558552at33208.faa
2026-08-20 23:07:11 DEBUG:busco.busco_tools.Toolset	cmd call: hmmsearch --domtblout /work/pi_hputnam_uri_edu/Ptua_genome/Ptua_genome_busco/run_metazoa_odb10/hmmer_output/560694at33208.out --cpu 1 /work/pi_hputnam_uri_edu/lineages/lineages/metazoa_odb10/hmms/560694at33208.hmm /work/pi_hputnam_uri_edu/Ptua_genome/Ptua_genome_busco/run_metazoa_odb10/miniprot_output/translated_proteins/560694at33208.faa
2026-08-20 23:07:11 DEBUG:busco.busco_tools.Toolset	cmd call: hmmsearch --domtblout /work/pi_hputnam_uri_edu/Ptua_genome/Ptua_genome_busco/run_metazoa_odb10/hmmer_output/558791at33208.out --cpu 1 /work/pi_hputnam_uri_edu/lineages/lineages/metazoa_odb10/hmms/558791at33208.hmm /work/pi_hputnam_uri_edu/Ptua_genome/Ptua_genome_busco/run_metazoa_odb10/miniprot_output/translated_proteins/558791at33208.faa
2026-08-20 23:07:11 DEBUG:busco.busco_tools.Toolset	cmd call: hmmsearch --domtblout /work/pi_hputnam_uri_edu/Ptua_genome/Ptua_genome_busco/run_metazoa_odb10/hmmer_output/563358at33208.out --cpu 1 /work/pi_hputnam_uri_edu/lineages/lineages/metazoa_odb10/hmms/563358at33208.hmm /work/pi_hputnam_uri_edu/Ptua_genome/Ptua_genome_busco/run_metazoa_odb10/miniprot_output/translated_proteins/563358at33208.faa
2026-08-20 23:07:11 DEBUG:busco.busco_tools.Toolset	cmd call: hmmsearch --domtblout /work/pi_hputnam_uri_edu/Ptua_genome/Ptua_genome_busco/run_metazoa_odb10/hmmer_output/561054at33208.out --cpu 1 /work/pi_hputnam_uri_edu/lineages/lineages/metazoa_odb10/hmms/561054at33208.hmm /work/pi_hputnam_uri_edu/Ptua_genome/Ptua_genome_busco/run_metazoa_odb10/miniprot_output/translated_proteins/561054at33208.faa
2026-08-20 23:07:11 DEBUG:busco.busco_tools.Toolset	cmd call: hmmsearch --domtblout /work/pi_hputnam_uri_edu/Ptua_genome/Ptua_genome_busco/run_metazoa_odb10/hmmer_output/558897at33208.out --cpu 1 /work/pi_hputnam_uri_edu/lineages/lineages/metazoa_odb10/hmms/558897at33208.hmm /work/pi_hputnam_uri_edu/Ptua_genome/Ptua_genome_busco/run_metazoa_odb10/miniprot_output/translated_proteins/558897at33208.faa
2026-08-20 23:07:12 DEBUG:busco.busco_tools.Toolset	cmd call: hmmsearch --domtblout /work/pi_hputnam_uri_edu/Ptua_genome/Ptua_genome_busco/run_metazoa_odb10/hmmer_output/561248at33208.out --cpu 1 /work/pi_hputnam_uri_edu/lineages/lineages/metazoa_odb10/hmms/561248at33208.hmm /work/pi_hputnam_uri_edu/Ptua_genome/Ptua_genome_busco/run_metazoa_odb10/miniprot_output/translated_proteins/561248at33208.faa
2026-08-20 23:07:12 DEBUG:busco.busco_tools.Toolset	cmd call: hmmsearch --domtblout /work/pi_hputnam_uri_edu/Ptua_genome/Ptua_genome_busco/run_metazoa_odb10/hmmer_output/563359at33208.out --cpu 1 /work/pi_hputnam_uri_edu/lineages/lineages/metazoa_odb10/hmms/563359at33208.hmm /work/pi_hputnam_uri_edu/Ptua_genome/Ptua_genome_busco/run_metazoa_odb10/miniprot_output/translated_proteins/563359at33208.faa
2026-08-20 23:07:12 DEBUG:busco.busco_tools.Toolset	cmd call: hmmsearch --domtblout /work/pi_hputnam_uri_edu/Ptua_genome/Ptua_genome_busco/run_metazoa_odb10/hmmer_output/558933at33208.out --cpu 1 /work/pi_hputnam_uri_edu/lineages/lineages/metazoa_odb10/hmms/558933at33208.hmm /work/pi_hputnam_uri_edu/Ptua_genome/Ptua_genome_busco/run_metazoa_odb10/miniprot_output/translated_proteins/558933at33208.faa
2026-08-20 23:07:12 DEBUG:busco.busco_tools.Toolset	cmd call: hmmsearch --domtblout /work/pi_hputnam_uri_edu/Ptua_genome/Ptua_genome_busco/run_metazoa_odb10/hmmer_output/563426at33208.out --cpu 1 /work/pi_hputnam_uri_edu/lineages/lineages/metazoa_odb10/hmms/563426at33208.hmm /work/pi_hputnam_uri_edu/Ptua_genome/Ptua_genome_busco/run_metazoa_odb10/miniprot_output/translated_proteins/563426at33208.faa
2026-08-20 23:07:12 DEBUG:busco.busco_tools.Toolset	cmd call: hmmsearch --domtblout /work/pi_hputnam_uri_edu/Ptua_genome/Ptua_genome_busco/run_metazoa_odb10/hmmer_output/561417at33208.out --cpu 1 /work/pi_hputnam_uri_edu/lineages/lineages/metazoa_odb10/hmms/561417at33208.hmm /work/pi_hputnam_uri_edu/Ptua_genome/Ptua_genome_busco/run_metazoa_odb10/miniprot_output/translated_proteins/561417at33208.faa
2026-08-20 23:07:12 DEBUG:busco.busco_tools.Toolset	cmd call: hmmsearch --domtblout /work/pi_hputnam_uri_edu/Ptua_genome/Ptua_genome_busco/run_metazoa_odb10/hmmer_output/559146at33208.out --cpu 1 /work/pi_hputnam_uri_edu/lineages/lineages/metazoa_odb10/hmms/559146at33208.hmm /work/pi_hputnam_uri_edu/Ptua_genome/Ptua_genome_busco/run_metazoa_odb10/miniprot_output/translated_proteins/559146at33208.faa
2026-08-20 23:07:12 DEBUG:busco.busco_tools.Toolset	cmd call: hmmsearch --domtblout /work/pi_hputnam_uri_edu/Ptua_genome/Ptua_genome_busco/run_metazoa_odb10/hmmer_output/561688at33208.out --cpu 1 /work/pi_hputnam_uri_edu/lineages/lineages/metazoa_odb10/hmms/561688at33208.hmm /work/pi_hputnam_uri_edu/Ptua_genome/Ptua_genome_busco/run_metazoa_odb10/miniprot_output/translated_proteins/561688at33208.faa
2026-08-20 23:07:12 DEBUG:busco.busco_tools.Toolset	cmd call: hmmsearch --domtblout /work/pi_hputnam_uri_edu/Ptua_genome/Ptua_genome_busco/run_metazoa_odb10/hmmer_output/561878at33208.out --cpu 1 /work/pi_hputnam_uri_edu/lineages/lineages/metazoa_odb10/hmms/561878at33208.hmm /work/pi_hputnam_uri_edu/Ptua_genome/Ptua_genome_busco/run_metazoa_odb10/miniprot_output/translated_proteins/561878at33208.faa
2026-08-20 23:07:12 DEBUG:busco.busco_tools.Toolset	cmd call: hmmsearch --domtblout /work/pi_hputnam_uri_edu/Ptua_genome/Ptua_genome_busco/run_metazoa_odb10/hmmer_output/563679at33208.out --cpu 1 /work/pi_hputnam_uri_edu/lineages/lineages/metazoa_odb10/hmms/563679at33208.hmm /work/pi_hputnam_uri_edu/Ptua_genome/Ptua_genome_busco/run_metazoa_odb10/miniprot_output/translated_proteins/563679at33208.faa
2026-08-20 23:07:13 DEBUG:busco.busco_tools.Toolset	cmd call: hmmsearch --domtblout /work/pi_hputnam_uri_edu/Ptua_genome/Ptua_genome_busco/run_metazoa_odb10/hmmer_output/561943at33208.out --cpu 1 /work/pi_hputnam_uri_edu/lineages/lineages/metazoa_odb10/hmms/561943at33208.hmm /work/pi_hputnam_uri_edu/Ptua_genome/Ptua_genome_busco/run_metazoa_odb10/miniprot_output/translated_proteins/561943at33208.faa
2026-08-20 23:07:13 DEBUG:busco.busco_tools.Toolset	cmd call: hmmsearch --domtblout /work/pi_hputnam_uri_edu/Ptua_genome/Ptua_genome_busco/run_metazoa_odb10/hmmer_output/563832at33208.out --cpu 1 /work/pi_hputnam_uri_edu/lineages/lineages/metazoa_odb10/hmms/563832at33208.hmm /work/pi_hputnam_uri_edu/Ptua_genome/Ptua_genome_busco/run_metazoa_odb10/miniprot_output/translated_proteins/563832at33208.faa
2026-08-20 23:07:13 DEBUG:busco.busco_tools.Toolset	cmd call: hmmsearch --domtblout /work/pi_hputnam_uri_edu/Ptua_genome/Ptua_genome_busco/run_metazoa_odb10/hmmer_output/567750at33208.out --cpu 1 /work/pi_hputnam_uri_edu/lineages/lineages/metazoa_odb10/hmms/567750at33208.hmm /work/pi_hputnam_uri_edu/Ptua_genome/Ptua_genome_busco/run_metazoa_odb10/miniprot_output/translated_proteins/567750at33208.faa
2026-08-20 23:07:13 DEBUG:busco.busco_tools.Toolset	cmd call: hmmsearch --domtblout /work/pi_hputnam_uri_edu/Ptua_genome/Ptua_genome_busco/run_metazoa_odb10/hmmer_output/564234at33208.out --cpu 1 /work/pi_hputnam_uri_edu/lineages/lineages/metazoa_odb10/hmms/564234at33208.hmm /work/pi_hputnam_uri_edu/Ptua_genome/Ptua_genome_busco/run_metazoa_odb10/miniprot_output/translated_proteins/564234at33208.faa
2026-08-20 23:07:13 DEBUG:busco.busco_tools.Toolset	cmd call: hmmsearch --domtblout /work/pi_hputnam_uri_edu/Ptua_genome/Ptua_genome_busco/run_metazoa_odb10/hmmer_output/562780at33208.out --cpu 1 /work/pi_hputnam_uri_edu/lineages/lineages/metazoa_odb10/hmms/562780at33208.hmm /work/pi_hputnam_uri_edu/Ptua_genome/Ptua_genome_busco/run_metazoa_odb10/miniprot_output/translated_proteins/562780at33208.faa
2026-08-20 23:07:13 DEBUG:busco.busco_tools.Toolset	cmd call: hmmsearch --domtblout /work/pi_hputnam_uri_edu/Ptua_genome/Ptua_genome_busco/run_metazoa_odb10/hmmer_output/567809at33208.out --cpu 1 /work/pi_hputnam_uri_edu/lineages/lineages/metazoa_odb10/hmms/567809at33208.hmm /work/pi_hputnam_uri_edu/Ptua_genome/Ptua_genome_busco/run_metazoa_odb10/miniprot_output/translated_proteins/567809at33208.faa
2026-08-20 23:07:13 DEBUG:busco.busco_tools.Toolset	cmd call: hmmsearch --domtblout /work/pi_hputnam_uri_edu/Ptua_genome/Ptua_genome_busco/run_metazoa_odb10/hmmer_output/564286at33208.out --cpu 1 /work/pi_hputnam_uri_edu/lineages/lineages/metazoa_odb10/hmms/564286at33208.hmm /work/pi_hputnam_uri_edu/Ptua_genome/Ptua_genome_busco/run_metazoa_odb10/miniprot_output/translated_proteins/564286at33208.faa
2026-08-20 23:07:13 DEBUG:busco.busco_tools.Toolset	cmd call: hmmsearch --domtblout /work/pi_hputnam_uri_edu/Ptua_genome/Ptua_genome_busco/run_metazoa_odb10/hmmer_output/563084at33208.out --cpu 1 /work/pi_hputnam_uri_edu/lineages/lineages/metazoa_odb10/hmms/563084at33208.hmm /work/pi_hputnam_uri_edu/Ptua_genome/Ptua_genome_busco/run_metazoa_odb10/miniprot_output/translated_proteins/563084at33208.faa
2026-08-20 23:07:13 DEBUG:busco.busco_tools.Toolset	cmd call: hmmsearch --domtblout /work/pi_hputnam_uri_edu/Ptua_genome/Ptua_genome_busco/run_metazoa_odb10/hmmer_output/565053at33208.out --cpu 1 /work/pi_hputnam_uri_edu/lineages/lineages/metazoa_odb10/hmms/565053at33208.hmm /work/pi_hputnam_uri_edu/Ptua_genome/Ptua_genome_busco/run_metazoa_odb10/miniprot_output/translated_proteins/565053at33208.faa
2026-08-20 23:07:13 DEBUG:busco.busco_tools.Toolset	cmd call: hmmsearch --domtblout /work/pi_hputnam_uri_edu/Ptua_genome/Ptua_genome_busco/run_metazoa_odb10/hmmer_output/568022at33208.out --cpu 1 /work/pi_hputnam_uri_edu/lineages/lineages/metazoa_odb10/hmms/568022at33208.hmm /work/pi_hputnam_uri_edu/Ptua_genome/Ptua_genome_busco/run_metazoa_odb10/miniprot_output/translated_proteins/568022at33208.faa
2026-08-20 23:07:13 DEBUG:busco.busco_tools.Toolset	cmd call: hmmsearch --domtblout /work/pi_hputnam_uri_edu/Ptua_genome/Ptua_genome_busco/run_metazoa_odb10/hmmer_output/56573at33208.out --cpu 1 /work/pi_hputnam_uri_edu/lineages/lineages/metazoa_odb10/hmms/56573at33208.hmm /work/pi_hputnam_uri_edu/Ptua_genome/Ptua_genome_busco/run_metazoa_odb10/miniprot_output/translated_proteins/56573at33208.faa
2026-08-20 23:07:13 DEBUG:busco.busco_tools.Toolset	cmd call: hmmsearch --domtblout /work/pi_hputnam_uri_edu/Ptua_genome/Ptua_genome_busco/run_metazoa_odb10/hmmer_output/568170at33208.out --cpu 1 /work/pi_hputnam_uri_edu/lineages/lineages/metazoa_odb10/hmms/568170at33208.hmm /work/pi_hputnam_uri_edu/Ptua_genome/Ptua_genome_busco/run_metazoa_odb10/miniprot_output/translated_proteins/568170at33208.faa
2026-08-20 23:07:13 DEBUG:busco.busco_tools.Toolset	cmd call: hmmsearch --domtblout /work/pi_hputnam_uri_edu/Ptua_genome/Ptua_genome_busco/run_metazoa_odb10/hmmer_output/568839at33208.out --cpu 1 /work/pi_hputnam_uri_edu/lineages/lineages/metazoa_odb10/hmms/568839at33208.hmm /work/pi_hputnam_uri_edu/Ptua_genome/Ptua_genome_busco/run_metazoa_odb10/miniprot_output/translated_proteins/568839at33208.faa
2026-08-20 23:07:14 DEBUG:busco.busco_tools.Toolset	cmd call: hmmsearch --domtblout /work/pi_hputnam_uri_edu/Ptua_genome/Ptua_genome_busco/run_metazoa_odb10/hmmer_output/568949at33208.out --cpu 1 /work/pi_hputnam_uri_edu/lineages/lineages/metazoa_odb10/hmms/568949at33208.hmm /work/pi_hputnam_uri_edu/Ptua_genome/Ptua_genome_busco/run_metazoa_odb10/miniprot_output/translated_proteins/568949at33208.faa
2026-08-20 23:07:14 DEBUG:busco.busco_tools.Toolset	cmd call: hmmsearch --domtblout /work/pi_hputnam_uri_edu/Ptua_genome/Ptua_genome_busco/run_metazoa_odb10/hmmer_output/569294at33208.out --cpu 1 /work/pi_hputnam_uri_edu/lineages/lineages/metazoa_odb10/hmms/569294at33208.hmm /work/pi_hputnam_uri_edu/Ptua_genome/Ptua_genome_busco/run_metazoa_odb10/miniprot_output/translated_proteins/569294at33208.faa
2026-08-20 23:07:14 DEBUG:busco.busco_tools.Toolset	cmd call: hmmsearch --domtblout /work/pi_hputnam_uri_edu/Ptua_genome/Ptua_genome_busco/run_metazoa_odb10/hmmer_output/569303at33208.out --cpu 1 /work/pi_hputnam_uri_edu/lineages/lineages/metazoa_odb10/hmms/569303at33208.hmm /work/pi_hputnam_uri_edu/Ptua_genome/Ptua_genome_busco/run_metazoa_odb10/miniprot_output/translated_proteins/569303at33208.faa
2026-08-20 23:07:14 DEBUG:busco.busco_tools.Toolset	cmd call: hmmsearch --domtblout /work/pi_hputnam_uri_edu/Ptua_genome/Ptua_genome_busco/run_metazoa_odb10/hmmer_output/569812at33208.out --cpu 1 /work/pi_hputnam_uri_edu/lineages/lineages/metazoa_odb10/hmms/569812at33208.hmm /work/pi_hputnam_uri_edu/Ptua_genome/Ptua_genome_busco/run_metazoa_odb10/miniprot_output/translated_proteins/569812at33208.faa
2026-08-20 23:07:14 DEBUG:busco.busco_tools.Toolset	cmd call: hmmsearch --domtblout /work/pi_hputnam_uri_edu/Ptua_genome/Ptua_genome_busco/run_metazoa_odb10/hmmer_output/566026at33208.out --cpu 1 /work/pi_hputnam_uri_edu/lineages/lineages/metazoa_odb10/hmms/566026at33208.hmm /work/pi_hputnam_uri_edu/Ptua_genome/Ptua_genome_busco/run_metazoa_odb10/miniprot_output/translated_proteins/566026at33208.faa
2026-08-20 23:07:14 DEBUG:busco.busco_tools.Toolset	cmd call: hmmsearch --domtblout /work/pi_hputnam_uri_edu/Ptua_genome/Ptua_genome_busco/run_metazoa_odb10/hmmer_output/569878at33208.out --cpu 1 /work/pi_hputnam_uri_edu/lineages/lineages/metazoa_odb10/hmms/569878at33208.hmm /work/pi_hputnam_uri_edu/Ptua_genome/Ptua_genome_busco/run_metazoa_odb10/miniprot_output/translated_proteins/569878at33208.faa
2026-08-20 23:07:14 DEBUG:busco.busco_tools.Toolset	cmd call: hmmsearch --domtblout /work/pi_hputnam_uri_edu/Ptua_genome/Ptua_genome_busco/run_metazoa_odb10/hmmer_output/566116at33208.out --cpu 1 /work/pi_hputnam_uri_edu/lineages/lineages/metazoa_odb10/hmms/566116at33208.hmm /work/pi_hputnam_uri_edu/Ptua_genome/Ptua_genome_busco/run_metazoa_odb10/miniprot_output/translated_proteins/566116at33208.faa
2026-08-20 23:07:15 DEBUG:busco.busco_tools.Toolset	cmd call: hmmsearch --domtblout /work/pi_hputnam_uri_edu/Ptua_genome/Ptua_genome_busco/run_metazoa_odb10/hmmer_output/566262at33208.out --cpu 1 /work/pi_hputnam_uri_edu/lineages/lineages/metazoa_odb10/hmms/566262at33208.hmm /work/pi_hputnam_uri_edu/Ptua_genome/Ptua_genome_busco/run_metazoa_odb10/miniprot_output/translated_proteins/566262at33208.faa
2026-08-20 23:07:15 DEBUG:busco.busco_tools.Toolset	cmd call: hmmsearch --domtblout /work/pi_hputnam_uri_edu/Ptua_genome/Ptua_genome_busco/run_metazoa_odb10/hmmer_output/570262at33208.out --cpu 1 /work/pi_hputnam_uri_edu/lineages/lineages/metazoa_odb10/hmms/570262at33208.hmm /work/pi_hputnam_uri_edu/Ptua_genome/Ptua_genome_busco/run_metazoa_odb10/miniprot_output/translated_proteins/570262at33208.faa
2026-08-20 23:07:15 DEBUG:busco.busco_tools.Toolset	cmd call: hmmsearch --domtblout /work/pi_hputnam_uri_edu/Ptua_genome/Ptua_genome_busco/run_metazoa_odb10/hmmer_output/566447at33208.out --cpu 1 /work/pi_hputnam_uri_edu/lineages/lineages/metazoa_odb10/hmms/566447at33208.hmm /work/pi_hputnam_uri_edu/Ptua_genome/Ptua_genome_busco/run_metazoa_odb10/miniprot_output/translated_proteins/566447at33208.faa
2026-08-20 23:07:15 DEBUG:busco.busco_tools.Toolset	cmd call: hmmsearch --domtblout /work/pi_hputnam_uri_edu/Ptua_genome/Ptua_genome_busco/run_metazoa_odb10/hmmer_output/570646at33208.out --cpu 1 /work/pi_hputnam_uri_edu/lineages/lineages/metazoa_odb10/hmms/570646at33208.hmm /work/pi_hputnam_uri_edu/Ptua_genome/Ptua_genome_busco/run_metazoa_odb10/miniprot_output/translated_proteins/570646at33208.faa
2026-08-20 23:07:15 DEBUG:busco.busco_tools.Toolset	cmd call: hmmsearch --domtblout /work/pi_hputnam_uri_edu/Ptua_genome/Ptua_genome_busco/run_metazoa_odb10/hmmer_output/566527at33208.out --cpu 1 /work/pi_hputnam_uri_edu/lineages/lineages/metazoa_odb10/hmms/566527at33208.hmm /work/pi_hputnam_uri_edu/Ptua_genome/Ptua_genome_busco/run_metazoa_odb10/miniprot_output/translated_proteins/566527at33208.faa
2026-08-20 23:07:15 DEBUG:busco.busco_tools.Toolset	cmd call: hmmsearch --domtblout /work/pi_hputnam_uri_edu/Ptua_genome/Ptua_genome_busco/run_metazoa_odb10/hmmer_output/570717at33208.out --cpu 1 /work/pi_hputnam_uri_edu/lineages/lineages/metazoa_odb10/hmms/570717at33208.hmm /work/pi_hputnam_uri_edu/Ptua_genome/Ptua_genome_busco/run_metazoa_odb10/miniprot_output/translated_proteins/570717at33208.faa
2026-08-20 23:07:15 DEBUG:busco.busco_tools.Toolset	cmd call: hmmsearch --domtblout /work/pi_hputnam_uri_edu/Ptua_genome/Ptua_genome_busco/run_metazoa_odb10/hmmer_output/572074at33208.out --cpu 1 /work/pi_hputnam_uri_edu/lineages/lineages/metazoa_odb10/hmms/572074at33208.hmm /work/pi_hputnam_uri_edu/Ptua_genome/Ptua_genome_busco/run_metazoa_odb10/miniprot_output/translated_proteins/572074at33208.faa
2026-08-20 23:07:15 DEBUG:busco.busco_tools.Toolset	cmd call: hmmsearch --domtblout /work/pi_hputnam_uri_edu/Ptua_genome/Ptua_genome_busco/run_metazoa_odb10/hmmer_output/572434at33208.out --cpu 1 /work/pi_hputnam_uri_edu/lineages/lineages/metazoa_odb10/hmms/572434at33208.hmm /work/pi_hputnam_uri_edu/Ptua_genome/Ptua_genome_busco/run_metazoa_odb10/miniprot_output/translated_proteins/572434at33208.faa
2026-08-20 23:07:15 DEBUG:busco.busco_tools.Toolset	cmd call: hmmsearch --domtblout /work/pi_hputnam_uri_edu/Ptua_genome/Ptua_genome_busco/run_metazoa_odb10/hmmer_output/566916at33208.out --cpu 1 /work/pi_hputnam_uri_edu/lineages/lineages/metazoa_odb10/hmms/566916at33208.hmm /work/pi_hputnam_uri_edu/Ptua_genome/Ptua_genome_busco/run_metazoa_odb10/miniprot_output/translated_proteins/566916at33208.faa
2026-08-20 23:07:15 DEBUG:busco.busco_tools.Toolset	cmd call: hmmsearch --domtblout /work/pi_hputnam_uri_edu/Ptua_genome/Ptua_genome_busco/run_metazoa_odb10/hmmer_output/571149at33208.out --cpu 1 /work/pi_hputnam_uri_edu/lineages/lineages/metazoa_odb10/hmms/571149at33208.hmm /work/pi_hputnam_uri_edu/Ptua_genome/Ptua_genome_busco/run_metazoa_odb10/miniprot_output/translated_proteins/571149at33208.faa
2026-08-20 23:07:15 DEBUG:busco.busco_tools.Toolset	cmd call: hmmsearch --domtblout /work/pi_hputnam_uri_edu/Ptua_genome/Ptua_genome_busco/run_metazoa_odb10/hmmer_output/567650at33208.out --cpu 1 /work/pi_hputnam_uri_edu/lineages/lineages/metazoa_odb10/hmms/567650at33208.hmm /work/pi_hputnam_uri_edu/Ptua_genome/Ptua_genome_busco/run_metazoa_odb10/miniprot_output/translated_proteins/567650at33208.faa
2026-08-20 23:07:15 DEBUG:busco.busco_tools.Toolset	cmd call: hmmsearch --domtblout /work/pi_hputnam_uri_edu/Ptua_genome/Ptua_genome_busco/run_metazoa_odb10/hmmer_output/572463at33208.out --cpu 1 /work/pi_hputnam_uri_edu/lineages/lineages/metazoa_odb10/hmms/572463at33208.hmm /work/pi_hputnam_uri_edu/Ptua_genome/Ptua_genome_busco/run_metazoa_odb10/miniprot_output/translated_proteins/572463at33208.faa
2026-08-20 23:07:15 DEBUG:busco.busco_tools.Toolset	cmd call: hmmsearch --domtblout /work/pi_hputnam_uri_edu/Ptua_genome/Ptua_genome_busco/run_metazoa_odb10/hmmer_output/57158at33208.out --cpu 1 /work/pi_hputnam_uri_edu/lineages/lineages/metazoa_odb10/hmms/57158at33208.hmm /work/pi_hputnam_uri_edu/Ptua_genome/Ptua_genome_busco/run_metazoa_odb10/miniprot_output/translated_proteins/57158at33208.faa
2026-08-20 23:07:16 DEBUG:busco.busco_tools.Toolset	cmd call: hmmsearch --domtblout /work/pi_hputnam_uri_edu/Ptua_genome/Ptua_genome_busco/run_metazoa_odb10/hmmer_output/572754at33208.out --cpu 1 /work/pi_hputnam_uri_edu/lineages/lineages/metazoa_odb10/hmms/572754at33208.hmm /work/pi_hputnam_uri_edu/Ptua_genome/Ptua_genome_busco/run_metazoa_odb10/miniprot_output/translated_proteins/572754at33208.faa
2026-08-20 23:07:16 DEBUG:busco.busco_tools.Toolset	cmd call: hmmsearch --domtblout /work/pi_hputnam_uri_edu/Ptua_genome/Ptua_genome_busco/run_metazoa_odb10/hmmer_output/572845at33208.out --cpu 1 /work/pi_hputnam_uri_edu/lineages/lineages/metazoa_odb10/hmms/572845at33208.hmm /work/pi_hputnam_uri_edu/Ptua_genome/Ptua_genome_busco/run_metazoa_odb10/miniprot_output/translated_proteins/572845at33208.faa
2026-08-20 23:07:16 DEBUG:busco.busco_tools.Toolset	cmd call: hmmsearch --domtblout /work/pi_hputnam_uri_edu/Ptua_genome/Ptua_genome_busco/run_metazoa_odb10/hmmer_output/573203at33208.out --cpu 1 /work/pi_hputnam_uri_edu/lineages/lineages/metazoa_odb10/hmms/573203at33208.hmm /work/pi_hputnam_uri_edu/Ptua_genome/Ptua_genome_busco/run_metazoa_odb10/miniprot_output/translated_proteins/573203at33208.faa
2026-08-20 23:07:16 DEBUG:busco.busco_tools.Toolset	cmd call: hmmsearch --domtblout /work/pi_hputnam_uri_edu/Ptua_genome/Ptua_genome_busco/run_metazoa_odb10/hmmer_output/573237at33208.out --cpu 1 /work/pi_hputnam_uri_edu/lineages/lineages/metazoa_odb10/hmms/573237at33208.hmm /work/pi_hputnam_uri_edu/Ptua_genome/Ptua_genome_busco/run_metazoa_odb10/miniprot_output/translated_proteins/573237at33208.faa
2026-08-20 23:07:16 DEBUG:busco.busco_tools.Toolset	cmd call: hmmsearch --domtblout /work/pi_hputnam_uri_edu/Ptua_genome/Ptua_genome_busco/run_metazoa_odb10/hmmer_output/578354at33208.out --cpu 1 /work/pi_hputnam_uri_edu/lineages/lineages/metazoa_odb10/hmms/578354at33208.hmm /work/pi_hputnam_uri_edu/Ptua_genome/Ptua_genome_busco/run_metazoa_odb10/miniprot_output/translated_proteins/578354at33208.faa
2026-08-20 23:07:17 DEBUG:busco.busco_tools.Toolset	cmd call: hmmsearch --domtblout /work/pi_hputnam_uri_edu/Ptua_genome/Ptua_genome_busco/run_metazoa_odb10/hmmer_output/578582at33208.out --cpu 1 /work/pi_hputnam_uri_edu/lineages/lineages/metazoa_odb10/hmms/578582at33208.hmm /work/pi_hputnam_uri_edu/Ptua_genome/Ptua_genome_busco/run_metazoa_odb10/miniprot_output/translated_proteins/578582at33208.faa
2026-08-20 23:07:17 DEBUG:busco.busco_tools.Toolset	cmd call: hmmsearch --domtblout /work/pi_hputnam_uri_edu/Ptua_genome/Ptua_genome_busco/run_metazoa_odb10/hmmer_output/573313at33208.out --cpu 1 /work/pi_hputnam_uri_edu/lineages/lineages/metazoa_odb10/hmms/573313at33208.hmm /work/pi_hputnam_uri_edu/Ptua_genome/Ptua_genome_busco/run_metazoa_odb10/miniprot_output/translated_proteins/573313at33208.faa
2026-08-20 23:07:17 DEBUG:busco.busco_tools.Toolset	cmd call: hmmsearch --domtblout /work/pi_hputnam_uri_edu/Ptua_genome/Ptua_genome_busco/run_metazoa_odb10/hmmer_output/578684at33208.out --cpu 1 /work/pi_hputnam_uri_edu/lineages/lineages/metazoa_odb10/hmms/578684at33208.hmm /work/pi_hputnam_uri_edu/Ptua_genome/Ptua_genome_busco/run_metazoa_odb10/miniprot_output/translated_proteins/578684at33208.faa
2026-08-20 23:07:17 DEBUG:busco.busco_tools.Toolset	cmd call: hmmsearch --domtblout /work/pi_hputnam_uri_edu/Ptua_genome/Ptua_genome_busco/run_metazoa_odb10/hmmer_output/574311at33208.out --cpu 1 /work/pi_hputnam_uri_edu/lineages/lineages/metazoa_odb10/hmms/574311at33208.hmm /work/pi_hputnam_uri_edu/Ptua_genome/Ptua_genome_busco/run_metazoa_odb10/miniprot_output/translated_proteins/574311at33208.faa
2026-08-20 23:07:17 DEBUG:busco.busco_tools.Toolset	cmd call: hmmsearch --domtblout /work/pi_hputnam_uri_edu/Ptua_genome/Ptua_genome_busco/run_metazoa_odb10/hmmer_output/571944at33208.out --cpu 1 /work/pi_hputnam_uri_edu/lineages/lineages/metazoa_odb10/hmms/571944at33208.hmm /work/pi_hputnam_uri_edu/Ptua_genome/Ptua_genome_busco/run_metazoa_odb10/miniprot_output/translated_proteins/571944at33208.faa
2026-08-20 23:07:17 DEBUG:busco.busco_tools.Toolset	cmd call: hmmsearch --domtblout /work/pi_hputnam_uri_edu/Ptua_genome/Ptua_genome_busco/run_metazoa_odb10/hmmer_output/578726at33208.out --cpu 1 /work/pi_hputnam_uri_edu/lineages/lineages/metazoa_odb10/hmms/578726at33208.hmm /work/pi_hputnam_uri_edu/Ptua_genome/Ptua_genome_busco/run_metazoa_odb10/miniprot_output/translated_proteins/578726at33208.faa
2026-08-20 23:07:17 DEBUG:busco.busco_tools.Toolset	cmd call: hmmsearch --domtblout /work/pi_hputnam_uri_edu/Ptua_genome/Ptua_genome_busco/run_metazoa_odb10/hmmer_output/575360at33208.out --cpu 1 /work/pi_hputnam_uri_edu/lineages/lineages/metazoa_odb10/hmms/575360at33208.hmm /work/pi_hputnam_uri_edu/Ptua_genome/Ptua_genome_busco/run_metazoa_odb10/miniprot_output/translated_proteins/575360at33208.faa
2026-08-20 23:07:18 DEBUG:busco.busco_tools.Toolset	cmd call: hmmsearch --domtblout /work/pi_hputnam_uri_edu/Ptua_genome/Ptua_genome_busco/run_metazoa_odb10/hmmer_output/576633at33208.out --cpu 1 /work/pi_hputnam_uri_edu/lineages/lineages/metazoa_odb10/hmms/576633at33208.hmm /work/pi_hputnam_uri_edu/Ptua_genome/Ptua_genome_busco/run_metazoa_odb10/miniprot_output/translated_proteins/576633at33208.faa
2026-08-20 23:07:18 DEBUG:busco.busco_tools.Toolset	cmd call: hmmsearch --domtblout /work/pi_hputnam_uri_edu/Ptua_genome/Ptua_genome_busco/run_metazoa_odb10/hmmer_output/578734at33208.out --cpu 1 /work/pi_hputnam_uri_edu/lineages/lineages/metazoa_odb10/hmms/578734at33208.hmm /work/pi_hputnam_uri_edu/Ptua_genome/Ptua_genome_busco/run_metazoa_odb10/miniprot_output/translated_proteins/578734at33208.faa
2026-08-20 23:07:18 DEBUG:busco.busco_tools.Toolset	cmd call: hmmsearch --domtblout /work/pi_hputnam_uri_edu/Ptua_genome/Ptua_genome_busco/run_metazoa_odb10/hmmer_output/576938at33208.out --cpu 1 /work/pi_hputnam_uri_edu/lineages/lineages/metazoa_odb10/hmms/576938at33208.hmm /work/pi_hputnam_uri_edu/Ptua_genome/Ptua_genome_busco/run_metazoa_odb10/miniprot_output/translated_proteins/576938at33208.faa
2026-08-20 23:07:18 DEBUG:busco.busco_tools.Toolset	cmd call: hmmsearch --domtblout /work/pi_hputnam_uri_edu/Ptua_genome/Ptua_genome_busco/run_metazoa_odb10/hmmer_output/576997at33208.out --cpu 1 /work/pi_hputnam_uri_edu/lineages/lineages/metazoa_odb10/hmms/576997at33208.hmm /work/pi_hputnam_uri_edu/Ptua_genome/Ptua_genome_busco/run_metazoa_odb10/miniprot_output/translated_proteins/576997at33208.faa
2026-08-20 23:07:18 DEBUG:busco.busco_tools.Toolset	cmd call: hmmsearch --domtblout /work/pi_hputnam_uri_edu/Ptua_genome/Ptua_genome_busco/run_metazoa_odb10/hmmer_output/581717at33208.out --cpu 1 /work/pi_hputnam_uri_edu/lineages/lineages/metazoa_odb10/hmms/581717at33208.hmm /work/pi_hputnam_uri_edu/Ptua_genome/Ptua_genome_busco/run_metazoa_odb10/miniprot_output/translated_proteins/581717at33208.faa
2026-08-20 23:07:18 DEBUG:busco.busco_tools.Toolset	cmd call: hmmsearch --domtblout /work/pi_hputnam_uri_edu/Ptua_genome/Ptua_genome_busco/run_metazoa_odb10/hmmer_output/577068at33208.out --cpu 1 /work/pi_hputnam_uri_edu/lineages/lineages/metazoa_odb10/hmms/577068at33208.hmm /work/pi_hputnam_uri_edu/Ptua_genome/Ptua_genome_busco/run_metazoa_odb10/miniprot_output/translated_proteins/577068at33208.faa
2026-08-20 23:07:18 DEBUG:busco.busco_tools.Toolset	cmd call: hmmsearch --domtblout /work/pi_hputnam_uri_edu/Ptua_genome/Ptua_genome_busco/run_metazoa_odb10/hmmer_output/578959at33208.out --cpu 1 /work/pi_hputnam_uri_edu/lineages/lineages/metazoa_odb10/hmms/578959at33208.hmm /work/pi_hputnam_uri_edu/Ptua_genome/Ptua_genome_busco/run_metazoa_odb10/miniprot_output/translated_proteins/578959at33208.faa
2026-08-20 23:07:18 DEBUG:busco.busco_tools.Toolset	cmd call: hmmsearch --domtblout /work/pi_hputnam_uri_edu/Ptua_genome/Ptua_genome_busco/run_metazoa_odb10/hmmer_output/581779at33208.out --cpu 1 /work/pi_hputnam_uri_edu/lineages/lineages/metazoa_odb10/hmms/581779at33208.hmm /work/pi_hputnam_uri_edu/Ptua_genome/Ptua_genome_busco/run_metazoa_odb10/miniprot_output/translated_proteins/581779at33208.faa
2026-08-20 23:07:18 DEBUG:busco.busco_tools.Toolset	cmd call: hmmsearch --domtblout /work/pi_hputnam_uri_edu/Ptua_genome/Ptua_genome_busco/run_metazoa_odb10/hmmer_output/579029at33208.out --cpu 1 /work/pi_hputnam_uri_edu/lineages/lineages/metazoa_odb10/hmms/579029at33208.hmm /work/pi_hputnam_uri_edu/Ptua_genome/Ptua_genome_busco/run_metazoa_odb10/miniprot_output/translated_proteins/579029at33208.faa
2026-08-20 23:07:18 DEBUG:busco.busco_tools.Toolset	cmd call: hmmsearch --domtblout /work/pi_hputnam_uri_edu/Ptua_genome/Ptua_genome_busco/run_metazoa_odb10/hmmer_output/577339at33208.out --cpu 1 /work/pi_hputnam_uri_edu/lineages/lineages/metazoa_odb10/hmms/577339at33208.hmm /work/pi_hputnam_uri_edu/Ptua_genome/Ptua_genome_busco/run_metazoa_odb10/miniprot_output/translated_proteins/577339at33208.faa
2026-08-20 23:07:18 DEBUG:busco.busco_tools.Toolset	cmd call: hmmsearch --domtblout /work/pi_hputnam_uri_edu/Ptua_genome/Ptua_genome_busco/run_metazoa_odb10/hmmer_output/580062at33208.out --cpu 1 /work/pi_hputnam_uri_edu/lineages/lineages/metazoa_odb10/hmms/580062at33208.hmm /work/pi_hputnam_uri_edu/Ptua_genome/Ptua_genome_busco/run_metazoa_odb10/miniprot_output/translated_proteins/580062at33208.faa
2026-08-20 23:07:18 DEBUG:busco.busco_tools.Toolset	cmd call: hmmsearch --domtblout /work/pi_hputnam_uri_edu/Ptua_genome/Ptua_genome_busco/run_metazoa_odb10/hmmer_output/582265at33208.out --cpu 1 /work/pi_hputnam_uri_edu/lineages/lineages/metazoa_odb10/hmms/582265at33208.hmm /work/pi_hputnam_uri_edu/Ptua_genome/Ptua_genome_busco/run_metazoa_odb10/miniprot_output/translated_proteins/582265at33208.faa
2026-08-20 23:07:19 DEBUG:busco.busco_tools.Toolset	cmd call: hmmsearch --domtblout /work/pi_hputnam_uri_edu/Ptua_genome/Ptua_genome_busco/run_metazoa_odb10/hmmer_output/577929at33208.out --cpu 1 /work/pi_hputnam_uri_edu/lineages/lineages/metazoa_odb10/hmms/577929at33208.hmm /work/pi_hputnam_uri_edu/Ptua_genome/Ptua_genome_busco/run_metazoa_odb10/miniprot_output/translated_proteins/577929at33208.faa
2026-08-20 23:07:19 DEBUG:busco.busco_tools.Toolset	cmd call: hmmsearch --domtblout /work/pi_hputnam_uri_edu/Ptua_genome/Ptua_genome_busco/run_metazoa_odb10/hmmer_output/580288at33208.out --cpu 1 /work/pi_hputnam_uri_edu/lineages/lineages/metazoa_odb10/hmms/580288at33208.hmm /work/pi_hputnam_uri_edu/Ptua_genome/Ptua_genome_busco/run_metazoa_odb10/miniprot_output/translated_proteins/580288at33208.faa
2026-08-20 23:07:19 DEBUG:busco.busco_tools.Toolset	cmd call: hmmsearch --domtblout /work/pi_hputnam_uri_edu/Ptua_genome/Ptua_genome_busco/run_metazoa_odb10/hmmer_output/582341at33208.out --cpu 1 /work/pi_hputnam_uri_edu/lineages/lineages/metazoa_odb10/hmms/582341at33208.hmm /work/pi_hputnam_uri_edu/Ptua_genome/Ptua_genome_busco/run_metazoa_odb10/miniprot_output/translated_proteins/582341at33208.faa
2026-08-20 23:07:19 INFO:busco.busco_tools.Toolset	[hmmsearch]	764 of 954 task(s) completed
2026-08-20 23:07:19 DEBUG:busco.busco_tools.Toolset	cmd call: hmmsearch --domtblout /work/pi_hputnam_uri_edu/Ptua_genome/Ptua_genome_busco/run_metazoa_odb10/hmmer_output/582473at33208.out --cpu 1 /work/pi_hputnam_uri_edu/lineages/lineages/metazoa_odb10/hmms/582473at33208.hmm /work/pi_hputnam_uri_edu/Ptua_genome/Ptua_genome_busco/run_metazoa_odb10/miniprot_output/translated_proteins/582473at33208.faa
2026-08-20 23:07:19 DEBUG:busco.busco_tools.Toolset	cmd call: hmmsearch --domtblout /work/pi_hputnam_uri_edu/Ptua_genome/Ptua_genome_busco/run_metazoa_odb10/hmmer_output/580851at33208.out --cpu 1 /work/pi_hputnam_uri_edu/lineages/lineages/metazoa_odb10/hmms/580851at33208.hmm /work/pi_hputnam_uri_edu/Ptua_genome/Ptua_genome_busco/run_metazoa_odb10/miniprot_output/translated_proteins/580851at33208.faa
2026-08-20 23:07:19 DEBUG:busco.busco_tools.Toolset	cmd call: hmmsearch --domtblout /work/pi_hputnam_uri_edu/Ptua_genome/Ptua_genome_busco/run_metazoa_odb10/hmmer_output/580896at33208.out --cpu 1 /work/pi_hputnam_uri_edu/lineages/lineages/metazoa_odb10/hmms/580896at33208.hmm /work/pi_hputnam_uri_edu/Ptua_genome/Ptua_genome_busco/run_metazoa_odb10/miniprot_output/translated_proteins/580896at33208.faa
2026-08-20 23:07:19 DEBUG:busco.busco_tools.Toolset	cmd call: hmmsearch --domtblout /work/pi_hputnam_uri_edu/Ptua_genome/Ptua_genome_busco/run_metazoa_odb10/hmmer_output/582823at33208.out --cpu 1 /work/pi_hputnam_uri_edu/lineages/lineages/metazoa_odb10/hmms/582823at33208.hmm /work/pi_hputnam_uri_edu/Ptua_genome/Ptua_genome_busco/run_metazoa_odb10/miniprot_output/translated_proteins/582823at33208.faa
2026-08-20 23:07:19 DEBUG:busco.busco_tools.Toolset	cmd call: hmmsearch --domtblout /work/pi_hputnam_uri_edu/Ptua_genome/Ptua_genome_busco/run_metazoa_odb10/hmmer_output/582951at33208.out --cpu 1 /work/pi_hputnam_uri_edu/lineages/lineages/metazoa_odb10/hmms/582951at33208.hmm /work/pi_hputnam_uri_edu/Ptua_genome/Ptua_genome_busco/run_metazoa_odb10/miniprot_output/translated_proteins/582951at33208.faa
2026-08-20 23:07:19 DEBUG:busco.busco_tools.Toolset	cmd call: hmmsearch --domtblout /work/pi_hputnam_uri_edu/Ptua_genome/Ptua_genome_busco/run_metazoa_odb10/hmmer_output/583626at33208.out --cpu 1 /work/pi_hputnam_uri_edu/lineages/lineages/metazoa_odb10/hmms/583626at33208.hmm /work/pi_hputnam_uri_edu/Ptua_genome/Ptua_genome_busco/run_metazoa_odb10/miniprot_output/translated_proteins/583626at33208.faa
2026-08-20 23:07:19 DEBUG:busco.busco_tools.Toolset	cmd call: hmmsearch --domtblout /work/pi_hputnam_uri_edu/Ptua_genome/Ptua_genome_busco/run_metazoa_odb10/hmmer_output/585726at33208.out --cpu 1 /work/pi_hputnam_uri_edu/lineages/lineages/metazoa_odb10/hmms/585726at33208.hmm /work/pi_hputnam_uri_edu/Ptua_genome/Ptua_genome_busco/run_metazoa_odb10/miniprot_output/translated_proteins/585726at33208.faa
2026-08-20 23:07:19 DEBUG:busco.busco_tools.Toolset	cmd call: hmmsearch --domtblout /work/pi_hputnam_uri_edu/Ptua_genome/Ptua_genome_busco/run_metazoa_odb10/hmmer_output/581006at33208.out --cpu 1 /work/pi_hputnam_uri_edu/lineages/lineages/metazoa_odb10/hmms/581006at33208.hmm /work/pi_hputnam_uri_edu/Ptua_genome/Ptua_genome_busco/run_metazoa_odb10/miniprot_output/translated_proteins/581006at33208.faa
2026-08-20 23:07:19 DEBUG:busco.busco_tools.Toolset	cmd call: hmmsearch --domtblout /work/pi_hputnam_uri_edu/Ptua_genome/Ptua_genome_busco/run_metazoa_odb10/hmmer_output/584023at33208.out --cpu 1 /work/pi_hputnam_uri_edu/lineages/lineages/metazoa_odb10/hmms/584023at33208.hmm /work/pi_hputnam_uri_edu/Ptua_genome/Ptua_genome_busco/run_metazoa_odb10/miniprot_output/translated_proteins/584023at33208.faa
2026-08-20 23:07:19 DEBUG:busco.busco_tools.Toolset	cmd call: hmmsearch --domtblout /work/pi_hputnam_uri_edu/Ptua_genome/Ptua_genome_busco/run_metazoa_odb10/hmmer_output/585809at33208.out --cpu 1 /work/pi_hputnam_uri_edu/lineages/lineages/metazoa_odb10/hmms/585809at33208.hmm /work/pi_hputnam_uri_edu/Ptua_genome/Ptua_genome_busco/run_metazoa_odb10/miniprot_output/translated_proteins/585809at33208.faa
2026-08-20 23:07:20 DEBUG:busco.busco_tools.Toolset	cmd call: hmmsearch --domtblout /work/pi_hputnam_uri_edu/Ptua_genome/Ptua_genome_busco/run_metazoa_odb10/hmmer_output/581475at33208.out --cpu 1 /work/pi_hputnam_uri_edu/lineages/lineages/metazoa_odb10/hmms/581475at33208.hmm /work/pi_hputnam_uri_edu/Ptua_genome/Ptua_genome_busco/run_metazoa_odb10/miniprot_output/translated_proteins/581475at33208.faa
2026-08-20 23:07:20 DEBUG:busco.busco_tools.Toolset	cmd call: hmmsearch --domtblout /work/pi_hputnam_uri_edu/Ptua_genome/Ptua_genome_busco/run_metazoa_odb10/hmmer_output/584333at33208.out --cpu 1 /work/pi_hputnam_uri_edu/lineages/lineages/metazoa_odb10/hmms/584333at33208.hmm /work/pi_hputnam_uri_edu/Ptua_genome/Ptua_genome_busco/run_metazoa_odb10/miniprot_output/translated_proteins/584333at33208.faa
2026-08-20 23:07:20 DEBUG:busco.busco_tools.Toolset	cmd call: hmmsearch --domtblout /work/pi_hputnam_uri_edu/Ptua_genome/Ptua_genome_busco/run_metazoa_odb10/hmmer_output/581543at33208.out --cpu 1 /work/pi_hputnam_uri_edu/lineages/lineages/metazoa_odb10/hmms/581543at33208.hmm /work/pi_hputnam_uri_edu/Ptua_genome/Ptua_genome_busco/run_metazoa_odb10/miniprot_output/translated_proteins/581543at33208.faa
2026-08-20 23:07:20 DEBUG:busco.busco_tools.Toolset	cmd call: hmmsearch --domtblout /work/pi_hputnam_uri_edu/Ptua_genome/Ptua_genome_busco/run_metazoa_odb10/hmmer_output/586156at33208.out --cpu 1 /work/pi_hputnam_uri_edu/lineages/lineages/metazoa_odb10/hmms/586156at33208.hmm /work/pi_hputnam_uri_edu/Ptua_genome/Ptua_genome_busco/run_metazoa_odb10/miniprot_output/translated_proteins/586156at33208.faa
2026-08-20 23:07:20 DEBUG:busco.busco_tools.Toolset	cmd call: hmmsearch --domtblout /work/pi_hputnam_uri_edu/Ptua_genome/Ptua_genome_busco/run_metazoa_odb10/hmmer_output/584373at33208.out --cpu 1 /work/pi_hputnam_uri_edu/lineages/lineages/metazoa_odb10/hmms/584373at33208.hmm /work/pi_hputnam_uri_edu/Ptua_genome/Ptua_genome_busco/run_metazoa_odb10/miniprot_output/translated_proteins/584373at33208.faa
2026-08-20 23:07:20 DEBUG:busco.busco_tools.Toolset	cmd call: hmmsearch --domtblout /work/pi_hputnam_uri_edu/Ptua_genome/Ptua_genome_busco/run_metazoa_odb10/hmmer_output/581547at33208.out --cpu 1 /work/pi_hputnam_uri_edu/lineages/lineages/metazoa_odb10/hmms/581547at33208.hmm /work/pi_hputnam_uri_edu/Ptua_genome/Ptua_genome_busco/run_metazoa_odb10/miniprot_output/translated_proteins/581547at33208.faa
2026-08-20 23:07:20 DEBUG:busco.busco_tools.Toolset	cmd call: hmmsearch --domtblout /work/pi_hputnam_uri_edu/Ptua_genome/Ptua_genome_busco/run_metazoa_odb10/hmmer_output/586310at33208.out --cpu 1 /work/pi_hputnam_uri_edu/lineages/lineages/metazoa_odb10/hmms/586310at33208.hmm /work/pi_hputnam_uri_edu/Ptua_genome/Ptua_genome_busco/run_metazoa_odb10/miniprot_output/translated_proteins/586310at33208.faa
2026-08-20 23:07:20 DEBUG:busco.busco_tools.Toolset	cmd call: hmmsearch --domtblout /work/pi_hputnam_uri_edu/Ptua_genome/Ptua_genome_busco/run_metazoa_odb10/hmmer_output/585078at33208.out --cpu 1 /work/pi_hputnam_uri_edu/lineages/lineages/metazoa_odb10/hmms/585078at33208.hmm /work/pi_hputnam_uri_edu/Ptua_genome/Ptua_genome_busco/run_metazoa_odb10/miniprot_output/translated_proteins/585078at33208.faa
2026-08-20 23:07:20 DEBUG:busco.busco_tools.Toolset	cmd call: hmmsearch --domtblout /work/pi_hputnam_uri_edu/Ptua_genome/Ptua_genome_busco/run_metazoa_odb10/hmmer_output/581621at33208.out --cpu 1 /work/pi_hputnam_uri_edu/lineages/lineages/metazoa_odb10/hmms/581621at33208.hmm /work/pi_hputnam_uri_edu/Ptua_genome/Ptua_genome_busco/run_metazoa_odb10/miniprot_output/translated_proteins/581621at33208.faa
2026-08-20 23:07:20 DEBUG:busco.busco_tools.Toolset	cmd call: hmmsearch --domtblout /work/pi_hputnam_uri_edu/Ptua_genome/Ptua_genome_busco/run_metazoa_odb10/hmmer_output/586690at33208.out --cpu 1 /work/pi_hputnam_uri_edu/lineages/lineages/metazoa_odb10/hmms/586690at33208.hmm /work/pi_hputnam_uri_edu/Ptua_genome/Ptua_genome_busco/run_metazoa_odb10/miniprot_output/translated_proteins/586690at33208.faa
2026-08-20 23:07:20 DEBUG:busco.busco_tools.Toolset	cmd call: hmmsearch --domtblout /work/pi_hputnam_uri_edu/Ptua_genome/Ptua_genome_busco/run_metazoa_odb10/hmmer_output/585232at33208.out --cpu 1 /work/pi_hputnam_uri_edu/lineages/lineages/metazoa_odb10/hmms/585232at33208.hmm /work/pi_hputnam_uri_edu/Ptua_genome/Ptua_genome_busco/run_metazoa_odb10/miniprot_output/translated_proteins/585232at33208.faa
2026-08-20 23:07:20 DEBUG:busco.busco_tools.Toolset	cmd call: hmmsearch --domtblout /work/pi_hputnam_uri_edu/Ptua_genome/Ptua_genome_busco/run_metazoa_odb10/hmmer_output/586719at33208.out --cpu 1 /work/pi_hputnam_uri_edu/lineages/lineages/metazoa_odb10/hmms/586719at33208.hmm /work/pi_hputnam_uri_edu/Ptua_genome/Ptua_genome_busco/run_metazoa_odb10/miniprot_output/translated_proteins/586719at33208.faa
2026-08-20 23:07:20 DEBUG:busco.busco_tools.Toolset	cmd call: hmmsearch --domtblout /work/pi_hputnam_uri_edu/Ptua_genome/Ptua_genome_busco/run_metazoa_odb10/hmmer_output/587399at33208.out --cpu 1 /work/pi_hputnam_uri_edu/lineages/lineages/metazoa_odb10/hmms/587399at33208.hmm /work/pi_hputnam_uri_edu/Ptua_genome/Ptua_genome_busco/run_metazoa_odb10/miniprot_output/translated_proteins/587399at33208.faa
2026-08-20 23:07:20 DEBUG:busco.busco_tools.Toolset	cmd call: hmmsearch --domtblout /work/pi_hputnam_uri_edu/Ptua_genome/Ptua_genome_busco/run_metazoa_odb10/hmmer_output/585305at33208.out --cpu 1 /work/pi_hputnam_uri_edu/lineages/lineages/metazoa_odb10/hmms/585305at33208.hmm /work/pi_hputnam_uri_edu/Ptua_genome/Ptua_genome_busco/run_metazoa_odb10/miniprot_output/translated_proteins/585305at33208.faa
2026-08-20 23:07:21 DEBUG:busco.busco_tools.Toolset	cmd call: hmmsearch --domtblout /work/pi_hputnam_uri_edu/Ptua_genome/Ptua_genome_busco/run_metazoa_odb10/hmmer_output/585313at33208.out --cpu 1 /work/pi_hputnam_uri_edu/lineages/lineages/metazoa_odb10/hmms/585313at33208.hmm /work/pi_hputnam_uri_edu/Ptua_genome/Ptua_genome_busco/run_metazoa_odb10/miniprot_output/translated_proteins/585313at33208.faa
2026-08-20 23:07:21 DEBUG:busco.busco_tools.Toolset	cmd call: hmmsearch --domtblout /work/pi_hputnam_uri_edu/Ptua_genome/Ptua_genome_busco/run_metazoa_odb10/hmmer_output/587407at33208.out --cpu 1 /work/pi_hputnam_uri_edu/lineages/lineages/metazoa_odb10/hmms/587407at33208.hmm /work/pi_hputnam_uri_edu/Ptua_genome/Ptua_genome_busco/run_metazoa_odb10/miniprot_output/translated_proteins/587407at33208.faa
2026-08-20 23:07:21 DEBUG:busco.busco_tools.Toolset	cmd call: hmmsearch --domtblout /work/pi_hputnam_uri_edu/Ptua_genome/Ptua_genome_busco/run_metazoa_odb10/hmmer_output/585656at33208.out --cpu 1 /work/pi_hputnam_uri_edu/lineages/lineages/metazoa_odb10/hmms/585656at33208.hmm /work/pi_hputnam_uri_edu/Ptua_genome/Ptua_genome_busco/run_metazoa_odb10/miniprot_output/translated_proteins/585656at33208.faa
2026-08-20 23:07:21 DEBUG:busco.busco_tools.Toolset	cmd call: hmmsearch --domtblout /work/pi_hputnam_uri_edu/Ptua_genome/Ptua_genome_busco/run_metazoa_odb10/hmmer_output/590470at33208.out --cpu 1 /work/pi_hputnam_uri_edu/lineages/lineages/metazoa_odb10/hmms/590470at33208.hmm /work/pi_hputnam_uri_edu/Ptua_genome/Ptua_genome_busco/run_metazoa_odb10/miniprot_output/translated_proteins/590470at33208.faa
2026-08-20 23:07:21 DEBUG:busco.busco_tools.Toolset	cmd call: hmmsearch --domtblout /work/pi_hputnam_uri_edu/Ptua_genome/Ptua_genome_busco/run_metazoa_odb10/hmmer_output/587513at33208.out --cpu 1 /work/pi_hputnam_uri_edu/lineages/lineages/metazoa_odb10/hmms/587513at33208.hmm /work/pi_hputnam_uri_edu/Ptua_genome/Ptua_genome_busco/run_metazoa_odb10/miniprot_output/translated_proteins/587513at33208.faa
2026-08-20 23:07:21 DEBUG:busco.busco_tools.Toolset	cmd call: hmmsearch --domtblout /work/pi_hputnam_uri_edu/Ptua_genome/Ptua_genome_busco/run_metazoa_odb10/hmmer_output/591316at33208.out --cpu 1 /work/pi_hputnam_uri_edu/lineages/lineages/metazoa_odb10/hmms/591316at33208.hmm /work/pi_hputnam_uri_edu/Ptua_genome/Ptua_genome_busco/run_metazoa_odb10/miniprot_output/translated_proteins/591316at33208.faa
2026-08-20 23:07:21 DEBUG:busco.busco_tools.Toolset	cmd call: hmmsearch --domtblout /work/pi_hputnam_uri_edu/Ptua_genome/Ptua_genome_busco/run_metazoa_odb10/hmmer_output/587688at33208.out --cpu 1 /work/pi_hputnam_uri_edu/lineages/lineages/metazoa_odb10/hmms/587688at33208.hmm /work/pi_hputnam_uri_edu/Ptua_genome/Ptua_genome_busco/run_metazoa_odb10/miniprot_output/translated_proteins/587688at33208.faa
2026-08-20 23:07:21 DEBUG:busco.busco_tools.Toolset	cmd call: hmmsearch --domtblout /work/pi_hputnam_uri_edu/Ptua_genome/Ptua_genome_busco/run_metazoa_odb10/hmmer_output/591391at33208.out --cpu 1 /work/pi_hputnam_uri_edu/lineages/lineages/metazoa_odb10/hmms/591391at33208.hmm /work/pi_hputnam_uri_edu/Ptua_genome/Ptua_genome_busco/run_metazoa_odb10/miniprot_output/translated_proteins/591391at33208.faa
2026-08-20 23:07:21 DEBUG:busco.busco_tools.Toolset	cmd call: hmmsearch --domtblout /work/pi_hputnam_uri_edu/Ptua_genome/Ptua_genome_busco/run_metazoa_odb10/hmmer_output/587958at33208.out --cpu 1 /work/pi_hputnam_uri_edu/lineages/lineages/metazoa_odb10/hmms/587958at33208.hmm /work/pi_hputnam_uri_edu/Ptua_genome/Ptua_genome_busco/run_metazoa_odb10/miniprot_output/translated_proteins/587958at33208.faa
2026-08-20 23:07:21 DEBUG:busco.busco_tools.Toolset	cmd call: hmmsearch --domtblout /work/pi_hputnam_uri_edu/Ptua_genome/Ptua_genome_busco/run_metazoa_odb10/hmmer_output/591498at33208.out --cpu 1 /work/pi_hputnam_uri_edu/lineages/lineages/metazoa_odb10/hmms/591498at33208.hmm /work/pi_hputnam_uri_edu/Ptua_genome/Ptua_genome_busco/run_metazoa_odb10/miniprot_output/translated_proteins/591498at33208.faa
2026-08-20 23:07:21 DEBUG:busco.busco_tools.Toolset	cmd call: hmmsearch --domtblout /work/pi_hputnam_uri_edu/Ptua_genome/Ptua_genome_busco/run_metazoa_odb10/hmmer_output/589773at33208.out --cpu 1 /work/pi_hputnam_uri_edu/lineages/lineages/metazoa_odb10/hmms/589773at33208.hmm /work/pi_hputnam_uri_edu/Ptua_genome/Ptua_genome_busco/run_metazoa_odb10/miniprot_output/translated_proteins/589773at33208.faa
2026-08-20 23:07:22 DEBUG:busco.busco_tools.Toolset	cmd call: hmmsearch --domtblout /work/pi_hputnam_uri_edu/Ptua_genome/Ptua_genome_busco/run_metazoa_odb10/hmmer_output/589901at33208.out --cpu 1 /work/pi_hputnam_uri_edu/lineages/lineages/metazoa_odb10/hmms/589901at33208.hmm /work/pi_hputnam_uri_edu/Ptua_genome/Ptua_genome_busco/run_metazoa_odb10/miniprot_output/translated_proteins/589901at33208.faa
2026-08-20 23:07:22 DEBUG:busco.busco_tools.Toolset	cmd call: hmmsearch --domtblout /work/pi_hputnam_uri_edu/Ptua_genome/Ptua_genome_busco/run_metazoa_odb10/hmmer_output/592087at33208.out --cpu 1 /work/pi_hputnam_uri_edu/lineages/lineages/metazoa_odb10/hmms/592087at33208.hmm /work/pi_hputnam_uri_edu/Ptua_genome/Ptua_genome_busco/run_metazoa_odb10/miniprot_output/translated_proteins/592087at33208.faa
2026-08-20 23:07:22 DEBUG:busco.busco_tools.Toolset	cmd call: hmmsearch --domtblout /work/pi_hputnam_uri_edu/Ptua_genome/Ptua_genome_busco/run_metazoa_odb10/hmmer_output/590221at33208.out --cpu 1 /work/pi_hputnam_uri_edu/lineages/lineages/metazoa_odb10/hmms/590221at33208.hmm /work/pi_hputnam_uri_edu/Ptua_genome/Ptua_genome_busco/run_metazoa_odb10/miniprot_output/translated_proteins/590221at33208.faa
2026-08-20 23:07:22 DEBUG:busco.busco_tools.Toolset	cmd call: hmmsearch --domtblout /work/pi_hputnam_uri_edu/Ptua_genome/Ptua_genome_busco/run_metazoa_odb10/hmmer_output/592094at33208.out --cpu 1 /work/pi_hputnam_uri_edu/lineages/lineages/metazoa_odb10/hmms/592094at33208.hmm /work/pi_hputnam_uri_edu/Ptua_genome/Ptua_genome_busco/run_metazoa_odb10/miniprot_output/translated_proteins/592094at33208.faa
2026-08-20 23:07:22 DEBUG:busco.busco_tools.Toolset	cmd call: hmmsearch --domtblout /work/pi_hputnam_uri_edu/Ptua_genome/Ptua_genome_busco/run_metazoa_odb10/hmmer_output/590347at33208.out --cpu 1 /work/pi_hputnam_uri_edu/lineages/lineages/metazoa_odb10/hmms/590347at33208.hmm /work/pi_hputnam_uri_edu/Ptua_genome/Ptua_genome_busco/run_metazoa_odb10/miniprot_output/translated_proteins/590347at33208.faa
2026-08-20 23:07:22 DEBUG:busco.busco_tools.Toolset	cmd call: hmmsearch --domtblout /work/pi_hputnam_uri_edu/Ptua_genome/Ptua_genome_busco/run_metazoa_odb10/hmmer_output/590416at33208.out --cpu 1 /work/pi_hputnam_uri_edu/lineages/lineages/metazoa_odb10/hmms/590416at33208.hmm /work/pi_hputnam_uri_edu/Ptua_genome/Ptua_genome_busco/run_metazoa_odb10/miniprot_output/translated_proteins/590416at33208.faa
2026-08-20 23:07:22 DEBUG:busco.busco_tools.Toolset	cmd call: hmmsearch --domtblout /work/pi_hputnam_uri_edu/Ptua_genome/Ptua_genome_busco/run_metazoa_odb10/hmmer_output/595858at33208.out --cpu 1 /work/pi_hputnam_uri_edu/lineages/lineages/metazoa_odb10/hmms/595858at33208.hmm /work/pi_hputnam_uri_edu/Ptua_genome/Ptua_genome_busco/run_metazoa_odb10/miniprot_output/translated_proteins/595858at33208.faa
2026-08-20 23:07:22 DEBUG:busco.busco_tools.Toolset	cmd call: hmmsearch --domtblout /work/pi_hputnam_uri_edu/Ptua_genome/Ptua_genome_busco/run_metazoa_odb10/hmmer_output/592759at33208.out --cpu 1 /work/pi_hputnam_uri_edu/lineages/lineages/metazoa_odb10/hmms/592759at33208.hmm /work/pi_hputnam_uri_edu/Ptua_genome/Ptua_genome_busco/run_metazoa_odb10/miniprot_output/translated_proteins/592759at33208.faa
2026-08-20 23:07:22 DEBUG:busco.busco_tools.Toolset	cmd call: hmmsearch --domtblout /work/pi_hputnam_uri_edu/Ptua_genome/Ptua_genome_busco/run_metazoa_odb10/hmmer_output/596131at33208.out --cpu 1 /work/pi_hputnam_uri_edu/lineages/lineages/metazoa_odb10/hmms/596131at33208.hmm /work/pi_hputnam_uri_edu/Ptua_genome/Ptua_genome_busco/run_metazoa_odb10/miniprot_output/translated_proteins/596131at33208.faa
2026-08-20 23:07:22 DEBUG:busco.busco_tools.Toolset	cmd call: hmmsearch --domtblout /work/pi_hputnam_uri_edu/Ptua_genome/Ptua_genome_busco/run_metazoa_odb10/hmmer_output/596973at33208.out --cpu 1 /work/pi_hputnam_uri_edu/lineages/lineages/metazoa_odb10/hmms/596973at33208.hmm /work/pi_hputnam_uri_edu/Ptua_genome/Ptua_genome_busco/run_metazoa_odb10/miniprot_output/translated_proteins/596973at33208.faa
2026-08-20 23:07:22 DEBUG:busco.busco_tools.Toolset	cmd call: hmmsearch --domtblout /work/pi_hputnam_uri_edu/Ptua_genome/Ptua_genome_busco/run_metazoa_odb10/hmmer_output/592872at33208.out --cpu 1 /work/pi_hputnam_uri_edu/lineages/lineages/metazoa_odb10/hmms/592872at33208.hmm /work/pi_hputnam_uri_edu/Ptua_genome/Ptua_genome_busco/run_metazoa_odb10/miniprot_output/translated_proteins/592872at33208.faa
2026-08-20 23:07:22 DEBUG:busco.busco_tools.Toolset	cmd call: hmmsearch --domtblout /work/pi_hputnam_uri_edu/Ptua_genome/Ptua_genome_busco/run_metazoa_odb10/hmmer_output/597023at33208.out --cpu 1 /work/pi_hputnam_uri_edu/lineages/lineages/metazoa_odb10/hmms/597023at33208.hmm /work/pi_hputnam_uri_edu/Ptua_genome/Ptua_genome_busco/run_metazoa_odb10/miniprot_output/translated_proteins/597023at33208.faa
2026-08-20 23:07:22 DEBUG:busco.busco_tools.Toolset	cmd call: hmmsearch --domtblout /work/pi_hputnam_uri_edu/Ptua_genome/Ptua_genome_busco/run_metazoa_odb10/hmmer_output/594172at33208.out --cpu 1 /work/pi_hputnam_uri_edu/lineages/lineages/metazoa_odb10/hmms/594172at33208.hmm /work/pi_hputnam_uri_edu/Ptua_genome/Ptua_genome_busco/run_metazoa_odb10/miniprot_output/translated_proteins/594172at33208.faa
2026-08-20 23:07:22 DEBUG:busco.busco_tools.Toolset	cmd call: hmmsearch --domtblout /work/pi_hputnam_uri_edu/Ptua_genome/Ptua_genome_busco/run_metazoa_odb10/hmmer_output/597816at33208.out --cpu 1 /work/pi_hputnam_uri_edu/lineages/lineages/metazoa_odb10/hmms/597816at33208.hmm /work/pi_hputnam_uri_edu/Ptua_genome/Ptua_genome_busco/run_metazoa_odb10/miniprot_output/translated_proteins/597816at33208.faa
2026-08-20 23:07:23 DEBUG:busco.busco_tools.Toolset	cmd call: hmmsearch --domtblout /work/pi_hputnam_uri_edu/Ptua_genome/Ptua_genome_busco/run_metazoa_odb10/hmmer_output/594271at33208.out --cpu 1 /work/pi_hputnam_uri_edu/lineages/lineages/metazoa_odb10/hmms/594271at33208.hmm /work/pi_hputnam_uri_edu/Ptua_genome/Ptua_genome_busco/run_metazoa_odb10/miniprot_output/translated_proteins/594271at33208.faa
2026-08-20 23:07:23 DEBUG:busco.busco_tools.Toolset	cmd call: hmmsearch --domtblout /work/pi_hputnam_uri_edu/Ptua_genome/Ptua_genome_busco/run_metazoa_odb10/hmmer_output/598405at33208.out --cpu 1 /work/pi_hputnam_uri_edu/lineages/lineages/metazoa_odb10/hmms/598405at33208.hmm /work/pi_hputnam_uri_edu/Ptua_genome/Ptua_genome_busco/run_metazoa_odb10/miniprot_output/translated_proteins/598405at33208.faa
2026-08-20 23:07:23 DEBUG:busco.busco_tools.Toolset	cmd call: hmmsearch --domtblout /work/pi_hputnam_uri_edu/Ptua_genome/Ptua_genome_busco/run_metazoa_odb10/hmmer_output/594842at33208.out --cpu 1 /work/pi_hputnam_uri_edu/lineages/lineages/metazoa_odb10/hmms/594842at33208.hmm /work/pi_hputnam_uri_edu/Ptua_genome/Ptua_genome_busco/run_metazoa_odb10/miniprot_output/translated_proteins/594842at33208.faa
2026-08-20 23:07:23 DEBUG:busco.busco_tools.Toolset	cmd call: hmmsearch --domtblout /work/pi_hputnam_uri_edu/Ptua_genome/Ptua_genome_busco/run_metazoa_odb10/hmmer_output/598944at33208.out --cpu 1 /work/pi_hputnam_uri_edu/lineages/lineages/metazoa_odb10/hmms/598944at33208.hmm /work/pi_hputnam_uri_edu/Ptua_genome/Ptua_genome_busco/run_metazoa_odb10/miniprot_output/translated_proteins/598944at33208.faa
2026-08-20 23:07:23 DEBUG:busco.busco_tools.Toolset	cmd call: hmmsearch --domtblout /work/pi_hputnam_uri_edu/Ptua_genome/Ptua_genome_busco/run_metazoa_odb10/hmmer_output/594937at33208.out --cpu 1 /work/pi_hputnam_uri_edu/lineages/lineages/metazoa_odb10/hmms/594937at33208.hmm /work/pi_hputnam_uri_edu/Ptua_genome/Ptua_genome_busco/run_metazoa_odb10/miniprot_output/translated_proteins/594937at33208.faa
2026-08-20 23:07:23 DEBUG:busco.busco_tools.Toolset	cmd call: hmmsearch --domtblout /work/pi_hputnam_uri_edu/Ptua_genome/Ptua_genome_busco/run_metazoa_odb10/hmmer_output/599320at33208.out --cpu 1 /work/pi_hputnam_uri_edu/lineages/lineages/metazoa_odb10/hmms/599320at33208.hmm /work/pi_hputnam_uri_edu/Ptua_genome/Ptua_genome_busco/run_metazoa_odb10/miniprot_output/translated_proteins/599320at33208.faa
2026-08-20 23:07:23 DEBUG:busco.busco_tools.Toolset	cmd call: hmmsearch --domtblout /work/pi_hputnam_uri_edu/Ptua_genome/Ptua_genome_busco/run_metazoa_odb10/hmmer_output/595010at33208.out --cpu 1 /work/pi_hputnam_uri_edu/lineages/lineages/metazoa_odb10/hmms/595010at33208.hmm /work/pi_hputnam_uri_edu/Ptua_genome/Ptua_genome_busco/run_metazoa_odb10/miniprot_output/translated_proteins/595010at33208.faa
2026-08-20 23:07:23 DEBUG:busco.busco_tools.Toolset	cmd call: hmmsearch --domtblout /work/pi_hputnam_uri_edu/Ptua_genome/Ptua_genome_busco/run_metazoa_odb10/hmmer_output/600462at33208.out --cpu 1 /work/pi_hputnam_uri_edu/lineages/lineages/metazoa_odb10/hmms/600462at33208.hmm /work/pi_hputnam_uri_edu/Ptua_genome/Ptua_genome_busco/run_metazoa_odb10/miniprot_output/translated_proteins/600462at33208.faa
2026-08-20 23:07:23 DEBUG:busco.busco_tools.Toolset	cmd call: hmmsearch --domtblout /work/pi_hputnam_uri_edu/Ptua_genome/Ptua_genome_busco/run_metazoa_odb10/hmmer_output/600823at33208.out --cpu 1 /work/pi_hputnam_uri_edu/lineages/lineages/metazoa_odb10/hmms/600823at33208.hmm /work/pi_hputnam_uri_edu/Ptua_genome/Ptua_genome_busco/run_metazoa_odb10/miniprot_output/translated_proteins/600823at33208.faa
2026-08-20 23:07:23 DEBUG:busco.busco_tools.Toolset	cmd call: hmmsearch --domtblout /work/pi_hputnam_uri_edu/Ptua_genome/Ptua_genome_busco/run_metazoa_odb10/hmmer_output/5951at33208.out --cpu 1 /work/pi_hputnam_uri_edu/lineages/lineages/metazoa_odb10/hmms/5951at33208.hmm /work/pi_hputnam_uri_edu/Ptua_genome/Ptua_genome_busco/run_metazoa_odb10/miniprot_output/translated_proteins/5951at33208.faa
2026-08-20 23:07:23 DEBUG:busco.busco_tools.Toolset	cmd call: hmmsearch --domtblout /work/pi_hputnam_uri_edu/Ptua_genome/Ptua_genome_busco/run_metazoa_odb10/hmmer_output/601242at33208.out --cpu 1 /work/pi_hputnam_uri_edu/lineages/lineages/metazoa_odb10/hmms/601242at33208.hmm /work/pi_hputnam_uri_edu/Ptua_genome/Ptua_genome_busco/run_metazoa_odb10/miniprot_output/translated_proteins/601242at33208.faa
2026-08-20 23:07:23 DEBUG:busco.busco_tools.Toolset	cmd call: hmmsearch --domtblout /work/pi_hputnam_uri_edu/Ptua_genome/Ptua_genome_busco/run_metazoa_odb10/hmmer_output/602089at33208.out --cpu 1 /work/pi_hputnam_uri_edu/lineages/lineages/metazoa_odb10/hmms/602089at33208.hmm /work/pi_hputnam_uri_edu/Ptua_genome/Ptua_genome_busco/run_metazoa_odb10/miniprot_output/translated_proteins/602089at33208.faa
2026-08-20 23:07:23 DEBUG:busco.busco_tools.Toolset	cmd call: hmmsearch --domtblout /work/pi_hputnam_uri_edu/Ptua_genome/Ptua_genome_busco/run_metazoa_odb10/hmmer_output/601650at33208.out --cpu 1 /work/pi_hputnam_uri_edu/lineages/lineages/metazoa_odb10/hmms/601650at33208.hmm /work/pi_hputnam_uri_edu/Ptua_genome/Ptua_genome_busco/run_metazoa_odb10/miniprot_output/translated_proteins/601650at33208.faa
2026-08-20 23:07:24 DEBUG:busco.busco_tools.Toolset	cmd call: hmmsearch --domtblout /work/pi_hputnam_uri_edu/Ptua_genome/Ptua_genome_busco/run_metazoa_odb10/hmmer_output/602148at33208.out --cpu 1 /work/pi_hputnam_uri_edu/lineages/lineages/metazoa_odb10/hmms/602148at33208.hmm /work/pi_hputnam_uri_edu/Ptua_genome/Ptua_genome_busco/run_metazoa_odb10/miniprot_output/translated_proteins/602148at33208.faa
2026-08-20 23:07:24 DEBUG:busco.busco_tools.Toolset	cmd call: hmmsearch --domtblout /work/pi_hputnam_uri_edu/Ptua_genome/Ptua_genome_busco/run_metazoa_odb10/hmmer_output/601768at33208.out --cpu 1 /work/pi_hputnam_uri_edu/lineages/lineages/metazoa_odb10/hmms/601768at33208.hmm /work/pi_hputnam_uri_edu/Ptua_genome/Ptua_genome_busco/run_metazoa_odb10/miniprot_output/translated_proteins/601768at33208.faa
2026-08-20 23:07:24 DEBUG:busco.busco_tools.Toolset	cmd call: hmmsearch --domtblout /work/pi_hputnam_uri_edu/Ptua_genome/Ptua_genome_busco/run_metazoa_odb10/hmmer_output/602587at33208.out --cpu 1 /work/pi_hputnam_uri_edu/lineages/lineages/metazoa_odb10/hmms/602587at33208.hmm /work/pi_hputnam_uri_edu/Ptua_genome/Ptua_genome_busco/run_metazoa_odb10/miniprot_output/translated_proteins/602587at33208.faa
2026-08-20 23:07:24 DEBUG:busco.busco_tools.Toolset	cmd call: hmmsearch --domtblout /work/pi_hputnam_uri_edu/Ptua_genome/Ptua_genome_busco/run_metazoa_odb10/hmmer_output/603239at33208.out --cpu 1 /work/pi_hputnam_uri_edu/lineages/lineages/metazoa_odb10/hmms/603239at33208.hmm /work/pi_hputnam_uri_edu/Ptua_genome/Ptua_genome_busco/run_metazoa_odb10/miniprot_output/translated_proteins/603239at33208.faa
2026-08-20 23:07:24 DEBUG:busco.busco_tools.Toolset	cmd call: hmmsearch --domtblout /work/pi_hputnam_uri_edu/Ptua_genome/Ptua_genome_busco/run_metazoa_odb10/hmmer_output/601875at33208.out --cpu 1 /work/pi_hputnam_uri_edu/lineages/lineages/metazoa_odb10/hmms/601875at33208.hmm /work/pi_hputnam_uri_edu/Ptua_genome/Ptua_genome_busco/run_metazoa_odb10/miniprot_output/translated_proteins/601875at33208.faa
2026-08-20 23:07:24 DEBUG:busco.busco_tools.Toolset	cmd call: hmmsearch --domtblout /work/pi_hputnam_uri_edu/Ptua_genome/Ptua_genome_busco/run_metazoa_odb10/hmmer_output/603370at33208.out --cpu 1 /work/pi_hputnam_uri_edu/lineages/lineages/metazoa_odb10/hmms/603370at33208.hmm /work/pi_hputnam_uri_edu/Ptua_genome/Ptua_genome_busco/run_metazoa_odb10/miniprot_output/translated_proteins/603370at33208.faa
2026-08-20 23:07:24 DEBUG:busco.busco_tools.Toolset	cmd call: hmmsearch --domtblout /work/pi_hputnam_uri_edu/Ptua_genome/Ptua_genome_busco/run_metazoa_odb10/hmmer_output/603609at33208.out --cpu 1 /work/pi_hputnam_uri_edu/lineages/lineages/metazoa_odb10/hmms/603609at33208.hmm /work/pi_hputnam_uri_edu/Ptua_genome/Ptua_genome_busco/run_metazoa_odb10/miniprot_output/translated_proteins/603609at33208.faa
2026-08-20 23:07:24 DEBUG:busco.busco_tools.Toolset	cmd call: hmmsearch --domtblout /work/pi_hputnam_uri_edu/Ptua_genome/Ptua_genome_busco/run_metazoa_odb10/hmmer_output/601886at33208.out --cpu 1 /work/pi_hputnam_uri_edu/lineages/lineages/metazoa_odb10/hmms/601886at33208.hmm /work/pi_hputnam_uri_edu/Ptua_genome/Ptua_genome_busco/run_metazoa_odb10/miniprot_output/translated_proteins/601886at33208.faa
2026-08-20 23:07:24 DEBUG:busco.busco_tools.Toolset	cmd call: hmmsearch --domtblout /work/pi_hputnam_uri_edu/Ptua_genome/Ptua_genome_busco/run_metazoa_odb10/hmmer_output/603673at33208.out --cpu 1 /work/pi_hputnam_uri_edu/lineages/lineages/metazoa_odb10/hmms/603673at33208.hmm /work/pi_hputnam_uri_edu/Ptua_genome/Ptua_genome_busco/run_metazoa_odb10/miniprot_output/translated_proteins/603673at33208.faa
2026-08-20 23:07:24 DEBUG:busco.busco_tools.Toolset	cmd call: hmmsearch --domtblout /work/pi_hputnam_uri_edu/Ptua_genome/Ptua_genome_busco/run_metazoa_odb10/hmmer_output/601967at33208.out --cpu 1 /work/pi_hputnam_uri_edu/lineages/lineages/metazoa_odb10/hmms/601967at33208.hmm /work/pi_hputnam_uri_edu/Ptua_genome/Ptua_genome_busco/run_metazoa_odb10/miniprot_output/translated_proteins/601967at33208.faa
2026-08-20 23:07:24 DEBUG:busco.busco_tools.Toolset	cmd call: hmmsearch --domtblout /work/pi_hputnam_uri_edu/Ptua_genome/Ptua_genome_busco/run_metazoa_odb10/hmmer_output/604211at33208.out --cpu 1 /work/pi_hputnam_uri_edu/lineages/lineages/metazoa_odb10/hmms/604211at33208.hmm /work/pi_hputnam_uri_edu/Ptua_genome/Ptua_genome_busco/run_metazoa_odb10/miniprot_output/translated_proteins/604211at33208.faa
2026-08-20 23:07:25 DEBUG:busco.busco_tools.Toolset	cmd call: hmmsearch --domtblout /work/pi_hputnam_uri_edu/Ptua_genome/Ptua_genome_busco/run_metazoa_odb10/hmmer_output/604943at33208.out --cpu 1 /work/pi_hputnam_uri_edu/lineages/lineages/metazoa_odb10/hmms/604943at33208.hmm /work/pi_hputnam_uri_edu/Ptua_genome/Ptua_genome_busco/run_metazoa_odb10/miniprot_output/translated_proteins/604943at33208.faa
2026-08-20 23:07:25 DEBUG:busco.busco_tools.Toolset	cmd call: hmmsearch --domtblout /work/pi_hputnam_uri_edu/Ptua_genome/Ptua_genome_busco/run_metazoa_odb10/hmmer_output/607862at33208.out --cpu 1 /work/pi_hputnam_uri_edu/lineages/lineages/metazoa_odb10/hmms/607862at33208.hmm /work/pi_hputnam_uri_edu/Ptua_genome/Ptua_genome_busco/run_metazoa_odb10/miniprot_output/translated_proteins/607862at33208.faa
2026-08-20 23:07:25 DEBUG:busco.busco_tools.Toolset	cmd call: hmmsearch --domtblout /work/pi_hputnam_uri_edu/Ptua_genome/Ptua_genome_busco/run_metazoa_odb10/hmmer_output/608011at33208.out --cpu 1 /work/pi_hputnam_uri_edu/lineages/lineages/metazoa_odb10/hmms/608011at33208.hmm /work/pi_hputnam_uri_edu/Ptua_genome/Ptua_genome_busco/run_metazoa_odb10/miniprot_output/translated_proteins/608011at33208.faa
2026-08-20 23:07:25 DEBUG:busco.busco_tools.Toolset	cmd call: hmmsearch --domtblout /work/pi_hputnam_uri_edu/Ptua_genome/Ptua_genome_busco/run_metazoa_odb10/hmmer_output/605189at33208.out --cpu 1 /work/pi_hputnam_uri_edu/lineages/lineages/metazoa_odb10/hmms/605189at33208.hmm /work/pi_hputnam_uri_edu/Ptua_genome/Ptua_genome_busco/run_metazoa_odb10/miniprot_output/translated_proteins/605189at33208.faa
2026-08-20 23:07:25 DEBUG:busco.busco_tools.Toolset	cmd call: hmmsearch --domtblout /work/pi_hputnam_uri_edu/Ptua_genome/Ptua_genome_busco/run_metazoa_odb10/hmmer_output/608074at33208.out --cpu 1 /work/pi_hputnam_uri_edu/lineages/lineages/metazoa_odb10/hmms/608074at33208.hmm /work/pi_hputnam_uri_edu/Ptua_genome/Ptua_genome_busco/run_metazoa_odb10/miniprot_output/translated_proteins/608074at33208.faa
2026-08-20 23:07:25 DEBUG:busco.busco_tools.Toolset	cmd call: hmmsearch --domtblout /work/pi_hputnam_uri_edu/Ptua_genome/Ptua_genome_busco/run_metazoa_odb10/hmmer_output/606048at33208.out --cpu 1 /work/pi_hputnam_uri_edu/lineages/lineages/metazoa_odb10/hmms/606048at33208.hmm /work/pi_hputnam_uri_edu/Ptua_genome/Ptua_genome_busco/run_metazoa_odb10/miniprot_output/translated_proteins/606048at33208.faa
2026-08-20 23:07:25 DEBUG:busco.busco_tools.Toolset	cmd call: hmmsearch --domtblout /work/pi_hputnam_uri_edu/Ptua_genome/Ptua_genome_busco/run_metazoa_odb10/hmmer_output/608190at33208.out --cpu 1 /work/pi_hputnam_uri_edu/lineages/lineages/metazoa_odb10/hmms/608190at33208.hmm /work/pi_hputnam_uri_edu/Ptua_genome/Ptua_genome_busco/run_metazoa_odb10/miniprot_output/translated_proteins/608190at33208.faa
2026-08-20 23:07:25 DEBUG:busco.busco_tools.Toolset	cmd call: hmmsearch --domtblout /work/pi_hputnam_uri_edu/Ptua_genome/Ptua_genome_busco/run_metazoa_odb10/hmmer_output/606539at33208.out --cpu 1 /work/pi_hputnam_uri_edu/lineages/lineages/metazoa_odb10/hmms/606539at33208.hmm /work/pi_hputnam_uri_edu/Ptua_genome/Ptua_genome_busco/run_metazoa_odb10/miniprot_output/translated_proteins/606539at33208.faa
2026-08-20 23:07:25 DEBUG:busco.busco_tools.Toolset	cmd call: hmmsearch --domtblout /work/pi_hputnam_uri_edu/Ptua_genome/Ptua_genome_busco/run_metazoa_odb10/hmmer_output/608669at33208.out --cpu 1 /work/pi_hputnam_uri_edu/lineages/lineages/metazoa_odb10/hmms/608669at33208.hmm /work/pi_hputnam_uri_edu/Ptua_genome/Ptua_genome_busco/run_metazoa_odb10/miniprot_output/translated_proteins/608669at33208.faa
2026-08-20 23:07:25 DEBUG:busco.busco_tools.Toolset	cmd call: hmmsearch --domtblout /work/pi_hputnam_uri_edu/Ptua_genome/Ptua_genome_busco/run_metazoa_odb10/hmmer_output/606748at33208.out --cpu 1 /work/pi_hputnam_uri_edu/lineages/lineages/metazoa_odb10/hmms/606748at33208.hmm /work/pi_hputnam_uri_edu/Ptua_genome/Ptua_genome_busco/run_metazoa_odb10/miniprot_output/translated_proteins/606748at33208.faa
2026-08-20 23:07:26 DEBUG:busco.busco_tools.Toolset	cmd call: hmmsearch --domtblout /work/pi_hputnam_uri_edu/Ptua_genome/Ptua_genome_busco/run_metazoa_odb10/hmmer_output/608869at33208.out --cpu 1 /work/pi_hputnam_uri_edu/lineages/lineages/metazoa_odb10/hmms/608869at33208.hmm /work/pi_hputnam_uri_edu/Ptua_genome/Ptua_genome_busco/run_metazoa_odb10/miniprot_output/translated_proteins/608869at33208.faa
2026-08-20 23:07:26 DEBUG:busco.busco_tools.Toolset	cmd call: hmmsearch --domtblout /work/pi_hputnam_uri_edu/Ptua_genome/Ptua_genome_busco/run_metazoa_odb10/hmmer_output/606776at33208.out --cpu 1 /work/pi_hputnam_uri_edu/lineages/lineages/metazoa_odb10/hmms/606776at33208.hmm /work/pi_hputnam_uri_edu/Ptua_genome/Ptua_genome_busco/run_metazoa_odb10/miniprot_output/translated_proteins/606776at33208.faa
2026-08-20 23:07:26 DEBUG:busco.busco_tools.Toolset	cmd call: hmmsearch --domtblout /work/pi_hputnam_uri_edu/Ptua_genome/Ptua_genome_busco/run_metazoa_odb10/hmmer_output/608924at33208.out --cpu 1 /work/pi_hputnam_uri_edu/lineages/lineages/metazoa_odb10/hmms/608924at33208.hmm /work/pi_hputnam_uri_edu/Ptua_genome/Ptua_genome_busco/run_metazoa_odb10/miniprot_output/translated_proteins/608924at33208.faa
2026-08-20 23:07:26 DEBUG:busco.busco_tools.Toolset	cmd call: hmmsearch --domtblout /work/pi_hputnam_uri_edu/Ptua_genome/Ptua_genome_busco/run_metazoa_odb10/hmmer_output/606795at33208.out --cpu 1 /work/pi_hputnam_uri_edu/lineages/lineages/metazoa_odb10/hmms/606795at33208.hmm /work/pi_hputnam_uri_edu/Ptua_genome/Ptua_genome_busco/run_metazoa_odb10/miniprot_output/translated_proteins/606795at33208.faa
2026-08-20 23:07:26 DEBUG:busco.busco_tools.Toolset	cmd call: hmmsearch --domtblout /work/pi_hputnam_uri_edu/Ptua_genome/Ptua_genome_busco/run_metazoa_odb10/hmmer_output/609899at33208.out --cpu 1 /work/pi_hputnam_uri_edu/lineages/lineages/metazoa_odb10/hmms/609899at33208.hmm /work/pi_hputnam_uri_edu/Ptua_genome/Ptua_genome_busco/run_metazoa_odb10/miniprot_output/translated_proteins/609899at33208.faa
2026-08-20 23:07:26 DEBUG:busco.busco_tools.Toolset	cmd call: hmmsearch --domtblout /work/pi_hputnam_uri_edu/Ptua_genome/Ptua_genome_busco/run_metazoa_odb10/hmmer_output/606958at33208.out --cpu 1 /work/pi_hputnam_uri_edu/lineages/lineages/metazoa_odb10/hmms/606958at33208.hmm /work/pi_hputnam_uri_edu/Ptua_genome/Ptua_genome_busco/run_metazoa_odb10/miniprot_output/translated_proteins/606958at33208.faa
2026-08-20 23:07:26 DEBUG:busco.busco_tools.Toolset	cmd call: hmmsearch --domtblout /work/pi_hputnam_uri_edu/Ptua_genome/Ptua_genome_busco/run_metazoa_odb10/hmmer_output/610427at33208.out --cpu 1 /work/pi_hputnam_uri_edu/lineages/lineages/metazoa_odb10/hmms/610427at33208.hmm /work/pi_hputnam_uri_edu/Ptua_genome/Ptua_genome_busco/run_metazoa_odb10/miniprot_output/translated_proteins/610427at33208.faa
2026-08-20 23:07:26 DEBUG:busco.busco_tools.Toolset	cmd call: hmmsearch --domtblout /work/pi_hputnam_uri_edu/Ptua_genome/Ptua_genome_busco/run_metazoa_odb10/hmmer_output/610541at33208.out --cpu 1 /work/pi_hputnam_uri_edu/lineages/lineages/metazoa_odb10/hmms/610541at33208.hmm /work/pi_hputnam_uri_edu/Ptua_genome/Ptua_genome_busco/run_metazoa_odb10/miniprot_output/translated_proteins/610541at33208.faa
2026-08-20 23:07:26 DEBUG:busco.busco_tools.Toolset	cmd call: hmmsearch --domtblout /work/pi_hputnam_uri_edu/Ptua_genome/Ptua_genome_busco/run_metazoa_odb10/hmmer_output/611258at33208.out --cpu 1 /work/pi_hputnam_uri_edu/lineages/lineages/metazoa_odb10/hmms/611258at33208.hmm /work/pi_hputnam_uri_edu/Ptua_genome/Ptua_genome_busco/run_metazoa_odb10/miniprot_output/translated_proteins/611258at33208.faa
2026-08-20 23:07:26 DEBUG:busco.busco_tools.Toolset	cmd call: hmmsearch --domtblout /work/pi_hputnam_uri_edu/Ptua_genome/Ptua_genome_busco/run_metazoa_odb10/hmmer_output/613522at33208.out --cpu 1 /work/pi_hputnam_uri_edu/lineages/lineages/metazoa_odb10/hmms/613522at33208.hmm /work/pi_hputnam_uri_edu/Ptua_genome/Ptua_genome_busco/run_metazoa_odb10/miniprot_output/translated_proteins/613522at33208.faa
2026-08-20 23:07:27 DEBUG:busco.busco_tools.Toolset	cmd call: hmmsearch --domtblout /work/pi_hputnam_uri_edu/Ptua_genome/Ptua_genome_busco/run_metazoa_odb10/hmmer_output/611279at33208.out --cpu 1 /work/pi_hputnam_uri_edu/lineages/lineages/metazoa_odb10/hmms/611279at33208.hmm /work/pi_hputnam_uri_edu/Ptua_genome/Ptua_genome_busco/run_metazoa_odb10/miniprot_output/translated_proteins/611279at33208.faa
2026-08-20 23:07:27 DEBUG:busco.busco_tools.Toolset	cmd call: hmmsearch --domtblout /work/pi_hputnam_uri_edu/Ptua_genome/Ptua_genome_busco/run_metazoa_odb10/hmmer_output/613580at33208.out --cpu 1 /work/pi_hputnam_uri_edu/lineages/lineages/metazoa_odb10/hmms/613580at33208.hmm /work/pi_hputnam_uri_edu/Ptua_genome/Ptua_genome_busco/run_metazoa_odb10/miniprot_output/translated_proteins/613580at33208.faa
2026-08-20 23:07:27 DEBUG:busco.busco_tools.Toolset	cmd call: hmmsearch --domtblout /work/pi_hputnam_uri_edu/Ptua_genome/Ptua_genome_busco/run_metazoa_odb10/hmmer_output/611373at33208.out --cpu 1 /work/pi_hputnam_uri_edu/lineages/lineages/metazoa_odb10/hmms/611373at33208.hmm /work/pi_hputnam_uri_edu/Ptua_genome/Ptua_genome_busco/run_metazoa_odb10/miniprot_output/translated_proteins/611373at33208.faa
2026-08-20 23:07:27 INFO:busco.busco_tools.Toolset	[hmmsearch]	859 of 954 task(s) completed
2026-08-20 23:07:27 DEBUG:busco.busco_tools.Toolset	cmd call: hmmsearch --domtblout /work/pi_hputnam_uri_edu/Ptua_genome/Ptua_genome_busco/run_metazoa_odb10/hmmer_output/611891at33208.out --cpu 1 /work/pi_hputnam_uri_edu/lineages/lineages/metazoa_odb10/hmms/611891at33208.hmm /work/pi_hputnam_uri_edu/Ptua_genome/Ptua_genome_busco/run_metazoa_odb10/miniprot_output/translated_proteins/611891at33208.faa
2026-08-20 23:07:27 DEBUG:busco.busco_tools.Toolset	cmd call: hmmsearch --domtblout /work/pi_hputnam_uri_edu/Ptua_genome/Ptua_genome_busco/run_metazoa_odb10/hmmer_output/612760at33208.out --cpu 1 /work/pi_hputnam_uri_edu/lineages/lineages/metazoa_odb10/hmms/612760at33208.hmm /work/pi_hputnam_uri_edu/Ptua_genome/Ptua_genome_busco/run_metazoa_odb10/miniprot_output/translated_proteins/612760at33208.faa
2026-08-20 23:07:27 DEBUG:busco.busco_tools.Toolset	cmd call: hmmsearch --domtblout /work/pi_hputnam_uri_edu/Ptua_genome/Ptua_genome_busco/run_metazoa_odb10/hmmer_output/613851at33208.out --cpu 1 /work/pi_hputnam_uri_edu/lineages/lineages/metazoa_odb10/hmms/613851at33208.hmm /work/pi_hputnam_uri_edu/Ptua_genome/Ptua_genome_busco/run_metazoa_odb10/miniprot_output/translated_proteins/613851at33208.faa
2026-08-20 23:07:27 DEBUG:busco.busco_tools.Toolset	cmd call: hmmsearch --domtblout /work/pi_hputnam_uri_edu/Ptua_genome/Ptua_genome_busco/run_metazoa_odb10/hmmer_output/612825at33208.out --cpu 1 /work/pi_hputnam_uri_edu/lineages/lineages/metazoa_odb10/hmms/612825at33208.hmm /work/pi_hputnam_uri_edu/Ptua_genome/Ptua_genome_busco/run_metazoa_odb10/miniprot_output/translated_proteins/612825at33208.faa
2026-08-20 23:07:27 DEBUG:busco.busco_tools.Toolset	cmd call: hmmsearch --domtblout /work/pi_hputnam_uri_edu/Ptua_genome/Ptua_genome_busco/run_metazoa_odb10/hmmer_output/614305at33208.out --cpu 1 /work/pi_hputnam_uri_edu/lineages/lineages/metazoa_odb10/hmms/614305at33208.hmm /work/pi_hputnam_uri_edu/Ptua_genome/Ptua_genome_busco/run_metazoa_odb10/miniprot_output/translated_proteins/614305at33208.faa
2026-08-20 23:07:27 DEBUG:busco.busco_tools.Toolset	cmd call: hmmsearch --domtblout /work/pi_hputnam_uri_edu/Ptua_genome/Ptua_genome_busco/run_metazoa_odb10/hmmer_output/615531at33208.out --cpu 1 /work/pi_hputnam_uri_edu/lineages/lineages/metazoa_odb10/hmms/615531at33208.hmm /work/pi_hputnam_uri_edu/Ptua_genome/Ptua_genome_busco/run_metazoa_odb10/miniprot_output/translated_proteins/615531at33208.faa
2026-08-20 23:07:28 DEBUG:busco.busco_tools.Toolset	cmd call: hmmsearch --domtblout /work/pi_hputnam_uri_edu/Ptua_genome/Ptua_genome_busco/run_metazoa_odb10/hmmer_output/615585at33208.out --cpu 1 /work/pi_hputnam_uri_edu/lineages/lineages/metazoa_odb10/hmms/615585at33208.hmm /work/pi_hputnam_uri_edu/Ptua_genome/Ptua_genome_busco/run_metazoa_odb10/miniprot_output/translated_proteins/615585at33208.faa
2026-08-20 23:07:28 DEBUG:busco.busco_tools.Toolset	cmd call: hmmsearch --domtblout /work/pi_hputnam_uri_edu/Ptua_genome/Ptua_genome_busco/run_metazoa_odb10/hmmer_output/615840at33208.out --cpu 1 /work/pi_hputnam_uri_edu/lineages/lineages/metazoa_odb10/hmms/615840at33208.hmm /work/pi_hputnam_uri_edu/Ptua_genome/Ptua_genome_busco/run_metazoa_odb10/miniprot_output/translated_proteins/615840at33208.faa
2026-08-20 23:07:28 DEBUG:busco.busco_tools.Toolset	cmd call: hmmsearch --domtblout /work/pi_hputnam_uri_edu/Ptua_genome/Ptua_genome_busco/run_metazoa_odb10/hmmer_output/616120at33208.out --cpu 1 /work/pi_hputnam_uri_edu/lineages/lineages/metazoa_odb10/hmms/616120at33208.hmm /work/pi_hputnam_uri_edu/Ptua_genome/Ptua_genome_busco/run_metazoa_odb10/miniprot_output/translated_proteins/616120at33208.faa
2026-08-20 23:07:28 DEBUG:busco.busco_tools.Toolset	cmd call: hmmsearch --domtblout /work/pi_hputnam_uri_edu/Ptua_genome/Ptua_genome_busco/run_metazoa_odb10/hmmer_output/616149at33208.out --cpu 1 /work/pi_hputnam_uri_edu/lineages/lineages/metazoa_odb10/hmms/616149at33208.hmm /work/pi_hputnam_uri_edu/Ptua_genome/Ptua_genome_busco/run_metazoa_odb10/miniprot_output/translated_proteins/616149at33208.faa
2026-08-20 23:07:28 DEBUG:busco.busco_tools.Toolset	cmd call: hmmsearch --domtblout /work/pi_hputnam_uri_edu/Ptua_genome/Ptua_genome_busco/run_metazoa_odb10/hmmer_output/618421at33208.out --cpu 1 /work/pi_hputnam_uri_edu/lineages/lineages/metazoa_odb10/hmms/618421at33208.hmm /work/pi_hputnam_uri_edu/Ptua_genome/Ptua_genome_busco/run_metazoa_odb10/miniprot_output/translated_proteins/618421at33208.faa
2026-08-20 23:07:28 DEBUG:busco.busco_tools.Toolset	cmd call: hmmsearch --domtblout /work/pi_hputnam_uri_edu/Ptua_genome/Ptua_genome_busco/run_metazoa_odb10/hmmer_output/618516at33208.out --cpu 1 /work/pi_hputnam_uri_edu/lineages/lineages/metazoa_odb10/hmms/618516at33208.hmm /work/pi_hputnam_uri_edu/Ptua_genome/Ptua_genome_busco/run_metazoa_odb10/miniprot_output/translated_proteins/618516at33208.faa
2026-08-20 23:07:28 DEBUG:busco.busco_tools.Toolset	cmd call: hmmsearch --domtblout /work/pi_hputnam_uri_edu/Ptua_genome/Ptua_genome_busco/run_metazoa_odb10/hmmer_output/616613at33208.out --cpu 1 /work/pi_hputnam_uri_edu/lineages/lineages/metazoa_odb10/hmms/616613at33208.hmm /work/pi_hputnam_uri_edu/Ptua_genome/Ptua_genome_busco/run_metazoa_odb10/miniprot_output/translated_proteins/616613at33208.faa
2026-08-20 23:07:28 DEBUG:busco.busco_tools.Toolset	cmd call: hmmsearch --domtblout /work/pi_hputnam_uri_edu/Ptua_genome/Ptua_genome_busco/run_metazoa_odb10/hmmer_output/616716at33208.out --cpu 1 /work/pi_hputnam_uri_edu/lineages/lineages/metazoa_odb10/hmms/616716at33208.hmm /work/pi_hputnam_uri_edu/Ptua_genome/Ptua_genome_busco/run_metazoa_odb10/miniprot_output/translated_proteins/616716at33208.faa
2026-08-20 23:07:28 DEBUG:busco.busco_tools.Toolset	cmd call: hmmsearch --domtblout /work/pi_hputnam_uri_edu/Ptua_genome/Ptua_genome_busco/run_metazoa_odb10/hmmer_output/618986at33208.out --cpu 1 /work/pi_hputnam_uri_edu/lineages/lineages/metazoa_odb10/hmms/618986at33208.hmm /work/pi_hputnam_uri_edu/Ptua_genome/Ptua_genome_busco/run_metazoa_odb10/miniprot_output/translated_proteins/618986at33208.faa
2026-08-20 23:07:28 DEBUG:busco.busco_tools.Toolset	cmd call: hmmsearch --domtblout /work/pi_hputnam_uri_edu/Ptua_genome/Ptua_genome_busco/run_metazoa_odb10/hmmer_output/617020at33208.out --cpu 1 /work/pi_hputnam_uri_edu/lineages/lineages/metazoa_odb10/hmms/617020at33208.hmm /work/pi_hputnam_uri_edu/Ptua_genome/Ptua_genome_busco/run_metazoa_odb10/miniprot_output/translated_proteins/617020at33208.faa
2026-08-20 23:07:29 DEBUG:busco.busco_tools.Toolset	cmd call: hmmsearch --domtblout /work/pi_hputnam_uri_edu/Ptua_genome/Ptua_genome_busco/run_metazoa_odb10/hmmer_output/619250at33208.out --cpu 1 /work/pi_hputnam_uri_edu/lineages/lineages/metazoa_odb10/hmms/619250at33208.hmm /work/pi_hputnam_uri_edu/Ptua_genome/Ptua_genome_busco/run_metazoa_odb10/miniprot_output/translated_proteins/619250at33208.faa
2026-08-20 23:07:29 DEBUG:busco.busco_tools.Toolset	cmd call: hmmsearch --domtblout /work/pi_hputnam_uri_edu/Ptua_genome/Ptua_genome_busco/run_metazoa_odb10/hmmer_output/619326at33208.out --cpu 1 /work/pi_hputnam_uri_edu/lineages/lineages/metazoa_odb10/hmms/619326at33208.hmm /work/pi_hputnam_uri_edu/Ptua_genome/Ptua_genome_busco/run_metazoa_odb10/miniprot_output/translated_proteins/619326at33208.faa
2026-08-20 23:07:29 DEBUG:busco.busco_tools.Toolset	cmd call: hmmsearch --domtblout /work/pi_hputnam_uri_edu/Ptua_genome/Ptua_genome_busco/run_metazoa_odb10/hmmer_output/617441at33208.out --cpu 1 /work/pi_hputnam_uri_edu/lineages/lineages/metazoa_odb10/hmms/617441at33208.hmm /work/pi_hputnam_uri_edu/Ptua_genome/Ptua_genome_busco/run_metazoa_odb10/miniprot_output/translated_proteins/617441at33208.faa
2026-08-20 23:07:29 DEBUG:busco.busco_tools.Toolset	cmd call: hmmsearch --domtblout /work/pi_hputnam_uri_edu/Ptua_genome/Ptua_genome_busco/run_metazoa_odb10/hmmer_output/619415at33208.out --cpu 1 /work/pi_hputnam_uri_edu/lineages/lineages/metazoa_odb10/hmms/619415at33208.hmm /work/pi_hputnam_uri_edu/Ptua_genome/Ptua_genome_busco/run_metazoa_odb10/miniprot_output/translated_proteins/619415at33208.faa
2026-08-20 23:07:29 DEBUG:busco.busco_tools.Toolset	cmd call: hmmsearch --domtblout /work/pi_hputnam_uri_edu/Ptua_genome/Ptua_genome_busco/run_metazoa_odb10/hmmer_output/617522at33208.out --cpu 1 /work/pi_hputnam_uri_edu/lineages/lineages/metazoa_odb10/hmms/617522at33208.hmm /work/pi_hputnam_uri_edu/Ptua_genome/Ptua_genome_busco/run_metazoa_odb10/miniprot_output/translated_proteins/617522at33208.faa
2026-08-20 23:07:29 DEBUG:busco.busco_tools.Toolset	cmd call: hmmsearch --domtblout /work/pi_hputnam_uri_edu/Ptua_genome/Ptua_genome_busco/run_metazoa_odb10/hmmer_output/620546at33208.out --cpu 1 /work/pi_hputnam_uri_edu/lineages/lineages/metazoa_odb10/hmms/620546at33208.hmm /work/pi_hputnam_uri_edu/Ptua_genome/Ptua_genome_busco/run_metazoa_odb10/miniprot_output/translated_proteins/620546at33208.faa
2026-08-20 23:07:29 DEBUG:busco.busco_tools.Toolset	cmd call: hmmsearch --domtblout /work/pi_hputnam_uri_edu/Ptua_genome/Ptua_genome_busco/run_metazoa_odb10/hmmer_output/617667at33208.out --cpu 1 /work/pi_hputnam_uri_edu/lineages/lineages/metazoa_odb10/hmms/617667at33208.hmm /work/pi_hputnam_uri_edu/Ptua_genome/Ptua_genome_busco/run_metazoa_odb10/miniprot_output/translated_proteins/617667at33208.faa
2026-08-20 23:07:29 DEBUG:busco.busco_tools.Toolset	cmd call: hmmsearch --domtblout /work/pi_hputnam_uri_edu/Ptua_genome/Ptua_genome_busco/run_metazoa_odb10/hmmer_output/620753at33208.out --cpu 1 /work/pi_hputnam_uri_edu/lineages/lineages/metazoa_odb10/hmms/620753at33208.hmm /work/pi_hputnam_uri_edu/Ptua_genome/Ptua_genome_busco/run_metazoa_odb10/miniprot_output/translated_proteins/620753at33208.faa
2026-08-20 23:07:29 DEBUG:busco.busco_tools.Toolset	cmd call: hmmsearch --domtblout /work/pi_hputnam_uri_edu/Ptua_genome/Ptua_genome_busco/run_metazoa_odb10/hmmer_output/618339at33208.out --cpu 1 /work/pi_hputnam_uri_edu/lineages/lineages/metazoa_odb10/hmms/618339at33208.hmm /work/pi_hputnam_uri_edu/Ptua_genome/Ptua_genome_busco/run_metazoa_odb10/miniprot_output/translated_proteins/618339at33208.faa
2026-08-20 23:07:29 DEBUG:busco.busco_tools.Toolset	cmd call: hmmsearch --domtblout /work/pi_hputnam_uri_edu/Ptua_genome/Ptua_genome_busco/run_metazoa_odb10/hmmer_output/621585at33208.out --cpu 1 /work/pi_hputnam_uri_edu/lineages/lineages/metazoa_odb10/hmms/621585at33208.hmm /work/pi_hputnam_uri_edu/Ptua_genome/Ptua_genome_busco/run_metazoa_odb10/miniprot_output/translated_proteins/621585at33208.faa
2026-08-20 23:07:29 DEBUG:busco.busco_tools.Toolset	cmd call: hmmsearch --domtblout /work/pi_hputnam_uri_edu/Ptua_genome/Ptua_genome_busco/run_metazoa_odb10/hmmer_output/621808at33208.out --cpu 1 /work/pi_hputnam_uri_edu/lineages/lineages/metazoa_odb10/hmms/621808at33208.hmm /work/pi_hputnam_uri_edu/Ptua_genome/Ptua_genome_busco/run_metazoa_odb10/miniprot_output/translated_proteins/621808at33208.faa
2026-08-20 23:07:30 DEBUG:busco.busco_tools.Toolset	cmd call: hmmsearch --domtblout /work/pi_hputnam_uri_edu/Ptua_genome/Ptua_genome_busco/run_metazoa_odb10/hmmer_output/623324at33208.out --cpu 1 /work/pi_hputnam_uri_edu/lineages/lineages/metazoa_odb10/hmms/623324at33208.hmm /work/pi_hputnam_uri_edu/Ptua_genome/Ptua_genome_busco/run_metazoa_odb10/miniprot_output/translated_proteins/623324at33208.faa
2026-08-20 23:07:30 DEBUG:busco.busco_tools.Toolset	cmd call: hmmsearch --domtblout /work/pi_hputnam_uri_edu/Ptua_genome/Ptua_genome_busco/run_metazoa_odb10/hmmer_output/622156at33208.out --cpu 1 /work/pi_hputnam_uri_edu/lineages/lineages/metazoa_odb10/hmms/622156at33208.hmm /work/pi_hputnam_uri_edu/Ptua_genome/Ptua_genome_busco/run_metazoa_odb10/miniprot_output/translated_proteins/622156at33208.faa
2026-08-20 23:07:30 DEBUG:busco.busco_tools.Toolset	cmd call: hmmsearch --domtblout /work/pi_hputnam_uri_edu/Ptua_genome/Ptua_genome_busco/run_metazoa_odb10/hmmer_output/623444at33208.out --cpu 1 /work/pi_hputnam_uri_edu/lineages/lineages/metazoa_odb10/hmms/623444at33208.hmm /work/pi_hputnam_uri_edu/Ptua_genome/Ptua_genome_busco/run_metazoa_odb10/miniprot_output/translated_proteins/623444at33208.faa
2026-08-20 23:07:30 DEBUG:busco.busco_tools.Toolset	cmd call: hmmsearch --domtblout /work/pi_hputnam_uri_edu/Ptua_genome/Ptua_genome_busco/run_metazoa_odb10/hmmer_output/622172at33208.out --cpu 1 /work/pi_hputnam_uri_edu/lineages/lineages/metazoa_odb10/hmms/622172at33208.hmm /work/pi_hputnam_uri_edu/Ptua_genome/Ptua_genome_busco/run_metazoa_odb10/miniprot_output/translated_proteins/622172at33208.faa
2026-08-20 23:07:30 DEBUG:busco.busco_tools.Toolset	cmd call: hmmsearch --domtblout /work/pi_hputnam_uri_edu/Ptua_genome/Ptua_genome_busco/run_metazoa_odb10/hmmer_output/623995at33208.out --cpu 1 /work/pi_hputnam_uri_edu/lineages/lineages/metazoa_odb10/hmms/623995at33208.hmm /work/pi_hputnam_uri_edu/Ptua_genome/Ptua_genome_busco/run_metazoa_odb10/miniprot_output/translated_proteins/623995at33208.faa
2026-08-20 23:07:30 DEBUG:busco.busco_tools.Toolset	cmd call: hmmsearch --domtblout /work/pi_hputnam_uri_edu/Ptua_genome/Ptua_genome_busco/run_metazoa_odb10/hmmer_output/622270at33208.out --cpu 1 /work/pi_hputnam_uri_edu/lineages/lineages/metazoa_odb10/hmms/622270at33208.hmm /work/pi_hputnam_uri_edu/Ptua_genome/Ptua_genome_busco/run_metazoa_odb10/miniprot_output/translated_proteins/622270at33208.faa
2026-08-20 23:07:30 DEBUG:busco.busco_tools.Toolset	cmd call: hmmsearch --domtblout /work/pi_hputnam_uri_edu/Ptua_genome/Ptua_genome_busco/run_metazoa_odb10/hmmer_output/625077at33208.out --cpu 1 /work/pi_hputnam_uri_edu/lineages/lineages/metazoa_odb10/hmms/625077at33208.hmm /work/pi_hputnam_uri_edu/Ptua_genome/Ptua_genome_busco/run_metazoa_odb10/miniprot_output/translated_proteins/625077at33208.faa
2026-08-20 23:07:30 DEBUG:busco.busco_tools.Toolset	cmd call: hmmsearch --domtblout /work/pi_hputnam_uri_edu/Ptua_genome/Ptua_genome_busco/run_metazoa_odb10/hmmer_output/622461at33208.out --cpu 1 /work/pi_hputnam_uri_edu/lineages/lineages/metazoa_odb10/hmms/622461at33208.hmm /work/pi_hputnam_uri_edu/Ptua_genome/Ptua_genome_busco/run_metazoa_odb10/miniprot_output/translated_proteins/622461at33208.faa
2026-08-20 23:07:30 DEBUG:busco.busco_tools.Toolset	cmd call: hmmsearch --domtblout /work/pi_hputnam_uri_edu/Ptua_genome/Ptua_genome_busco/run_metazoa_odb10/hmmer_output/625091at33208.out --cpu 1 /work/pi_hputnam_uri_edu/lineages/lineages/metazoa_odb10/hmms/625091at33208.hmm /work/pi_hputnam_uri_edu/Ptua_genome/Ptua_genome_busco/run_metazoa_odb10/miniprot_output/translated_proteins/625091at33208.faa
2026-08-20 23:07:30 DEBUG:busco.busco_tools.Toolset	cmd call: hmmsearch --domtblout /work/pi_hputnam_uri_edu/Ptua_genome/Ptua_genome_busco/run_metazoa_odb10/hmmer_output/622560at33208.out --cpu 1 /work/pi_hputnam_uri_edu/lineages/lineages/metazoa_odb10/hmms/622560at33208.hmm /work/pi_hputnam_uri_edu/Ptua_genome/Ptua_genome_busco/run_metazoa_odb10/miniprot_output/translated_proteins/622560at33208.faa
2026-08-20 23:07:30 DEBUG:busco.busco_tools.Toolset	cmd call: hmmsearch --domtblout /work/pi_hputnam_uri_edu/Ptua_genome/Ptua_genome_busco/run_metazoa_odb10/hmmer_output/625769at33208.out --cpu 1 /work/pi_hputnam_uri_edu/lineages/lineages/metazoa_odb10/hmms/625769at33208.hmm /work/pi_hputnam_uri_edu/Ptua_genome/Ptua_genome_busco/run_metazoa_odb10/miniprot_output/translated_proteins/625769at33208.faa
2026-08-20 23:07:30 DEBUG:busco.busco_tools.Toolset	cmd call: hmmsearch --domtblout /work/pi_hputnam_uri_edu/Ptua_genome/Ptua_genome_busco/run_metazoa_odb10/hmmer_output/623138at33208.out --cpu 1 /work/pi_hputnam_uri_edu/lineages/lineages/metazoa_odb10/hmms/623138at33208.hmm /work/pi_hputnam_uri_edu/Ptua_genome/Ptua_genome_busco/run_metazoa_odb10/miniprot_output/translated_proteins/623138at33208.faa
2026-08-20 23:07:31 DEBUG:busco.busco_tools.Toolset	cmd call: hmmsearch --domtblout /work/pi_hputnam_uri_edu/Ptua_genome/Ptua_genome_busco/run_metazoa_odb10/hmmer_output/628082at33208.out --cpu 1 /work/pi_hputnam_uri_edu/lineages/lineages/metazoa_odb10/hmms/628082at33208.hmm /work/pi_hputnam_uri_edu/Ptua_genome/Ptua_genome_busco/run_metazoa_odb10/miniprot_output/translated_proteins/628082at33208.faa
2026-08-20 23:07:31 DEBUG:busco.busco_tools.Toolset	cmd call: hmmsearch --domtblout /work/pi_hputnam_uri_edu/Ptua_genome/Ptua_genome_busco/run_metazoa_odb10/hmmer_output/595316at33208.out --cpu 1 /work/pi_hputnam_uri_edu/lineages/lineages/metazoa_odb10/hmms/595316at33208.hmm /work/pi_hputnam_uri_edu/Ptua_genome/Ptua_genome_busco/run_metazoa_odb10/miniprot_output/translated_proteins/595316at33208.faa
2026-08-20 23:07:31 DEBUG:busco.busco_tools.Toolset	cmd call: hmmsearch --domtblout /work/pi_hputnam_uri_edu/Ptua_genome/Ptua_genome_busco/run_metazoa_odb10/hmmer_output/628231at33208.out --cpu 1 /work/pi_hputnam_uri_edu/lineages/lineages/metazoa_odb10/hmms/628231at33208.hmm /work/pi_hputnam_uri_edu/Ptua_genome/Ptua_genome_busco/run_metazoa_odb10/miniprot_output/translated_proteins/628231at33208.faa
2026-08-20 23:07:31 DEBUG:busco.busco_tools.Toolset	cmd call: hmmsearch --domtblout /work/pi_hputnam_uri_edu/Ptua_genome/Ptua_genome_busco/run_metazoa_odb10/hmmer_output/628247at33208.out --cpu 1 /work/pi_hputnam_uri_edu/lineages/lineages/metazoa_odb10/hmms/628247at33208.hmm /work/pi_hputnam_uri_edu/Ptua_genome/Ptua_genome_busco/run_metazoa_odb10/miniprot_output/translated_proteins/628247at33208.faa
2026-08-20 23:07:31 DEBUG:busco.busco_tools.Toolset	cmd call: hmmsearch --domtblout /work/pi_hputnam_uri_edu/Ptua_genome/Ptua_genome_busco/run_metazoa_odb10/hmmer_output/595404at33208.out --cpu 1 /work/pi_hputnam_uri_edu/lineages/lineages/metazoa_odb10/hmms/595404at33208.hmm /work/pi_hputnam_uri_edu/Ptua_genome/Ptua_genome_busco/run_metazoa_odb10/miniprot_output/translated_proteins/595404at33208.faa
2026-08-20 23:07:31 DEBUG:busco.busco_tools.Toolset	cmd call: hmmsearch --domtblout /work/pi_hputnam_uri_edu/Ptua_genome/Ptua_genome_busco/run_metazoa_odb10/hmmer_output/629763at33208.out --cpu 1 /work/pi_hputnam_uri_edu/lineages/lineages/metazoa_odb10/hmms/629763at33208.hmm /work/pi_hputnam_uri_edu/Ptua_genome/Ptua_genome_busco/run_metazoa_odb10/miniprot_output/translated_proteins/629763at33208.faa
2026-08-20 23:07:31 DEBUG:busco.busco_tools.Toolset	cmd call: hmmsearch --domtblout /work/pi_hputnam_uri_edu/Ptua_genome/Ptua_genome_busco/run_metazoa_odb10/hmmer_output/631798at33208.out --cpu 1 /work/pi_hputnam_uri_edu/lineages/lineages/metazoa_odb10/hmms/631798at33208.hmm /work/pi_hputnam_uri_edu/Ptua_genome/Ptua_genome_busco/run_metazoa_odb10/miniprot_output/translated_proteins/631798at33208.faa
2026-08-20 23:07:31 DEBUG:busco.busco_tools.Toolset	cmd call: hmmsearch --domtblout /work/pi_hputnam_uri_edu/Ptua_genome/Ptua_genome_busco/run_metazoa_odb10/hmmer_output/630073at33208.out --cpu 1 /work/pi_hputnam_uri_edu/lineages/lineages/metazoa_odb10/hmms/630073at33208.hmm /work/pi_hputnam_uri_edu/Ptua_genome/Ptua_genome_busco/run_metazoa_odb10/miniprot_output/translated_proteins/630073at33208.faa
2026-08-20 23:07:31 DEBUG:busco.busco_tools.Toolset	cmd call: hmmsearch --domtblout /work/pi_hputnam_uri_edu/Ptua_genome/Ptua_genome_busco/run_metazoa_odb10/hmmer_output/631811at33208.out --cpu 1 /work/pi_hputnam_uri_edu/lineages/lineages/metazoa_odb10/hmms/631811at33208.hmm /work/pi_hputnam_uri_edu/Ptua_genome/Ptua_genome_busco/run_metazoa_odb10/miniprot_output/translated_proteins/631811at33208.faa
2026-08-20 23:07:31 DEBUG:busco.busco_tools.Toolset	cmd call: hmmsearch --domtblout /work/pi_hputnam_uri_edu/Ptua_genome/Ptua_genome_busco/run_metazoa_odb10/hmmer_output/631107at33208.out --cpu 1 /work/pi_hputnam_uri_edu/lineages/lineages/metazoa_odb10/hmms/631107at33208.hmm /work/pi_hputnam_uri_edu/Ptua_genome/Ptua_genome_busco/run_metazoa_odb10/miniprot_output/translated_proteins/631107at33208.faa
2026-08-20 23:07:31 DEBUG:busco.busco_tools.Toolset	cmd call: hmmsearch --domtblout /work/pi_hputnam_uri_edu/Ptua_genome/Ptua_genome_busco/run_metazoa_odb10/hmmer_output/632234at33208.out --cpu 1 /work/pi_hputnam_uri_edu/lineages/lineages/metazoa_odb10/hmms/632234at33208.hmm /work/pi_hputnam_uri_edu/Ptua_genome/Ptua_genome_busco/run_metazoa_odb10/miniprot_output/translated_proteins/632234at33208.faa
2026-08-20 23:07:31 DEBUG:busco.busco_tools.Toolset	cmd call: hmmsearch --domtblout /work/pi_hputnam_uri_edu/Ptua_genome/Ptua_genome_busco/run_metazoa_odb10/hmmer_output/631173at33208.out --cpu 1 /work/pi_hputnam_uri_edu/lineages/lineages/metazoa_odb10/hmms/631173at33208.hmm /work/pi_hputnam_uri_edu/Ptua_genome/Ptua_genome_busco/run_metazoa_odb10/miniprot_output/translated_proteins/631173at33208.faa
2026-08-20 23:07:31 DEBUG:busco.busco_tools.Toolset	cmd call: hmmsearch --domtblout /work/pi_hputnam_uri_edu/Ptua_genome/Ptua_genome_busco/run_metazoa_odb10/hmmer_output/632472at33208.out --cpu 1 /work/pi_hputnam_uri_edu/lineages/lineages/metazoa_odb10/hmms/632472at33208.hmm /work/pi_hputnam_uri_edu/Ptua_genome/Ptua_genome_busco/run_metazoa_odb10/miniprot_output/translated_proteins/632472at33208.faa
2026-08-20 23:07:31 DEBUG:busco.busco_tools.Toolset	cmd call: hmmsearch --domtblout /work/pi_hputnam_uri_edu/Ptua_genome/Ptua_genome_busco/run_metazoa_odb10/hmmer_output/631196at33208.out --cpu 1 /work/pi_hputnam_uri_edu/lineages/lineages/metazoa_odb10/hmms/631196at33208.hmm /work/pi_hputnam_uri_edu/Ptua_genome/Ptua_genome_busco/run_metazoa_odb10/miniprot_output/translated_proteins/631196at33208.faa
2026-08-20 23:07:31 DEBUG:busco.busco_tools.Toolset	cmd call: hmmsearch --domtblout /work/pi_hputnam_uri_edu/Ptua_genome/Ptua_genome_busco/run_metazoa_odb10/hmmer_output/632566at33208.out --cpu 1 /work/pi_hputnam_uri_edu/lineages/lineages/metazoa_odb10/hmms/632566at33208.hmm /work/pi_hputnam_uri_edu/Ptua_genome/Ptua_genome_busco/run_metazoa_odb10/miniprot_output/translated_proteins/632566at33208.faa
2026-08-20 23:07:32 DEBUG:busco.busco_tools.Toolset	cmd call: hmmsearch --domtblout /work/pi_hputnam_uri_edu/Ptua_genome/Ptua_genome_busco/run_metazoa_odb10/hmmer_output/631662at33208.out --cpu 1 /work/pi_hputnam_uri_edu/lineages/lineages/metazoa_odb10/hmms/631662at33208.hmm /work/pi_hputnam_uri_edu/Ptua_genome/Ptua_genome_busco/run_metazoa_odb10/miniprot_output/translated_proteins/631662at33208.faa
2026-08-20 23:07:32 DEBUG:busco.busco_tools.Toolset	cmd call: hmmsearch --domtblout /work/pi_hputnam_uri_edu/Ptua_genome/Ptua_genome_busco/run_metazoa_odb10/hmmer_output/633007at33208.out --cpu 1 /work/pi_hputnam_uri_edu/lineages/lineages/metazoa_odb10/hmms/633007at33208.hmm /work/pi_hputnam_uri_edu/Ptua_genome/Ptua_genome_busco/run_metazoa_odb10/miniprot_output/translated_proteins/633007at33208.faa
2026-08-20 23:07:32 DEBUG:busco.busco_tools.Toolset	cmd call: hmmsearch --domtblout /work/pi_hputnam_uri_edu/Ptua_genome/Ptua_genome_busco/run_metazoa_odb10/hmmer_output/631767at33208.out --cpu 1 /work/pi_hputnam_uri_edu/lineages/lineages/metazoa_odb10/hmms/631767at33208.hmm /work/pi_hputnam_uri_edu/Ptua_genome/Ptua_genome_busco/run_metazoa_odb10/miniprot_output/translated_proteins/631767at33208.faa
2026-08-20 23:07:32 DEBUG:busco.busco_tools.Toolset	cmd call: hmmsearch --domtblout /work/pi_hputnam_uri_edu/Ptua_genome/Ptua_genome_busco/run_metazoa_odb10/hmmer_output/633282at33208.out --cpu 1 /work/pi_hputnam_uri_edu/lineages/lineages/metazoa_odb10/hmms/633282at33208.hmm /work/pi_hputnam_uri_edu/Ptua_genome/Ptua_genome_busco/run_metazoa_odb10/miniprot_output/translated_proteins/633282at33208.faa
2026-08-20 23:07:32 DEBUG:busco.busco_tools.Toolset	cmd call: hmmsearch --domtblout /work/pi_hputnam_uri_edu/Ptua_genome/Ptua_genome_busco/run_metazoa_odb10/hmmer_output/633619at33208.out --cpu 1 /work/pi_hputnam_uri_edu/lineages/lineages/metazoa_odb10/hmms/633619at33208.hmm /work/pi_hputnam_uri_edu/Ptua_genome/Ptua_genome_busco/run_metazoa_odb10/miniprot_output/translated_proteins/633619at33208.faa
2026-08-20 23:07:32 DEBUG:busco.busco_tools.Toolset	cmd call: hmmsearch --domtblout /work/pi_hputnam_uri_edu/Ptua_genome/Ptua_genome_busco/run_metazoa_odb10/hmmer_output/634446at33208.out --cpu 1 /work/pi_hputnam_uri_edu/lineages/lineages/metazoa_odb10/hmms/634446at33208.hmm /work/pi_hputnam_uri_edu/Ptua_genome/Ptua_genome_busco/run_metazoa_odb10/miniprot_output/translated_proteins/634446at33208.faa
2026-08-20 23:07:32 DEBUG:busco.busco_tools.Toolset	cmd call: hmmsearch --domtblout /work/pi_hputnam_uri_edu/Ptua_genome/Ptua_genome_busco/run_metazoa_odb10/hmmer_output/634447at33208.out --cpu 1 /work/pi_hputnam_uri_edu/lineages/lineages/metazoa_odb10/hmms/634447at33208.hmm /work/pi_hputnam_uri_edu/Ptua_genome/Ptua_genome_busco/run_metazoa_odb10/miniprot_output/translated_proteins/634447at33208.faa
2026-08-20 23:07:32 DEBUG:busco.busco_tools.Toolset	cmd call: hmmsearch --domtblout /work/pi_hputnam_uri_edu/Ptua_genome/Ptua_genome_busco/run_metazoa_odb10/hmmer_output/636041at33208.out --cpu 1 /work/pi_hputnam_uri_edu/lineages/lineages/metazoa_odb10/hmms/636041at33208.hmm /work/pi_hputnam_uri_edu/Ptua_genome/Ptua_genome_busco/run_metazoa_odb10/miniprot_output/translated_proteins/636041at33208.faa
2026-08-20 23:07:32 DEBUG:busco.busco_tools.Toolset	cmd call: hmmsearch --domtblout /work/pi_hputnam_uri_edu/Ptua_genome/Ptua_genome_busco/run_metazoa_odb10/hmmer_output/636070at33208.out --cpu 1 /work/pi_hputnam_uri_edu/lineages/lineages/metazoa_odb10/hmms/636070at33208.hmm /work/pi_hputnam_uri_edu/Ptua_genome/Ptua_genome_busco/run_metazoa_odb10/miniprot_output/translated_proteins/636070at33208.faa
2026-08-20 23:07:32 DEBUG:busco.busco_tools.Toolset	cmd call: hmmsearch --domtblout /work/pi_hputnam_uri_edu/Ptua_genome/Ptua_genome_busco/run_metazoa_odb10/hmmer_output/636300at33208.out --cpu 1 /work/pi_hputnam_uri_edu/lineages/lineages/metazoa_odb10/hmms/636300at33208.hmm /work/pi_hputnam_uri_edu/Ptua_genome/Ptua_genome_busco/run_metazoa_odb10/miniprot_output/translated_proteins/636300at33208.faa
2026-08-20 23:07:32 DEBUG:busco.busco_tools.Toolset	cmd call: hmmsearch --domtblout /work/pi_hputnam_uri_edu/Ptua_genome/Ptua_genome_busco/run_metazoa_odb10/hmmer_output/636423at33208.out --cpu 1 /work/pi_hputnam_uri_edu/lineages/lineages/metazoa_odb10/hmms/636423at33208.hmm /work/pi_hputnam_uri_edu/Ptua_genome/Ptua_genome_busco/run_metazoa_odb10/miniprot_output/translated_proteins/636423at33208.faa
2026-08-20 23:07:32 DEBUG:busco.busco_tools.Toolset	cmd call: hmmsearch --domtblout /work/pi_hputnam_uri_edu/Ptua_genome/Ptua_genome_busco/run_metazoa_odb10/hmmer_output/63697at33208.out --cpu 1 /work/pi_hputnam_uri_edu/lineages/lineages/metazoa_odb10/hmms/63697at33208.hmm /work/pi_hputnam_uri_edu/Ptua_genome/Ptua_genome_busco/run_metazoa_odb10/miniprot_output/translated_proteins/63697at33208.faa
2026-08-20 23:07:33 DEBUG:busco.busco_tools.Toolset	cmd call: hmmsearch --domtblout /work/pi_hputnam_uri_edu/Ptua_genome/Ptua_genome_busco/run_metazoa_odb10/hmmer_output/638541at33208.out --cpu 1 /work/pi_hputnam_uri_edu/lineages/lineages/metazoa_odb10/hmms/638541at33208.hmm /work/pi_hputnam_uri_edu/Ptua_genome/Ptua_genome_busco/run_metazoa_odb10/miniprot_output/translated_proteins/638541at33208.faa
2026-08-20 23:07:33 DEBUG:busco.busco_tools.Toolset	cmd call: hmmsearch --domtblout /work/pi_hputnam_uri_edu/Ptua_genome/Ptua_genome_busco/run_metazoa_odb10/hmmer_output/639252at33208.out --cpu 1 /work/pi_hputnam_uri_edu/lineages/lineages/metazoa_odb10/hmms/639252at33208.hmm /work/pi_hputnam_uri_edu/Ptua_genome/Ptua_genome_busco/run_metazoa_odb10/miniprot_output/translated_proteins/639252at33208.faa
2026-08-20 23:07:33 DEBUG:busco.busco_tools.Toolset	cmd call: hmmsearch --domtblout /work/pi_hputnam_uri_edu/Ptua_genome/Ptua_genome_busco/run_metazoa_odb10/hmmer_output/640187at33208.out --cpu 1 /work/pi_hputnam_uri_edu/lineages/lineages/metazoa_odb10/hmms/640187at33208.hmm /work/pi_hputnam_uri_edu/Ptua_genome/Ptua_genome_busco/run_metazoa_odb10/miniprot_output/translated_proteins/640187at33208.faa
2026-08-20 23:07:33 DEBUG:busco.busco_tools.Toolset	cmd call: hmmsearch --domtblout /work/pi_hputnam_uri_edu/Ptua_genome/Ptua_genome_busco/run_metazoa_odb10/hmmer_output/640349at33208.out --cpu 1 /work/pi_hputnam_uri_edu/lineages/lineages/metazoa_odb10/hmms/640349at33208.hmm /work/pi_hputnam_uri_edu/Ptua_genome/Ptua_genome_busco/run_metazoa_odb10/miniprot_output/translated_proteins/640349at33208.faa
2026-08-20 23:07:33 DEBUG:busco.busco_tools.Toolset	cmd call: hmmsearch --domtblout /work/pi_hputnam_uri_edu/Ptua_genome/Ptua_genome_busco/run_metazoa_odb10/hmmer_output/641073at33208.out --cpu 1 /work/pi_hputnam_uri_edu/lineages/lineages/metazoa_odb10/hmms/641073at33208.hmm /work/pi_hputnam_uri_edu/Ptua_genome/Ptua_genome_busco/run_metazoa_odb10/miniprot_output/translated_proteins/641073at33208.faa
2026-08-20 23:07:33 DEBUG:busco.busco_tools.Toolset	cmd call: hmmsearch --domtblout /work/pi_hputnam_uri_edu/Ptua_genome/Ptua_genome_busco/run_metazoa_odb10/hmmer_output/641257at33208.out --cpu 1 /work/pi_hputnam_uri_edu/lineages/lineages/metazoa_odb10/hmms/641257at33208.hmm /work/pi_hputnam_uri_edu/Ptua_genome/Ptua_genome_busco/run_metazoa_odb10/miniprot_output/translated_proteins/641257at33208.faa
2026-08-20 23:07:33 DEBUG:busco.busco_tools.Toolset	cmd call: hmmsearch --domtblout /work/pi_hputnam_uri_edu/Ptua_genome/Ptua_genome_busco/run_metazoa_odb10/hmmer_output/642323at33208.out --cpu 1 /work/pi_hputnam_uri_edu/lineages/lineages/metazoa_odb10/hmms/642323at33208.hmm /work/pi_hputnam_uri_edu/Ptua_genome/Ptua_genome_busco/run_metazoa_odb10/miniprot_output/translated_proteins/642323at33208.faa
2026-08-20 23:07:34 DEBUG:busco.busco_tools.Toolset	cmd call: hmmsearch --domtblout /work/pi_hputnam_uri_edu/Ptua_genome/Ptua_genome_busco/run_metazoa_odb10/hmmer_output/642552at33208.out --cpu 1 /work/pi_hputnam_uri_edu/lineages/lineages/metazoa_odb10/hmms/642552at33208.hmm /work/pi_hputnam_uri_edu/Ptua_genome/Ptua_genome_busco/run_metazoa_odb10/miniprot_output/translated_proteins/642552at33208.faa
2026-08-20 23:07:34 DEBUG:busco.busco_tools.Toolset	cmd call: hmmsearch --domtblout /work/pi_hputnam_uri_edu/Ptua_genome/Ptua_genome_busco/run_metazoa_odb10/hmmer_output/642773at33208.out --cpu 1 /work/pi_hputnam_uri_edu/lineages/lineages/metazoa_odb10/hmms/642773at33208.hmm /work/pi_hputnam_uri_edu/Ptua_genome/Ptua_genome_busco/run_metazoa_odb10/miniprot_output/translated_proteins/642773at33208.faa
2026-08-20 23:07:34 DEBUG:busco.busco_tools.Toolset	cmd call: hmmsearch --domtblout /work/pi_hputnam_uri_edu/Ptua_genome/Ptua_genome_busco/run_metazoa_odb10/hmmer_output/643380at33208.out --cpu 1 /work/pi_hputnam_uri_edu/lineages/lineages/metazoa_odb10/hmms/643380at33208.hmm /work/pi_hputnam_uri_edu/Ptua_genome/Ptua_genome_busco/run_metazoa_odb10/miniprot_output/translated_proteins/643380at33208.faa
2026-08-20 23:07:34 DEBUG:busco.busco_tools.Toolset	cmd call: hmmsearch --domtblout /work/pi_hputnam_uri_edu/Ptua_genome/Ptua_genome_busco/run_metazoa_odb10/hmmer_output/65302at33208.out --cpu 1 /work/pi_hputnam_uri_edu/lineages/lineages/metazoa_odb10/hmms/65302at33208.hmm /work/pi_hputnam_uri_edu/Ptua_genome/Ptua_genome_busco/run_metazoa_odb10/miniprot_output/translated_proteins/65302at33208.faa
2026-08-20 23:07:34 DEBUG:busco.busco_tools.Toolset	cmd call: hmmsearch --domtblout /work/pi_hputnam_uri_edu/Ptua_genome/Ptua_genome_busco/run_metazoa_odb10/hmmer_output/643883at33208.out --cpu 1 /work/pi_hputnam_uri_edu/lineages/lineages/metazoa_odb10/hmms/643883at33208.hmm /work/pi_hputnam_uri_edu/Ptua_genome/Ptua_genome_busco/run_metazoa_odb10/miniprot_output/translated_proteins/643883at33208.faa
2026-08-20 23:07:34 DEBUG:busco.busco_tools.Toolset	cmd call: hmmsearch --domtblout /work/pi_hputnam_uri_edu/Ptua_genome/Ptua_genome_busco/run_metazoa_odb10/hmmer_output/643954at33208.out --cpu 1 /work/pi_hputnam_uri_edu/lineages/lineages/metazoa_odb10/hmms/643954at33208.hmm /work/pi_hputnam_uri_edu/Ptua_genome/Ptua_genome_busco/run_metazoa_odb10/miniprot_output/translated_proteins/643954at33208.faa
2026-08-20 23:07:34 DEBUG:busco.busco_tools.Toolset	cmd call: hmmsearch --domtblout /work/pi_hputnam_uri_edu/Ptua_genome/Ptua_genome_busco/run_metazoa_odb10/hmmer_output/644034at33208.out --cpu 1 /work/pi_hputnam_uri_edu/lineages/lineages/metazoa_odb10/hmms/644034at33208.hmm /work/pi_hputnam_uri_edu/Ptua_genome/Ptua_genome_busco/run_metazoa_odb10/miniprot_output/translated_proteins/644034at33208.faa
2026-08-20 23:07:34 DEBUG:busco.busco_tools.Toolset	cmd call: hmmsearch --domtblout /work/pi_hputnam_uri_edu/Ptua_genome/Ptua_genome_busco/run_metazoa_odb10/hmmer_output/64435at33208.out --cpu 1 /work/pi_hputnam_uri_edu/lineages/lineages/metazoa_odb10/hmms/64435at33208.hmm /work/pi_hputnam_uri_edu/Ptua_genome/Ptua_genome_busco/run_metazoa_odb10/miniprot_output/translated_proteins/64435at33208.faa
2026-08-20 23:07:34 DEBUG:busco.busco_tools.Toolset	cmd call: hmmsearch --domtblout /work/pi_hputnam_uri_edu/Ptua_genome/Ptua_genome_busco/run_metazoa_odb10/hmmer_output/637971at33208.out --cpu 1 /work/pi_hputnam_uri_edu/lineages/lineages/metazoa_odb10/hmms/637971at33208.hmm /work/pi_hputnam_uri_edu/Ptua_genome/Ptua_genome_busco/run_metazoa_odb10/miniprot_output/translated_proteins/637971at33208.faa
2026-08-20 23:07:34 DEBUG:busco.busco_tools.Toolset	cmd call: hmmsearch --domtblout /work/pi_hputnam_uri_edu/Ptua_genome/Ptua_genome_busco/run_metazoa_odb10/hmmer_output/648300at33208.out --cpu 1 /work/pi_hputnam_uri_edu/lineages/lineages/metazoa_odb10/hmms/648300at33208.hmm /work/pi_hputnam_uri_edu/Ptua_genome/Ptua_genome_busco/run_metazoa_odb10/miniprot_output/translated_proteins/648300at33208.faa
2026-08-20 23:07:35 DEBUG:busco.busco_tools.Toolset	cmd call: hmmsearch --domtblout /work/pi_hputnam_uri_edu/Ptua_genome/Ptua_genome_busco/run_metazoa_odb10/hmmer_output/649979at33208.out --cpu 1 /work/pi_hputnam_uri_edu/lineages/lineages/metazoa_odb10/hmms/649979at33208.hmm /work/pi_hputnam_uri_edu/Ptua_genome/Ptua_genome_busco/run_metazoa_odb10/miniprot_output/translated_proteins/649979at33208.faa
2026-08-20 23:07:35 DEBUG:busco.busco_tools.Toolset	cmd call: hmmsearch --domtblout /work/pi_hputnam_uri_edu/Ptua_genome/Ptua_genome_busco/run_metazoa_odb10/hmmer_output/66018at33208.out --cpu 1 /work/pi_hputnam_uri_edu/lineages/lineages/metazoa_odb10/hmms/66018at33208.hmm /work/pi_hputnam_uri_edu/Ptua_genome/Ptua_genome_busco/run_metazoa_odb10/miniprot_output/translated_proteins/66018at33208.faa
2026-08-20 23:07:35 DEBUG:busco.busco_tools.Toolset	cmd call: hmmsearch --domtblout /work/pi_hputnam_uri_edu/Ptua_genome/Ptua_genome_busco/run_metazoa_odb10/hmmer_output/75406at33208.out --cpu 1 /work/pi_hputnam_uri_edu/lineages/lineages/metazoa_odb10/hmms/75406at33208.hmm /work/pi_hputnam_uri_edu/Ptua_genome/Ptua_genome_busco/run_metazoa_odb10/miniprot_output/translated_proteins/75406at33208.faa
2026-08-20 23:07:36 DEBUG:busco.busco_tools.Toolset	cmd call: hmmsearch --domtblout /work/pi_hputnam_uri_edu/Ptua_genome/Ptua_genome_busco/run_metazoa_odb10/hmmer_output/76852at33208.out --cpu 1 /work/pi_hputnam_uri_edu/lineages/lineages/metazoa_odb10/hmms/76852at33208.hmm /work/pi_hputnam_uri_edu/Ptua_genome/Ptua_genome_busco/run_metazoa_odb10/miniprot_output/translated_proteins/76852at33208.faa
2026-08-20 23:07:36 DEBUG:busco.busco_tools.Toolset	cmd call: hmmsearch --domtblout /work/pi_hputnam_uri_edu/Ptua_genome/Ptua_genome_busco/run_metazoa_odb10/hmmer_output/84980at33208.out --cpu 1 /work/pi_hputnam_uri_edu/lineages/lineages/metazoa_odb10/hmms/84980at33208.hmm /work/pi_hputnam_uri_edu/Ptua_genome/Ptua_genome_busco/run_metazoa_odb10/miniprot_output/translated_proteins/84980at33208.faa
2026-08-20 23:07:36 DEBUG:busco.busco_tools.Toolset	cmd call: hmmsearch --domtblout /work/pi_hputnam_uri_edu/Ptua_genome/Ptua_genome_busco/run_metazoa_odb10/hmmer_output/88053at33208.out --cpu 1 /work/pi_hputnam_uri_edu/lineages/lineages/metazoa_odb10/hmms/88053at33208.hmm /work/pi_hputnam_uri_edu/Ptua_genome/Ptua_genome_busco/run_metazoa_odb10/miniprot_output/translated_proteins/88053at33208.faa
2026-08-20 23:07:37 DEBUG:busco.busco_tools.Toolset	cmd call: hmmsearch --domtblout /work/pi_hputnam_uri_edu/Ptua_genome/Ptua_genome_busco/run_metazoa_odb10/hmmer_output/92367at33208.out --cpu 1 /work/pi_hputnam_uri_edu/lineages/lineages/metazoa_odb10/hmms/92367at33208.hmm /work/pi_hputnam_uri_edu/Ptua_genome/Ptua_genome_busco/run_metazoa_odb10/miniprot_output/translated_proteins/92367at33208.faa
2026-08-20 23:07:37 DEBUG:busco.busco_tools.Toolset	cmd call: hmmsearch --domtblout /work/pi_hputnam_uri_edu/Ptua_genome/Ptua_genome_busco/run_metazoa_odb10/hmmer_output/9639at33208.out --cpu 1 /work/pi_hputnam_uri_edu/lineages/lineages/metazoa_odb10/hmms/9639at33208.hmm /work/pi_hputnam_uri_edu/Ptua_genome/Ptua_genome_busco/run_metazoa_odb10/miniprot_output/translated_proteins/9639at33208.faa
2026-08-20 23:07:38 DEBUG:busco.busco_tools.Toolset	cmd call: hmmsearch --domtblout /work/pi_hputnam_uri_edu/Ptua_genome/Ptua_genome_busco/run_metazoa_odb10/hmmer_output/99614at33208.out --cpu 1 /work/pi_hputnam_uri_edu/lineages/lineages/metazoa_odb10/hmms/99614at33208.hmm /work/pi_hputnam_uri_edu/Ptua_genome/Ptua_genome_busco/run_metazoa_odb10/miniprot_output/translated_proteins/99614at33208.faa
2026-08-20 23:07:39 DEBUG:busco.busco_tools.Toolset	cmd call: hmmsearch --domtblout /work/pi_hputnam_uri_edu/Ptua_genome/Ptua_genome_busco/run_metazoa_odb10/hmmer_output/99987at33208.out --cpu 1 /work/pi_hputnam_uri_edu/lineages/lineages/metazoa_odb10/hmms/99987at33208.hmm /work/pi_hputnam_uri_edu/Ptua_genome/Ptua_genome_busco/run_metazoa_odb10/miniprot_output/translated_proteins/99987at33208.faa
2026-08-20 23:07:39 INFO:busco.busco_tools.Toolset	[hmmsearch]	954 of 954 task(s) completed
2026-08-20 23:07:42 INFO:busco.analysis.GenomeAnalysis	2 candidate overlapping regions found
2026-08-20 23:07:42 INFO:busco.analysis.GenomeAnalysis	10748 exons in total
2026-08-20 23:07:43 WARNING:busco.busco_tools.hmmer	40 of 920 Complete matches (4.3%) contain internal stop codons in Miniprot gene predictions
2026-08-20 23:07:43 DEBUG:busco.busco_tools.hmmer	***** Results: *****

 C:96.4%[S:91.3%,D:5.1%],F:0.8%,M:2.7%,n:954,E:4.3%	   
 920	Complete BUSCOs (C)	(of which 40 contain internal stop codons)		   
 871	Complete and single-copy BUSCOs (S)	   
 49	Complete and duplicated BUSCOs (D)	   
 8	Fragmented BUSCOs (F)			   
 26	Missing BUSCOs (M)			   
 954	Total BUSCO groups searched		   

2026-08-20 23:07:53 INFO:busco.BuscoRunner	

    -------------------------------------------------------------------------------------------
    |Results from dataset metazoa_odb10                                                        |
    -------------------------------------------------------------------------------------------
    |C:96.4%[S:91.3%,D:5.1%],F:0.8%,M:2.7%,n:954,E:4.3%                                        |
    |920    Complete BUSCOs (C)    (of which 40 contain internal stop codons)                  |
    |871    Complete and single-copy BUSCOs (S)                                                |
    |49    Complete and duplicated BUSCOs (D)                                                  |
    |8    Fragmented BUSCOs (F)                                                                |
    |26    Missing BUSCOs (M)                                                                  |
    |954    Total BUSCO groups searched                                                        |
    -------------------------------------------------------------------------------------------
2026-08-20 23:07:53 INFO:busco.BuscoRunner	BUSCO analysis done with WARNING(s). Total running time: 14859 seconds

***** Summary of warnings: *****
2026-08-20 23:07:53 INFO:busco.BuscoRunner	Results written in /work/pi_hputnam_uri_edu/Ptua_genome/Ptua_genome_busco
2026-08-20 23:07:53 INFO:busco.BuscoRunner	For assistance with interpreting the results, please consult the userguide: https://busco.ezlab.org/busco_userguide.html

2026-08-20 23:07:53 INFO:busco.BuscoRunner	Visit this page https://gitlab.com/ezlab/busco#how-to-cite-busco to see how to cite BUSCO
2026-08-20 23:07:54 DEBUG:urllib3.connectionpool	Starting new HTTPS connection (1): busco-data.ezlab.org:443
2026-08-20 23:07:54 DEBUG:urllib3.connectionpool	Starting new HTTPS connection (1): busco-data.ezlab.org:443
2026-08-20 23:07:54 DEBUG:urllib3.connectionpool	https://busco-data.ezlab.org:443 "PUT /upload/rundata202608202307540713582.txt HTTP/1.1" 201 0
2026-08-20 23:07:54 DEBUG:urllib3.connectionpool	https://busco-data.ezlab.org:443 "PUT /upload/rundata202608202307540713582.txt HTTP/1.1" 201 0
2026-08-20 23:07:54 DEBUG:busco.run_BUSCO	File uploaded successfully.
