Sequence                           		tRNA  	Bounds	tRNA	Anti	Intron Bounds	Inf	      
Name                               	tRNA #	Begin 	End   	Type	Codon	Begin	End	Score	Note
--------                           	------	----- 	------	----	-----	-----	----	------	------
Pocillopora_tuahiniensis_scaffold1 	1	215878	215806	Thr	GGT	0	0	57.1	
Pocillopora_tuahiniensis_scaffold1 	2	180085	180013	Thr	GGT	0	0	40.8	pseudo
Pocillopora_tuahiniensis_scaffold1 	3	44610 	44523 	Undet	NNN	0	0	25.0	pseudo
Pocillopora_tuahiniensis_scaffold1 	4	32141 	32069 	Thr	GGT	0	0	58.5	
Pocillopora_tuahiniensis_scaffold2 	1	538163	538234	Thr	GGT	0	0	44.0	pseudo
Pocillopora_tuahiniensis_scaffold2 	2	547262	547333	Thr	GGT	0	0	51.9	
Pocillopora_tuahiniensis_scaffold2 	3	844741	844813	Thr	GGT	0	0	47.3	pseudo
Pocillopora_tuahiniensis_scaffold2 	4	1147146	1147218	His	ATG	0	0	24.6	pseudo
Pocillopora_tuahiniensis_scaffold2 	5	1288485	1288564	Asn	GTT	0	0	27.5	pseudo
Pocillopora_tuahiniensis_scaffold2 	6	1660160	1660231	Thr	GGT	0	0	22.3	pseudo
Pocillopora_tuahiniensis_scaffold2 	7	1582462	1582386	Thr	GGT	0	0	29.5	pseudo
Pocillopora_tuahiniensis_scaffold2 	8	1432797	1432725	Thr	AGT	0	0	46.8	pseudo
Pocillopora_tuahiniensis_scaffold2 	9	1336318	1336242	Asn	GTT	0	0	38.6	pseudo
Pocillopora_tuahiniensis_scaffold2 	10	911092	911011	Thr	TGT	0	0	29.4	pseudo
Pocillopora_tuahiniensis_scaffold2 	11	688820	688742	Thr	TGT	0	0	49.0	pseudo
Pocillopora_tuahiniensis_scaffold2 	12	547197	547125	Thr	GGT	0	0	55.8	
Pocillopora_tuahiniensis_scaffold2 	13	538098	538026	Thr	GGT	0	0	47.9	pseudo
Pocillopora_tuahiniensis_scaffold2 	14	508607	508532	Thr	AGT	0	0	39.2	pseudo
Pocillopora_tuahiniensis_scaffold2 	15	508278	508206	Thr	AGT	0	0	57.5	
Pocillopora_tuahiniensis_scaffold2 	16	149334	149261	Thr	AGT	0	0	33.8	pseudo
Pocillopora_tuahiniensis_scaffold3 	1	700451	700527	Undet	NNN	0	0	31.7	pseudo
Pocillopora_tuahiniensis_scaffold3 	2	717288	717359	Arg	CCG	0	0	30.7	pseudo
Pocillopora_tuahiniensis_scaffold3 	3	919820	919888	Thr	GGT	0	0	27.0	pseudo
Pocillopora_tuahiniensis_scaffold3 	4	1089883	1089963	Ser	ACT	0	0	32.5	pseudo
Pocillopora_tuahiniensis_scaffold3 	5	1327945	1328018	Undet	NNN	0	0	28.6	
Pocillopora_tuahiniensis_scaffold3 	6	1339506	1339577	Thr	AGT	0	0	21.5	pseudo
Pocillopora_tuahiniensis_scaffold3 	7	1342003	1341931	Thr	GGT	0	0	72.2	
Pocillopora_tuahiniensis_scaffold3 	8	984300	984230	Thr	AGT	0	0	32.2	
Pocillopora_tuahiniensis_scaffold4 	1	142271	142343	Ile	GAT	0	0	44.5	pseudo
Pocillopora_tuahiniensis_scaffold4 	2	92576 	92498 	Thr	GGT	0	0	35.3	pseudo
Pocillopora_tuahiniensis_scaffold5 	1	919452	919525	Thr	GGT	0	0	71.6	
Pocillopora_tuahiniensis_scaffold5 	2	1075161	1075234	Ser	ACT	0	0	34.8	pseudo
Pocillopora_tuahiniensis_scaffold5 	3	1213478	1213550	Ser	GCT	0	0	29.5	
Pocillopora_tuahiniensis_scaffold5 	4	1246429	1246500	Gln	CTG	0	0	28.9	pseudo
Pocillopora_tuahiniensis_scaffold5 	5	1272977	1273047	Thr	GGT	0	0	30.8	pseudo
Pocillopora_tuahiniensis_scaffold5 	6	1275437	1275509	Ile	TAT	0	0	28.4	pseudo
Pocillopora_tuahiniensis_scaffold5 	7	1284453	1284525	Lys	TTT	0	0	41.9	pseudo
Pocillopora_tuahiniensis_scaffold5 	8	1292667	1292739	Ile	TAT	0	0	33.0	pseudo
Pocillopora_tuahiniensis_scaffold5 	9	1302612	1302687	Thr	GGT	0	0	25.4	pseudo
Pocillopora_tuahiniensis_scaffold5 	10	1329814	1329889	Undet	NNN	0	0	34.9	pseudo
Pocillopora_tuahiniensis_scaffold5 	11	1351091	1351163	Thr	GGT	0	0	40.7	pseudo
Pocillopora_tuahiniensis_scaffold5 	12	1402877	1402956	Thr	TGT	0	0	22.0	pseudo
Pocillopora_tuahiniensis_scaffold5 	13	1709725	1709654	Thr	GGT	0	0	27.5	pseudo
Pocillopora_tuahiniensis_scaffold5 	14	1413746	1413672	Thr	GGT	0	0	45.9	
Pocillopora_tuahiniensis_scaffold5 	15	1413487	1413415	Thr	GGT	0	0	62.1	
Pocillopora_tuahiniensis_scaffold5 	16	1052837	1052765	Thr	TGT	0	0	40.7	pseudo
Pocillopora_tuahiniensis_scaffold5 	17	387577	387505	Thr	GGT	0	0	58.4	
Pocillopora_tuahiniensis_scaffold6 	1	204579	204651	Thr	GGT	0	0	35.2	pseudo
Pocillopora_tuahiniensis_scaffold6 	2	204829	204901	Thr	GGT	0	0	37.0	pseudo
Pocillopora_tuahiniensis_scaffold6 	3	408993	409065	Thr	AGT	0	0	35.1	pseudo
Pocillopora_tuahiniensis_scaffold6 	4	632572	632644	Thr	GGT	0	0	34.3	pseudo
Pocillopora_tuahiniensis_scaffold6 	5	699406	699334	Thr	GGT	0	0	55.0	
Pocillopora_tuahiniensis_scaffold6 	6	408818	408746	Thr	GGT	0	0	47.4	pseudo
Pocillopora_tuahiniensis_scaffold8 	1	5600  	5527  	Ser	CGA	0	0	28.9	pseudo
Pocillopora_tuahiniensis_scaffold9 	1	297162	297235	Arg	TCT	0	0	57.1	
Pocillopora_tuahiniensis_scaffold9 	2	187568	187496	Thr	GGT	0	0	66.9	
Pocillopora_tuahiniensis_scaffold9 	3	183359	183287	Thr	GGT	0	0	69.5	
Pocillopora_tuahiniensis_scaffold10	1	20430 	20502 	Thr	GGT	0	0	59.0	
Pocillopora_tuahiniensis_scaffold11	1	85601 	85682 	Thr	GGT	0	0	21.0	pseudo
Pocillopora_tuahiniensis_scaffold11	2	146906	146832	Undet	NNN	0	0	20.5	pseudo
Pocillopora_tuahiniensis_scaffold12	1	240036	239964	Pro	CGG	0	0	56.2	
Pocillopora_tuahiniensis_scaffold12	2	154601	154529	Arg	GCG	0	0	46.7	
Pocillopora_tuahiniensis_scaffold12	3	82449 	82377 	Pro	CGG	0	0	51.6	
Pocillopora_tuahiniensis_scaffold12	4	16342 	16270 	Pro	CGG	0	0	56.6	
Pocillopora_tuahiniensis_scaffold13	1	93858 	93924 	Arg	GCG	0	0	29.2	
Pocillopora_tuahiniensis_scaffold13	2	438852	438924	Thr	AGT	0	0	27.9	pseudo
Pocillopora_tuahiniensis_scaffold13	3	446366	446438	Thr	GGT	0	0	64.1	
Pocillopora_tuahiniensis_scaffold13	4	515158	515230	Pro	CGG	0	0	40.3	
Pocillopora_tuahiniensis_scaffold13	5	515419	515491	Arg	GCG	0	0	40.5	
Pocillopora_tuahiniensis_scaffold13	6	86605 	86533 	Ser	GCT	0	0	49.1	pseudo
Pocillopora_tuahiniensis_scaffold14	1	511011	511082	Undet	NNN	0	0	28.4	
Pocillopora_tuahiniensis_scaffold14	2	789424	789498	Ala	TGC	0	0	26.8	pseudo
Pocillopora_tuahiniensis_scaffold14	3	813844	813916	Arg	GCG	0	0	43.6	
Pocillopora_tuahiniensis_scaffold14	4	829944	829872	Thr	GGT	0	0	53.5	pseudo
Pocillopora_tuahiniensis_scaffold14	5	801893	801821	Thr	GGT	0	0	53.7	
Pocillopora_tuahiniensis_scaffold14	6	157902	157828	Ala	TGC	0	0	26.8	pseudo
Pocillopora_tuahiniensis_scaffold14	7	22310 	22238 	Undet	NNN	0	0	42.6	
Pocillopora_tuahiniensis_scaffold15	1	265481	265553	Thr	GGT	0	0	60.1	
Pocillopora_tuahiniensis_scaffold15	2	468188	468260	Thr	GGT	0	0	62.7	
Pocillopora_tuahiniensis_scaffold15	3	546820	546892	Thr	GGT	0	0	69.5	
Pocillopora_tuahiniensis_scaffold15	4	780092	780164	Arg	ACG	0	0	60.6	
Pocillopora_tuahiniensis_scaffold15	5	780845	780910	Arg	ACG	0	0	20.2	pseudo
Pocillopora_tuahiniensis_scaffold15	6	787716	787788	Arg	ACG	0	0	48.4	
Pocillopora_tuahiniensis_scaffold15	7	911798	911869	Thr	AGT	0	0	44.5	pseudo
Pocillopora_tuahiniensis_scaffold15	8	945132	945203	Gln	TTG	0	0	72.6	
Pocillopora_tuahiniensis_scaffold15	9	1153563	1153491	Thr	GGT	0	0	69.5	
Pocillopora_tuahiniensis_scaffold15	10	1153314	1153242	Thr	GGT	0	0	68.2	
Pocillopora_tuahiniensis_scaffold15	11	172958	172884	Ile	AAT	0	0	24.3	pseudo
Pocillopora_tuahiniensis_scaffold16	1	262838	262910	Thr	GGT	0	0	53.3	pseudo
Pocillopora_tuahiniensis_scaffold16	2	423793	423865	Thr	GGT	0	0	69.5	
Pocillopora_tuahiniensis_scaffold16	3	425928	426000	Pro	CGG	0	0	29.1	
Pocillopora_tuahiniensis_scaffold16	4	518278	518350	Asn	GTT	0	0	44.5	pseudo
Pocillopora_tuahiniensis_scaffold16	5	520712	520784	Thr	GGT	0	0	66.6	
Pocillopora_tuahiniensis_scaffold16	6	535543	535615	Arg	GCG	0	0	24.7	
Pocillopora_tuahiniensis_scaffold16	7	549866	549938	Pro	CGG	0	0	50.9	
Pocillopora_tuahiniensis_scaffold16	8	568067	568139	Pro	CGG	0	0	50.9	
Pocillopora_tuahiniensis_scaffold16	9	673666	673740	Arg	GCG	0	0	21.9	pseudo
Pocillopora_tuahiniensis_scaffold16	10	673828	673900	Thr	GGT	0	0	44.2	pseudo
Pocillopora_tuahiniensis_scaffold16	11	1019648	1019720	Arg	GCG	0	0	48.1	
Pocillopora_tuahiniensis_scaffold16	12	1065271	1065345	Thr	GGT	0	0	41.2	
Pocillopora_tuahiniensis_scaffold16	13	1074063	1074136	Arg	GCG	0	0	41.7	
Pocillopora_tuahiniensis_scaffold16	14	1506824	1506896	Thr	GGT	0	0	44.7	pseudo
Pocillopora_tuahiniensis_scaffold16	15	1563760	1563832	Thr	GGT	0	0	54.0	pseudo
Pocillopora_tuahiniensis_scaffold16	16	1563576	1563504	Thr	GGT	0	0	48.3	pseudo
Pocillopora_tuahiniensis_scaffold16	17	1230846	1230774	Thr	GGT	0	0	64.1	
Pocillopora_tuahiniensis_scaffold16	18	635803	635731	Thr	GGT	0	0	54.2	
Pocillopora_tuahiniensis_scaffold16	19	465982	465904	Cys	GCA	0	0	39.0	
Pocillopora_tuahiniensis_scaffold16	20	293684	293612	His	GTG	0	0	41.3	
Pocillopora_tuahiniensis_scaffold16	21	223365	223291	Trp	CCA	0	0	20.6	pseudo
Pocillopora_tuahiniensis_scaffold16	22	168942	168870	Thr	GGT	0	0	64.1	
Pocillopora_tuahiniensis_scaffold16	23	168696	168624	Thr	GGT	0	0	64.1	
Pocillopora_tuahiniensis_scaffold17	1	242526	242598	Thr	GGT	0	0	43.7	pseudo
Pocillopora_tuahiniensis_scaffold17	2	394060	394132	Thr	GGT	0	0	71.6	
Pocillopora_tuahiniensis_scaffold17	3	361109	361037	Undet	NNN	0	0	27.6	pseudo
Pocillopora_tuahiniensis_scaffold18	1	40191 	40262 	Cys	GCA	0	0	37.1	
Pocillopora_tuahiniensis_scaffold18	2	101708	101779	Thr	GGT	0	0	52.7	
Pocillopora_tuahiniensis_scaffold18	3	130429	130502	Thr	AGT	0	0	41.1	pseudo
Pocillopora_tuahiniensis_scaffold18	4	130423	130351	Thr	GGT	0	0	23.4	pseudo
Pocillopora_tuahiniensis_scaffold18	5	99553 	99482 	Gln	CTG	0	0	28.9	pseudo
Pocillopora_tuahiniensis_scaffold18	6	48435 	48362 	Thr	GGT	0	0	34.9	pseudo
Pocillopora_tuahiniensis_scaffold19	1	92963 	92890 	Arg	GCG	0	0	43.1	
Pocillopora_tuahiniensis_scaffold19	2	10093 	10020 	Arg	GCG	0	0	51.2	
Pocillopora_tuahiniensis_scaffold20	1	184222	184292	Gly	GCC	0	0	82.0	
Pocillopora_tuahiniensis_scaffold20	2	416961	417033	Thr	GGT	0	0	66.9	
Pocillopora_tuahiniensis_scaffold20	3	854556	854628	Undet	NNN	0	0	37.7	pseudo
Pocillopora_tuahiniensis_scaffold20	4	839120	839047	Arg	GCG	0	0	23.6	
Pocillopora_tuahiniensis_scaffold20	5	447135	447063	Thr	GGT	0	0	42.3	pseudo
Pocillopora_tuahiniensis_scaffold20	6	140621	140544	Arg	GCG	0	0	23.0	pseudo
Pocillopora_tuahiniensis_scaffold20	7	108678	108606	Arg	GCG	0	0	37.3	pseudo
Pocillopora_tuahiniensis_scaffold21	1	140402	140474	Cys	ACA	0	0	25.0	pseudo
Pocillopora_tuahiniensis_scaffold21	2	271251	271323	Arg	GCG	0	0	40.2	
Pocillopora_tuahiniensis_scaffold21	3	325236	325308	Arg	ACG	0	0	70.5	
Pocillopora_tuahiniensis_scaffold21	4	347506	347578	Arg	TCG	0	0	69.6	
Pocillopora_tuahiniensis_scaffold21	5	348374	348446	Arg	ACG	0	0	67.0	
Pocillopora_tuahiniensis_scaffold21	6	355671	355743	Arg	TCG	0	0	72.4	
Pocillopora_tuahiniensis_scaffold21	7	356355	356427	Arg	ACG	0	0	54.3	
Pocillopora_tuahiniensis_scaffold21	8	398778	398851	Arg	ACG	0	0	47.2	pseudo
Pocillopora_tuahiniensis_scaffold21	9	404520	404592	Arg	TCG	0	0	67.6	
Pocillopora_tuahiniensis_scaffold21	10	510824	510896	Undet	NNN	0	0	34.4	
Pocillopora_tuahiniensis_scaffold21	11	784207	784279	Arg	ACG	0	0	70.5	
Pocillopora_tuahiniensis_scaffold21	12	791110	791182	Arg	ACG	0	0	51.0	
Pocillopora_tuahiniensis_scaffold21	13	1004030	1004102	Thr	GGT	0	0	79.2	
Pocillopora_tuahiniensis_scaffold21	14	1009220	1009292	Thr	AGT	0	0	43.3	
Pocillopora_tuahiniensis_scaffold21	15	1222100	1222025	Arg	CCG	0	0	24.6	pseudo
Pocillopora_tuahiniensis_scaffold21	16	1103669	1103597	Undet	NNN	0	0	21.2	pseudo
Pocillopora_tuahiniensis_scaffold21	17	997263	997192	Sup	CTA	0	0	39.6	pseudo
Pocillopora_tuahiniensis_scaffold21	18	725886	725814	Thr	GGT	0	0	62.8	
Pocillopora_tuahiniensis_scaffold21	19	725641	725569	Thr	GGT	0	0	64.1	
Pocillopora_tuahiniensis_scaffold21	20	389111	389037	Thr	GGT	0	0	28.1	pseudo
Pocillopora_tuahiniensis_scaffold22	1	222184	222256	Arg	GCG	0	0	47.9	
Pocillopora_tuahiniensis_scaffold22	2	362140	362211	Thr	GGT	0	0	51.3	pseudo
Pocillopora_tuahiniensis_scaffold22	3	411131	411208	Ser	TGA	0	0	29.0	pseudo
Pocillopora_tuahiniensis_scaffold22	4	572480	572552	Undet	NNN	0	0	34.4	
Pocillopora_tuahiniensis_scaffold22	5	601861	601933	Thr	GGT	0	0	48.3	
Pocillopora_tuahiniensis_scaffold22	6	770023	770096	Arg	GCG	0	0	38.0	
Pocillopora_tuahiniensis_scaffold22	7	778948	778876	Thr	GGT	0	0	47.4	pseudo
Pocillopora_tuahiniensis_scaffold22	8	572384	572312	Undet	NNN	0	0	34.0	pseudo
Pocillopora_tuahiniensis_scaffold22	9	378396	378322	Undet	NNN	0	0	26.7	pseudo
Pocillopora_tuahiniensis_scaffold22	10	107851	107779	Thr	GGT	0	0	44.4	pseudo
Pocillopora_tuahiniensis_scaffold23	1	164056	164127	Trp	CCA	0	0	22.8	pseudo
Pocillopora_tuahiniensis_scaffold23	2	347918	347991	Thr	AGT	0	0	86.1	
Pocillopora_tuahiniensis_scaffold23	3	371145	371224	Thr	GGT	0	0	34.0	pseudo
Pocillopora_tuahiniensis_scaffold23	4	444309	444237	Trp	CCA	0	0	20.9	pseudo
Pocillopora_tuahiniensis_scaffold23	5	324997	324925	Thr	AGT	0	0	34.0	pseudo
Pocillopora_tuahiniensis_scaffold23	6	211282	211211	Thr	AGT	0	0	43.6	pseudo
Pocillopora_tuahiniensis_scaffold23	7	11759 	11687 	Thr	GGT	0	0	40.0	
Pocillopora_tuahiniensis_scaffold24	1	84536 	84608 	Arg	CCG	0	0	23.8	pseudo
Pocillopora_tuahiniensis_scaffold24	2	148047	148119	Pro	AGG	0	0	30.1	
Pocillopora_tuahiniensis_scaffold24	3	289379	289307	Arg	TCG	0	0	68.9	
Pocillopora_tuahiniensis_scaffold25	1	109281	109353	Pro	CGG	0	0	25.5	
Pocillopora_tuahiniensis_scaffold25	2	109064	108992	Arg	GCG	0	0	36.0	pseudo
Pocillopora_tuahiniensis_scaffold26	1	394604	394665	Undet	NNN	0	0	40.4	
Pocillopora_tuahiniensis_scaffold26	2	425601	425673	Undet	NNN	0	0	27.6	
Pocillopora_tuahiniensis_scaffold26	3	470892	470964	Undet	NNN	0	0	27.5	
Pocillopora_tuahiniensis_scaffold26	4	387919	387847	Undet	NNN	0	0	32.2	pseudo
Pocillopora_tuahiniensis_scaffold26	5	73795 	73724 	Thr	AGT	0	0	45.7	pseudo
Pocillopora_tuahiniensis_scaffold27	1	796398	796470	Thr	GGT	0	0	60.1	
Pocillopora_tuahiniensis_scaffold27	2	834112	834184	Leu	CAA	0	0	35.7	pseudo
Pocillopora_tuahiniensis_scaffold27	3	488379	488307	Thr	GGT	0	0	50.2	
Pocillopora_tuahiniensis_scaffold27	4	406189	406117	Thr	GGT	0	0	45.3	pseudo
Pocillopora_tuahiniensis_scaffold27	5	369815	369743	Arg	GCG	0	0	27.7	
Pocillopora_tuahiniensis_scaffold27	6	341694	341622	Undet	NNN	0	0	39.7	pseudo
Pocillopora_tuahiniensis_scaffold28	1	398697	398624	Leu	GAG	0	0	31.7	
Pocillopora_tuahiniensis_scaffold28	2	299417	299345	Thr	GGT	0	0	49.5	
Pocillopora_tuahiniensis_scaffold29	1	84273 	84356 	Leu	CAG	0	0	77.3	
Pocillopora_tuahiniensis_scaffold29	2	129439	129513	Arg	GCG	0	0	32.0	pseudo
Pocillopora_tuahiniensis_scaffold29	3	181414	181486	Asn	GTT	0	0	57.5	
Pocillopora_tuahiniensis_scaffold29	4	181662	181734	Asn	GTT	0	0	56.5	
Pocillopora_tuahiniensis_scaffold29	5	243888	243963	Thr	GGT	0	0	35.7	pseudo
Pocillopora_tuahiniensis_scaffold29	6	316843	316914	Tyr	GTA	0	0	62.2	
Pocillopora_tuahiniensis_scaffold29	7	327855	327927	Thr	AGT	0	0	40.9	pseudo
Pocillopora_tuahiniensis_scaffold29	8	543235	543303	Undet	NNN	0	0	28.2	pseudo
Pocillopora_tuahiniensis_scaffold29	9	669354	669426	Undet	NNN	0	0	20.8	pseudo
Pocillopora_tuahiniensis_scaffold29	10	1560100	1560172	Thr	GGT	0	0	31.0	pseudo
Pocillopora_tuahiniensis_scaffold29	11	1670184	1670255	Thr	GGT	0	0	20.8	pseudo
Pocillopora_tuahiniensis_scaffold29	12	1761088	1761161	Ser	TGA	0	0	21.5	pseudo
Pocillopora_tuahiniensis_scaffold29	13	1883065	1883136	Thr	GGT	0	0	55.9	
Pocillopora_tuahiniensis_scaffold29	14	1914935	1915009	Arg	GCG	0	0	25.5	
Pocillopora_tuahiniensis_scaffold29	15	2279984	2280056	Thr	GGT	0	0	61.6	
Pocillopora_tuahiniensis_scaffold29	16	2280229	2280301	Thr	GGT	0	0	64.1	
Pocillopora_tuahiniensis_scaffold29	17	2873403	2873475	Thr	GGT	0	0	43.5	
Pocillopora_tuahiniensis_scaffold29	18	2907353	2907281	Thr	GGT	0	0	49.1	
Pocillopora_tuahiniensis_scaffold29	19	2790427	2790352	Thr	GGT	0	0	22.7	pseudo
Pocillopora_tuahiniensis_scaffold29	20	2323601	2323529	Thr	GGT	0	0	64.1	
Pocillopora_tuahiniensis_scaffold29	21	2304602	2304530	Ser	GCT	0	0	69.8	
Pocillopora_tuahiniensis_scaffold29	22	2219235	2219164	Thr	GGT	0	0	26.8	pseudo
Pocillopora_tuahiniensis_scaffold29	23	2076300	2076225	Thr	GGT	0	0	20.3	pseudo
Pocillopora_tuahiniensis_scaffold29	24	2076041	2075972	Undet	NNN	0	0	30.9	pseudo
Pocillopora_tuahiniensis_scaffold29	25	1942633	1942558	Thr	GGT	0	0	48.0	pseudo
Pocillopora_tuahiniensis_scaffold29	26	1411888	1411816	Thr	GGT	0	0	40.9	
Pocillopora_tuahiniensis_scaffold29	27	1181767	1181695	Ser	ACT	0	0	36.1	pseudo
Pocillopora_tuahiniensis_scaffold29	28	1094373	1094301	Ala	GGC	0	0	54.7	
Pocillopora_tuahiniensis_scaffold29	29	1094128	1094056	Thr	GGT	0	0	64.1	
Pocillopora_tuahiniensis_scaffold29	30	980206	980135	Arg	GCG	0	0	69.0	
Pocillopora_tuahiniensis_scaffold29	31	759947	759875	Undet	NNN	0	0	39.7	pseudo
Pocillopora_tuahiniensis_scaffold29	32	713718	713646	Thr	GGT	0	0	63.9	
Pocillopora_tuahiniensis_scaffold29	33	556845	556372	Thr	AGT	556807	556407	27.3	
Pocillopora_tuahiniensis_scaffold29	34	129220	129148	Arg	GCG	0	0	28.9	pseudo
Pocillopora_tuahiniensis_scaffold30	1	6793  	6865  	Thr	GGT	0	0	60.7	
Pocillopora_tuahiniensis_scaffold30	2	202145	202219	Cys	ACA	0	0	26.7	pseudo
Pocillopora_tuahiniensis_scaffold30	3	769770	769842	Thr	AGT	0	0	42.5	
Pocillopora_tuahiniensis_scaffold30	4	1006068	1006128	Thr	GGT	0	0	23.6	
Pocillopora_tuahiniensis_scaffold30	5	1005981	1005909	Thr	GGT	0	0	44.4	pseudo
Pocillopora_tuahiniensis_scaffold30	6	941744	941662	Leu	CAA	0	0	31.4	pseudo
Pocillopora_tuahiniensis_scaffold30	7	147541	147470	Thr	TGT	0	0	33.6	
Pocillopora_tuahiniensis_scaffold31	1	108582	108510	Asn	ATT	0	0	58.4	
Pocillopora_tuahiniensis_scaffold32	1	110077	110149	Leu	AAG	0	0	37.9	
Pocillopora_tuahiniensis_scaffold32	2	146651	146723	His	GTG	0	0	42.9	
Pocillopora_tuahiniensis_scaffold32	3	221917	221848	Ser	GCT	0	0	20.4	pseudo
Pocillopora_tuahiniensis_scaffold33	1	198519	198447	Thr	GGT	0	0	46.1	pseudo
Pocillopora_tuahiniensis_scaffold33	2	157207	157134	Arg	GCG	0	0	26.7	
Pocillopora_tuahiniensis_scaffold34	1	233335	233407	Thr	GGT	0	0	46.1	pseudo
Pocillopora_tuahiniensis_scaffold34	2	246873	246802	Gln	CTG	0	0	26.7	pseudo
Pocillopora_tuahiniensis_scaffold35	1	70631 	70557 	Thr	TGT	0	0	26.8	pseudo
Pocillopora_tuahiniensis_scaffold36	1	133137	133209	Arg	GCG	0	0	45.2	
Pocillopora_tuahiniensis_scaffold36	2	151079	151152	Arg	GCG	0	0	45.1	
Pocillopora_tuahiniensis_scaffold36	3	165882	165953	Thr	GGT	0	0	58.5	
Pocillopora_tuahiniensis_scaffold36	4	701546	701615	Asn	GTT	0	0	26.6	pseudo
Pocillopora_tuahiniensis_scaffold36	5	657480	657405	Thr	GGT	0	0	44.5	pseudo
Pocillopora_tuahiniensis_scaffold36	6	599171	599099	Thr	GGT	0	0	59.3	
Pocillopora_tuahiniensis_scaffold36	7	523315	523240	Thr	GGT	0	0	44.5	pseudo
Pocillopora_tuahiniensis_scaffold36	8	462215	462143	Thr	GGT	0	0	59.3	
Pocillopora_tuahiniensis_scaffold36	9	424757	424682	Thr	GGT	0	0	43.3	pseudo
Pocillopora_tuahiniensis_scaffold36	10	333077	333009	Gln	CTG	0	0	20.0	pseudo
Pocillopora_tuahiniensis_scaffold36	11	267034	266962	Gln	CTG	0	0	22.4	pseudo
Pocillopora_tuahiniensis_scaffold36	12	263726	263654	Pro	AGG	0	0	36.3	
Pocillopora_tuahiniensis_scaffold36	13	205316	205244	Arg	GCG	0	0	52.0	
Pocillopora_tuahiniensis_scaffold37	1	66837 	66909 	Thr	GGT	0	0	38.3	pseudo
Pocillopora_tuahiniensis_scaffold37	2	69985 	70057 	Arg	GCG	0	0	40.2	pseudo
Pocillopora_tuahiniensis_scaffold37	3	113135	113207	His	ATG	0	0	45.6	
Pocillopora_tuahiniensis_scaffold37	4	140291	140363	Thr	GGT	0	0	33.2	pseudo
Pocillopora_tuahiniensis_scaffold37	5	589663	589735	Arg	GCG	0	0	32.4	
Pocillopora_tuahiniensis_scaffold37	6	998044	998116	Thr	GGT	0	0	22.7	pseudo
Pocillopora_tuahiniensis_scaffold37	7	1015471	1015543	Thr	AGT	0	0	36.9	pseudo
Pocillopora_tuahiniensis_scaffold37	8	1153656	1153582	Gln	CTG	0	0	28.0	pseudo
Pocillopora_tuahiniensis_scaffold37	9	1139881	1139809	Thr	GGT	0	0	64.5	
Pocillopora_tuahiniensis_scaffold37	10	1021489	1021417	Thr	AGT	0	0	36.9	pseudo
Pocillopora_tuahiniensis_scaffold37	11	1004387	1004315	Thr	AGT	0	0	36.9	pseudo
Pocillopora_tuahiniensis_scaffold37	12	981118	981046	Thr	GGT	0	0	22.7	pseudo
Pocillopora_tuahiniensis_scaffold37	13	830951	830880	Thr	GGT	0	0	55.1	
Pocillopora_tuahiniensis_scaffold37	14	658008	657936	Undet	NNN	0	0	23.6	
Pocillopora_tuahiniensis_scaffold37	15	240074	240002	Thr	GGT	0	0	62.2	
Pocillopora_tuahiniensis_scaffold37	16	209850	209778	Thr	CGT	0	0	45.6	
Pocillopora_tuahiniensis_scaffold37	17	106864	106792	Cys	GCA	0	0	43.7	
Pocillopora_tuahiniensis_scaffold38	1	369476	369548	Cys	GCA	0	0	27.6	
Pocillopora_tuahiniensis_scaffold38	2	620552	620624	Thr	AGT	0	0	43.1	pseudo
Pocillopora_tuahiniensis_scaffold38	3	689803	689875	His	ATG	0	0	53.3	
Pocillopora_tuahiniensis_scaffold38	4	711898	711970	Arg	GCG	0	0	51.0	
Pocillopora_tuahiniensis_scaffold38	5	883974	884048	Thr	AGT	0	0	29.4	pseudo
Pocillopora_tuahiniensis_scaffold38	6	963252	963323	Ala	TGC	0	0	79.0	
Pocillopora_tuahiniensis_scaffold38	7	1005898	1005970	Undet	NNN	0	0	48.7	
Pocillopora_tuahiniensis_scaffold38	8	1017000	1017074	Thr	GGT	0	0	27.7	pseudo
Pocillopora_tuahiniensis_scaffold38	9	1395266	1395338	Thr	GGT	0	0	63.7	
Pocillopora_tuahiniensis_scaffold38	10	1399864	1399936	Ser	GCT	0	0	49.1	pseudo
Pocillopora_tuahiniensis_scaffold38	11	1431693	1431765	Thr	AGT	0	0	46.7	
Pocillopora_tuahiniensis_scaffold38	12	1456579	1456651	Arg	GCG	0	0	41.4	
Pocillopora_tuahiniensis_scaffold38	13	1724744	1724842	His	GTG	0	0	21.7	pseudo
Pocillopora_tuahiniensis_scaffold38	14	1724634	1724562	Cys	ACA	0	0	45.0	
Pocillopora_tuahiniensis_scaffold38	15	1610469	1610395	Thr	TGT	0	0	22.3	pseudo
Pocillopora_tuahiniensis_scaffold38	16	1454927	1454855	Thr	AGT	0	0	53.6	pseudo
Pocillopora_tuahiniensis_scaffold38	17	1239734	1239662	Leu	GAG	0	0	46.8	pseudo
Pocillopora_tuahiniensis_scaffold38	18	1081760	1081688	Thr	GGT	0	0	48.0	pseudo
Pocillopora_tuahiniensis_scaffold38	19	1031630	1031558	Thr	GGT	0	0	32.8	pseudo
Pocillopora_tuahiniensis_scaffold38	20	847649	847588	Arg	GCG	0	0	31.4	
Pocillopora_tuahiniensis_scaffold38	21	389757	389683	His	GTG	0	0	23.1	pseudo
Pocillopora_tuahiniensis_scaffold38	22	242377	242299	Thr	GGT	0	0	53.4	
Pocillopora_tuahiniensis_scaffold38	23	73651 	73580 	Cys	GCA	0	0	59.1	
Pocillopora_tuahiniensis_scaffold39	1	60738 	60812 	Thr	GGT	0	0	22.3	pseudo
Pocillopora_tuahiniensis_scaffold39	2	83575 	83649 	Undet	NNN	0	0	35.9	pseudo
Pocillopora_tuahiniensis_scaffold39	3	147481	147553	Arg	GCG	0	0	43.9	
Pocillopora_tuahiniensis_scaffold39	4	296006	296083	Pro	CGG	0	0	23.7	pseudo
Pocillopora_tuahiniensis_scaffold39	5	654337	654409	Thr	GGT	0	0	27.0	pseudo
Pocillopora_tuahiniensis_scaffold39	6	657538	657610	Arg	GCG	0	0	43.4	
Pocillopora_tuahiniensis_scaffold39	7	540476	540404	Arg	GCG	0	0	51.9	
Pocillopora_tuahiniensis_scaffold39	8	506666	506597	Ser	GCT	0	0	20.4	pseudo
Pocillopora_tuahiniensis_scaffold39	9	60540 	60468 	Ser	CGA	0	0	33.4	pseudo
Pocillopora_tuahiniensis_scaffold40	1	194089	194017	Lys	CTT	0	0	62.3	
Pocillopora_tuahiniensis_scaffold44	1	18222 	18294 	Thr	TGT	0	0	27.2	pseudo
Pocillopora_tuahiniensis_scaffold46	1	93270 	93344 	Arg	GCG	0	0	24.9	pseudo
Pocillopora_tuahiniensis_scaffold46	2	123742	123815	Pro	CGG	0	0	34.9	pseudo
Pocillopora_tuahiniensis_scaffold46	3	172719	172792	Arg	GCG	0	0	32.7	pseudo
Pocillopora_tuahiniensis_scaffold46	4	23309 	23237 	Arg	GCG	0	0	41.0	
Pocillopora_tuahiniensis_scaffold47	1	70467 	70539 	Thr	TGT	0	0	77.3	
Pocillopora_tuahiniensis_scaffold47	2	80092 	80164 	Thr	GGT	0	0	66.9	
Pocillopora_tuahiniensis_scaffold47	3	177585	177656	Cys	GCA	0	0	44.1	
Pocillopora_tuahiniensis_scaffold48	1	65030 	65101 	Cys	GCA	0	0	33.4	pseudo
Pocillopora_tuahiniensis_scaffold48	2	159683	159755	Arg	TCT	0	0	31.1	pseudo
Pocillopora_tuahiniensis_scaffold48	3	64890 	64817 	Cys	GCA	0	0	49.1	
Pocillopora_tuahiniensis_scaffold48	4	37449 	37377 	Cys	ACA	0	0	54.6	
Pocillopora_tuahiniensis_scaffold49	1	59111 	59183 	Arg	CCG	0	0	35.2	pseudo
Pocillopora_tuahiniensis_scaffold49	2	60769 	60841 	Pro	AGG	0	0	39.6	
Pocillopora_tuahiniensis_scaffold50	1	112873	112945	Thr	GGT	0	0	23.9	pseudo
Pocillopora_tuahiniensis_scaffold50	2	161791	161865	Thr	TGT	0	0	23.4	pseudo
Pocillopora_tuahiniensis_scaffold50	3	187822	187901	Ser	TGA	0	0	22.5	pseudo
Pocillopora_tuahiniensis_scaffold50	4	134287	134212	His	ATG	134250	134247	26.5	pseudo
Pocillopora_tuahiniensis_scaffold51	1	168171	168099	Ile	GAT	0	0	40.2	pseudo
Pocillopora_tuahiniensis_scaffold51	2	136274	136202	Ile	GAT	0	0	44.5	pseudo
Pocillopora_tuahiniensis_scaffold52	1	14538 	14610 	Thr	GGT	0	0	61.6	
Pocillopora_tuahiniensis_scaffold52	2	17630 	17702 	Thr	GGT	0	0	63.1	
Pocillopora_tuahiniensis_scaffold52	3	33909 	33984 	Thr	GGT	0	0	43.9	pseudo
Pocillopora_tuahiniensis_scaffold52	4	82680 	82604 	Undet	NNN	0	0	40.7	pseudo
Pocillopora_tuahiniensis_scaffold52	5	71525 	71449 	Thr	GGT	0	0	44.2	pseudo
Pocillopora_tuahiniensis_scaffold53	1	381604	381662	Undet	NNN	0	0	33.0	pseudo
Pocillopora_tuahiniensis_scaffold53	2	489156	489228	Thr	GGT	0	0	69.5	
Pocillopora_tuahiniensis_scaffold53	3	411476	411393	Leu	CAG	0	0	78.3	
Pocillopora_tuahiniensis_scaffold53	4	329272	329198	Thr	TGT	0	0	20.3	pseudo
Pocillopora_tuahiniensis_scaffold53	5	219205	219133	Thr	GGT	0	0	26.1	pseudo
Pocillopora_tuahiniensis_scaffold53	6	108801	108728	Ser	GCT	0	0	35.7	pseudo
Pocillopora_tuahiniensis_scaffold53	7	108554	108486	Thr	GGT	0	0	40.7	
Pocillopora_tuahiniensis_scaffold54	1	69160 	69232 	Ile	GAT	0	0	36.4	pseudo
Pocillopora_tuahiniensis_scaffold54	2	112502	112572	Trp	CCA	0	0	32.9	pseudo
Pocillopora_tuahiniensis_scaffold54	3	145067	145139	Thr	GGT	0	0	23.9	pseudo
Pocillopora_tuahiniensis_scaffold54	4	470292	470358	Undet	NNN	0	0	21.1	pseudo
Pocillopora_tuahiniensis_scaffold54	5	696915	696978	Undet	NNN	0	0	24.9	pseudo
Pocillopora_tuahiniensis_scaffold54	6	773672	773743	Glu	TTC	0	0	72.4	
Pocillopora_tuahiniensis_scaffold54	7	855323	855395	Cys	GCA	0	0	21.9	pseudo
Pocillopora_tuahiniensis_scaffold54	8	893663	893735	Thr	GGT	0	0	34.0	pseudo
Pocillopora_tuahiniensis_scaffold54	9	1033336	1033407	Cys	GCA	0	0	81.5	
Pocillopora_tuahiniensis_scaffold54	10	1087350	1087420	Gly	GCC	0	0	62.0	
Pocillopora_tuahiniensis_scaffold54	11	1088579	1088649	Gly	GCC	0	0	50.1	
Pocillopora_tuahiniensis_scaffold54	12	1142507	1142579	Thr	GGT	0	0	74.4	
Pocillopora_tuahiniensis_scaffold54	13	1290062	1290134	Thr	GGT	0	0	64.1	
Pocillopora_tuahiniensis_scaffold54	14	1302429	1302501	Ser	CGA	0	0	26.0	pseudo
Pocillopora_tuahiniensis_scaffold54	15	1188668	1188596	Asn	GTT	0	0	65.2	
Pocillopora_tuahiniensis_scaffold54	16	1179390	1179318	Thr	GGT	0	0	34.1	
Pocillopora_tuahiniensis_scaffold54	17	1055748	1055674	Ala	TGC	0	0	26.8	pseudo
Pocillopora_tuahiniensis_scaffold54	18	1039166	1039086	Arg	GCG	0	0	20.5	pseudo
Pocillopora_tuahiniensis_scaffold54	19	965934	965862	Thr	AGT	0	0	41.6	
Pocillopora_tuahiniensis_scaffold54	20	912944	912873	Leu	CAG	0	0	20.1	pseudo
Pocillopora_tuahiniensis_scaffold54	21	855207	855123	Undet	NNN	0	0	25.6	
Pocillopora_tuahiniensis_scaffold54	22	771810	771739	Glu	TTC	0	0	65.8	
Pocillopora_tuahiniensis_scaffold54	23	771308	771237	Glu	TTC	0	0	70.4	
Pocillopora_tuahiniensis_scaffold54	24	706072	706002	Ser	GCT	0	0	81.1	
Pocillopora_tuahiniensis_scaffold54	25	664502	664430	Thr	AGT	0	0	40.6	
Pocillopora_tuahiniensis_scaffold54	26	181016	180944	Ile	AAT	0	0	47.1	pseudo
Pocillopora_tuahiniensis_scaffold54	27	145010	144938	Thr	GGT	0	0	42.5	pseudo
Pocillopora_tuahiniensis_scaffold54	28	144687	144604	Ser	GGA	0	0	40.2	pseudo
Pocillopora_tuahiniensis_scaffold54	29	137626	137554	Thr	GGT	0	0	42.5	pseudo
Pocillopora_tuahiniensis_scaffold54	30	137303	137220	Ser	GGA	0	0	40.2	pseudo
Pocillopora_tuahiniensis_scaffold54	31	100115	100043	Thr	GGT	0	0	57.5	
Pocillopora_tuahiniensis_scaffold55	1	435536	435464	Undet	NNN	0	0	32.3	pseudo
Pocillopora_tuahiniensis_scaffold55	2	375631	375560	Thr	GGT	0	0	29.1	pseudo
Pocillopora_tuahiniensis_scaffold55	3	91221 	91149 	Thr	AGT	0	0	69.4	
Pocillopora_tuahiniensis_scaffold56	1	63241 	63313 	Ala	GGC	0	0	69.4	
Pocillopora_tuahiniensis_scaffold56	2	63490 	63562 	Thr	GGT	0	0	63.2	
Pocillopora_tuahiniensis_scaffold56	3	77631 	77705 	Arg	GCG	0	0	21.8	pseudo
Pocillopora_tuahiniensis_scaffold56	4	65435 	65362 	Arg	GCG	0	0	39.1	
Pocillopora_tuahiniensis_scaffold56	5	35190 	35116 	Thr	TGT	0	0	22.8	pseudo
Pocillopora_tuahiniensis_scaffold57	1	204147	204075	Thr	GGT	0	0	56.1	
Pocillopora_tuahiniensis_scaffold57	2	111415	111343	Arg	CCG	0	0	44.3	pseudo
Pocillopora_tuahiniensis_scaffold57	3	20948 	20876 	Arg	GCG	0	0	51.9	
Pocillopora_tuahiniensis_scaffold58	1	17195 	17267 	Thr	GGT	0	0	46.2	pseudo
Pocillopora_tuahiniensis_scaffold58	2	53132 	53204 	Thr	GGT	0	0	46.2	pseudo
Pocillopora_tuahiniensis_scaffold58	3	196028	195957	Pro	GGG	0	0	21.2	pseudo
Pocillopora_tuahiniensis_scaffold59	1	42655 	42727 	His	GTG	0	0	44.7	
Pocillopora_tuahiniensis_scaffold59	2	56014 	56088 	Arg	GCG	0	0	24.0	
Pocillopora_tuahiniensis_scaffold59	3	56274 	56349 	Arg	GCG	0	0	35.2	pseudo
Pocillopora_tuahiniensis_scaffold59	4	182352	182432	Arg	CCG	0	0	21.4	pseudo
Pocillopora_tuahiniensis_scaffold59	5	296401	296473	Arg	GCG	0	0	38.3	
Pocillopora_tuahiniensis_scaffold59	6	340628	340700	Thr	GGT	0	0	53.9	pseudo
Pocillopora_tuahiniensis_scaffold59	7	179506	179434	Thr	GGT	0	0	43.1	
Pocillopora_tuahiniensis_scaffold59	8	168941	168881	Thr	GGT	0	0	29.1	
Pocillopora_tuahiniensis_scaffold59	9	144353	144291	Thr	GGT	0	0	27.0	
Pocillopora_tuahiniensis_scaffold59	10	144167	144089	Thr	GGT	0	0	20.4	pseudo
Pocillopora_tuahiniensis_scaffold59	11	137071	136991	Gln	CTG	0	0	20.1	pseudo
Pocillopora_tuahiniensis_scaffold59	12	115728	115657	iMet	CAT	0	0	57.8	
Pocillopora_tuahiniensis_scaffold61	1	66819 	66890 	Glu	CTC	0	0	70.6	
Pocillopora_tuahiniensis_scaffold61	2	109045	108973	Undet	NNN	0	0	21.2	pseudo
Pocillopora_tuahiniensis_scaffold64	1	1061  	1133  	Ser	GCT	0	0	49.1	pseudo
Pocillopora_tuahiniensis_scaffold64	2	170309	170381	Arg	GCG	0	0	34.3	
Pocillopora_tuahiniensis_scaffold64	3	234585	234657	Thr	GGT	0	0	26.1	pseudo
Pocillopora_tuahiniensis_scaffold64	4	402747	402822	Thr	GGT	0	0	35.3	pseudo
Pocillopora_tuahiniensis_scaffold64	5	428433	428505	Thr	GGT	0	0	49.9	
Pocillopora_tuahiniensis_scaffold64	6	433703	433776	Thr	AGT	0	0	82.3	
Pocillopora_tuahiniensis_scaffold64	7	580915	580987	Thr	TGT	0	0	79.6	
Pocillopora_tuahiniensis_scaffold64	8	591437	591511	Pro	GGG	0	0	42.0	
Pocillopora_tuahiniensis_scaffold64	9	591711	591783	Cys	GCA	0	0	40.6	
Pocillopora_tuahiniensis_scaffold64	10	746029	746104	Thr	GGT	0	0	33.6	pseudo
Pocillopora_tuahiniensis_scaffold64	11	383040	382968	Thr	GGT	0	0	23.6	
Pocillopora_tuahiniensis_scaffold65	1	248407	248479	Thr	GGT	0	0	61.2	
Pocillopora_tuahiniensis_scaffold65	2	390174	390103	Arg	CCG	0	0	23.1	pseudo
Pocillopora_tuahiniensis_scaffold66	1	213938	214010	His	ATG	0	0	34.0	
Pocillopora_tuahiniensis_scaffold66	2	334018	333948	Sup	CTA	0	0	42.5	pseudo
Pocillopora_tuahiniensis_scaffold66	3	112867	112795	Arg	ACG	0	0	46.5	
Pocillopora_tuahiniensis_scaffold66	4	57240 	57168 	Thr	GGT	0	0	39.8	pseudo
Pocillopora_tuahiniensis_scaffold67	1	210309	210383	Ala	TGC	0	0	26.8	pseudo
Pocillopora_tuahiniensis_scaffold67	2	252874	252802	Ile	GAT	0	0	54.6	
Pocillopora_tuahiniensis_scaffold67	3	56068 	55996 	Thr	GGT	0	0	66.6	
Pocillopora_tuahiniensis_scaffold68	1	181408	181478	Thr	AGT	0	0	41.4	pseudo
Pocillopora_tuahiniensis_scaffold68	2	280561	280489	Thr	GGT	0	0	67.5	
Pocillopora_tuahiniensis_scaffold69	1	63168 	63097 	Thr	AGT	0	0	26.1	pseudo
Pocillopora_tuahiniensis_scaffold69	2	17085 	17012 	Arg	TCT	0	0	57.1	
Pocillopora_tuahiniensis_scaffold72	1	42517 	42589 	Gly	ACC	0	0	24.0	pseudo
Pocillopora_tuahiniensis_scaffold72	2	189006	189080	Undet	NNN	0	0	26.7	pseudo
Pocillopora_tuahiniensis_scaffold72	3	351644	351716	Thr	GGT	0	0	62.6	
Pocillopora_tuahiniensis_scaffold72	4	351894	351966	Thr	GGT	0	0	54.5	
Pocillopora_tuahiniensis_scaffold72	5	785505	785579	Thr	TGT	0	0	24.1	pseudo
Pocillopora_tuahiniensis_scaffold72	6	993969	994041	Leu	CAG	0	0	48.9	
Pocillopora_tuahiniensis_scaffold72	7	1051716	1051778	Undet	NNN	0	0	20.2	
Pocillopora_tuahiniensis_scaffold72	8	1115403	1115465	Undet	NNN	0	0	27.3	
Pocillopora_tuahiniensis_scaffold72	9	1176212	1176274	Ser	CGA	0	0	21.7	pseudo
Pocillopora_tuahiniensis_scaffold72	10	1395282	1395354	Thr	GGT	0	0	58.7	
Pocillopora_tuahiniensis_scaffold72	11	1822862	1822932	Arg	GCG	0	0	39.9	
Pocillopora_tuahiniensis_scaffold72	12	1841877	1841962	Met	CAT	1841914	1841926	65.2	
Pocillopora_tuahiniensis_scaffold72	13	1843473	1843545	Lys	TTT	0	0	85.8	
Pocillopora_tuahiniensis_scaffold72	14	1844506	1844578	Lys	TTT	0	0	87.2	
Pocillopora_tuahiniensis_scaffold72	15	1845962	1846034	Lys	TTT	0	0	87.2	
Pocillopora_tuahiniensis_scaffold72	16	1847396	1847468	Lys	TTT	0	0	87.2	
Pocillopora_tuahiniensis_scaffold72	17	1848565	1848637	Lys	TTT	0	0	87.2	
Pocillopora_tuahiniensis_scaffold72	18	1849622	1849694	Lys	TTT	0	0	87.2	
Pocillopora_tuahiniensis_scaffold72	19	1850307	1850379	Lys	TTT	0	0	86.7	
Pocillopora_tuahiniensis_scaffold72	20	1850947	1851031	Met	CAT	1850984	1850995	70.6	
Pocillopora_tuahiniensis_scaffold72	21	1852023	1852107	Met	CAT	1852060	1852071	58.6	
Pocillopora_tuahiniensis_scaffold72	22	1856302	1856386	Met	CAT	1856339	1856350	70.6	
Pocillopora_tuahiniensis_scaffold72	23	1906694	1906772	Lys	TTT	0	0	54.3	pseudo
Pocillopora_tuahiniensis_scaffold72	24	1907830	1907914	Met	CAT	1907867	1907878	71.0	
Pocillopora_tuahiniensis_scaffold72	25	1909262	1909346	Met	CAT	1909299	1909310	57.5	
Pocillopora_tuahiniensis_scaffold72	26	1909427	1909553	Met	CAT	1909506	1909517	21.8	pseudo
Pocillopora_tuahiniensis_scaffold72	27	1924150	1924222	Thr	GGT	0	0	35.8	pseudo
Pocillopora_tuahiniensis_scaffold72	28	2094149	2094077	Thr	GGT	0	0	66.6	
Pocillopora_tuahiniensis_scaffold72	29	1908702	1908630	Lys	TTT	0	0	88.5	
Pocillopora_tuahiniensis_scaffold72	30	1907231	1907159	Lys	TTT	0	0	80.7	
Pocillopora_tuahiniensis_scaffold72	31	1855693	1855621	Lys	TTT	0	0	87.2	
Pocillopora_tuahiniensis_scaffold72	32	1851615	1851543	Lys	TTT	0	0	87.2	
Pocillopora_tuahiniensis_scaffold72	33	1849141	1849057	Met	CAT	1849104	1849093	70.0	
Pocillopora_tuahiniensis_scaffold72	34	1848048	1847964	Met	CAT	1848011	1848000	70.6	
Pocillopora_tuahiniensis_scaffold72	35	1846869	1846785	Ile	AAT	1846832	1846821	51.1	
Pocillopora_tuahiniensis_scaffold72	36	1845399	1845315	Met	CAT	1845362	1845351	70.6	
Pocillopora_tuahiniensis_scaffold72	37	1844379	1844295	Met	CAT	1844342	1844331	70.6	
Pocillopora_tuahiniensis_scaffold72	38	1842937	1842865	Ile	GAT	0	0	79.7	
Pocillopora_tuahiniensis_scaffold72	39	1761620	1761548	Thr	GGT	0	0	33.5	pseudo
Pocillopora_tuahiniensis_scaffold72	40	1628339	1628266	Ser	TGA	0	0	20.1	pseudo
Pocillopora_tuahiniensis_scaffold72	41	1577011	1576939	Thr	GGT	0	0	56.4	
Pocillopora_tuahiniensis_scaffold72	42	1576765	1576693	Thr	GGT	0	0	49.9	
Pocillopora_tuahiniensis_scaffold72	43	1269724	1269653	Thr	GGT	0	0	38.2	
Pocillopora_tuahiniensis_scaffold72	44	509786	509714	Arg	GCG	0	0	35.9	
Pocillopora_tuahiniensis_scaffold72	45	130651	130579	Thr	AGT	0	0	42.4	
Pocillopora_tuahiniensis_scaffold72	46	72535 	72461 	Thr	AGT	0	0	62.5	
Pocillopora_tuahiniensis_scaffold74	1	393020	393086	Thr	AGT	0	0	47.3	
Pocillopora_tuahiniensis_scaffold74	2	445093	445165	Pro	TGG	0	0	22.0	pseudo
Pocillopora_tuahiniensis_scaffold74	3	557447	557519	Arg	GCG	0	0	49.1	
Pocillopora_tuahiniensis_scaffold74	4	1001538	1001610	Thr	GGT	0	0	66.9	
Pocillopora_tuahiniensis_scaffold74	5	1074333	1074405	Gly	CCC	0	0	23.7	pseudo
Pocillopora_tuahiniensis_scaffold74	6	1300531	1300603	His	ATG	0	0	58.3	
Pocillopora_tuahiniensis_scaffold74	7	1300792	1300864	Cys	GCA	0	0	34.8	
Pocillopora_tuahiniensis_scaffold74	8	1358790	1358862	Thr	GGT	0	0	67.4	
Pocillopora_tuahiniensis_scaffold74	9	1359035	1359107	Thr	AGT	0	0	58.3	
Pocillopora_tuahiniensis_scaffold74	10	1359280	1359351	Thr	AGT	0	0	53.5	
Pocillopora_tuahiniensis_scaffold74	11	1419114	1419189	Ser	GCT	0	0	37.6	
Pocillopora_tuahiniensis_scaffold74	12	1552180	1552251	Gln	CTG	0	0	28.9	pseudo
Pocillopora_tuahiniensis_scaffold74	13	1564509	1564580	Cys	GCA	0	0	49.7	
Pocillopora_tuahiniensis_scaffold74	14	1564768	1564839	Cys	GCA	0	0	38.8	
Pocillopora_tuahiniensis_scaffold74	15	1564391	1564320	Cys	GCA	0	0	38.2	
Pocillopora_tuahiniensis_scaffold74	16	1546469	1546397	Thr	AGT	0	0	62.7	
Pocillopora_tuahiniensis_scaffold74	17	1433266	1433194	Thr	GGT	0	0	66.0	
Pocillopora_tuahiniensis_scaffold74	18	1281980	1281908	Thr	GGT	0	0	46.6	pseudo
Pocillopora_tuahiniensis_scaffold74	19	897066	897004	Undet	NNN	0	0	22.2	pseudo
Pocillopora_tuahiniensis_scaffold74	20	876553	876480	Thr	GGT	0	0	37.2	pseudo
Pocillopora_tuahiniensis_scaffold74	21	811734	811662	Thr	GGT	0	0	54.5	pseudo
Pocillopora_tuahiniensis_scaffold74	22	552962	552890	Ile	GAT	0	0	42.5	pseudo
Pocillopora_tuahiniensis_scaffold74	23	392871	392799	Thr	AGT	0	0	55.2	
Pocillopora_tuahiniensis_scaffold75	1	5207  	5279  	Arg	GCG	0	0	38.8	
Pocillopora_tuahiniensis_scaffold75	2	33152 	33225 	Thr	GGT	0	0	71.6	
Pocillopora_tuahiniensis_scaffold75	3	33399 	33472 	Thr	GGT	0	0	65.4	
Pocillopora_tuahiniensis_scaffold75	4	81662 	81726 	Arg	GCG	0	0	30.8	
Pocillopora_tuahiniensis_scaffold75	5	84247 	84321 	Thr	TGT	0	0	26.8	pseudo
Pocillopora_tuahiniensis_scaffold75	6	478550	478622	Arg	GCG	0	0	20.2	pseudo
Pocillopora_tuahiniensis_scaffold75	7	478813	478885	Undet	NNN	0	0	23.6	pseudo
Pocillopora_tuahiniensis_scaffold75	8	530839	530911	Thr	GGT	0	0	58.5	
Pocillopora_tuahiniensis_scaffold75	9	1437837	1437909	Gln	CTG	0	0	25.2	pseudo
Pocillopora_tuahiniensis_scaffold75	10	1469753	1469681	Thr	GGT	0	0	43.9	pseudo
Pocillopora_tuahiniensis_scaffold75	11	1353139	1353066	Thr	TGT	0	0	24.3	pseudo
Pocillopora_tuahiniensis_scaffold75	12	1232704	1232633	Thr	GGT	0	0	50.9	pseudo
Pocillopora_tuahiniensis_scaffold75	13	1232637	1232565	Thr	GGT	0	0	66.5	
Pocillopora_tuahiniensis_scaffold75	14	985823	985752	Cys	GCA	0	0	40.5	pseudo
Pocillopora_tuahiniensis_scaffold75	15	966157	966086	Cys	GCA	0	0	28.4	
Pocillopora_tuahiniensis_scaffold75	16	946310	946239	Cys	GCA	0	0	26.8	pseudo
Pocillopora_tuahiniensis_scaffold75	17	701093	701021	Thr	GGT	0	0	62.4	
Pocillopora_tuahiniensis_scaffold75	18	497085	497013	Thr	GGT	0	0	28.6	pseudo
Pocillopora_tuahiniensis_scaffold75	19	469046	468974	Thr	AGT	0	0	30.9	pseudo
Pocillopora_tuahiniensis_scaffold75	20	456355	456283	Leu	CAG	0	0	21.4	pseudo
Pocillopora_tuahiniensis_scaffold75	21	375166	375094	Undet	NNN	0	0	31.6	pseudo
Pocillopora_tuahiniensis_scaffold75	22	306989	306917	Thr	AGT	0	0	46.9	pseudo
Pocillopora_tuahiniensis_scaffold75	23	283408	283336	Thr	GGT	0	0	66.9	
Pocillopora_tuahiniensis_scaffold75	24	283163	283091	Thr	GGT	0	0	63.3	
Pocillopora_tuahiniensis_scaffold75	25	282917	282845	Thr	GGT	0	0	64.2	
Pocillopora_tuahiniensis_scaffold75	26	282672	282600	Thr	GGT	0	0	60.7	
Pocillopora_tuahiniensis_scaffold75	27	254889	254823	Undet	NNN	0	0	36.0	
Pocillopora_tuahiniensis_scaffold76	1	43800 	43874 	Thr	TGT	0	0	22.9	pseudo
Pocillopora_tuahiniensis_scaffold76	2	199913	199985	Thr	GGT	0	0	44.2	pseudo
Pocillopora_tuahiniensis_scaffold76	3	367031	367103	Cys	GCA	0	0	35.9	pseudo
Pocillopora_tuahiniensis_scaffold76	4	747466	747538	Thr	GGT	0	0	51.4	pseudo
Pocillopora_tuahiniensis_scaffold76	5	760073	760145	Thr	GGT	0	0	64.1	
Pocillopora_tuahiniensis_scaffold76	6	833882	833954	Thr	GGT	0	0	36.7	pseudo
Pocillopora_tuahiniensis_scaffold76	7	873708	873779	Ser	ACT	0	0	20.2	pseudo
Pocillopora_tuahiniensis_scaffold76	8	878442	878505	Asn	ATT	0	0	21.9	pseudo
Pocillopora_tuahiniensis_scaffold76	9	994213	994274	Undet	NNN	0	0	26.9	
Pocillopora_tuahiniensis_scaffold76	10	994450	994522	Thr	GGT	0	0	45.4	pseudo
Pocillopora_tuahiniensis_scaffold76	11	1011903	1011964	Undet	NNN	0	0	26.9	
Pocillopora_tuahiniensis_scaffold76	12	1012145	1012212	Thr	GGT	0	0	33.7	pseudo
Pocillopora_tuahiniensis_scaffold76	13	1031294	1031371	Thr	GGT	0	0	35.8	pseudo
Pocillopora_tuahiniensis_scaffold76	14	1385431	1385509	Arg	GCG	0	0	32.5	
Pocillopora_tuahiniensis_scaffold76	15	1563770	1563842	Thr	AGT	0	0	58.9	
Pocillopora_tuahiniensis_scaffold76	16	1567377	1567449	Thr	TGT	0	0	71.1	
Pocillopora_tuahiniensis_scaffold76	17	1630913	1630985	Gln	CTG	0	0	28.8	pseudo
Pocillopora_tuahiniensis_scaffold76	18	1750721	1750793	Thr	GGT	0	0	59.4	
Pocillopora_tuahiniensis_scaffold76	19	1772549	1772621	Thr	GGT	0	0	40.0	pseudo
Pocillopora_tuahiniensis_scaffold76	20	1896461	1896533	Thr	GGT	0	0	59.8	
Pocillopora_tuahiniensis_scaffold76	21	2145262	2145192	Gly	GCC	0	0	82.0	
Pocillopora_tuahiniensis_scaffold76	22	1931984	1931909	Arg	GCG	0	0	22.2	
Pocillopora_tuahiniensis_scaffold76	23	1567291	1567226	Thr	TGT	0	0	20.4	pseudo
Pocillopora_tuahiniensis_scaffold76	24	1550625	1550553	Thr	GGT	0	0	31.2	pseudo
Pocillopora_tuahiniensis_scaffold76	25	1153214	1153142	Thr	GGT	0	0	69.5	
Pocillopora_tuahiniensis_scaffold76	26	1031180	1031108	Thr	GGT	0	0	60.1	
Pocillopora_tuahiniensis_scaffold76	27	41885 	41813 	Thr	AGT	0	0	76.3	
Pocillopora_tuahiniensis_scaffold77	1	259198	259270	Ile	GAT	0	0	49.3	
Pocillopora_tuahiniensis_scaffold77	2	275525	275597	Ile	GAT	0	0	26.0	pseudo
Pocillopora_tuahiniensis_scaffold77	3	283598	283670	Ile	GAT	0	0	57.1	
Pocillopora_tuahiniensis_scaffold77	4	298696	298768	Ile	GAT	0	0	39.7	pseudo
Pocillopora_tuahiniensis_scaffold77	5	312293	312365	Ile	GAT	0	0	48.0	pseudo
Pocillopora_tuahiniensis_scaffold77	6	333947	334013	Undet	NNN	0	0	41.2	
Pocillopora_tuahiniensis_scaffold77	7	342883	342957	Thr	GGT	0	0	48.9	pseudo
Pocillopora_tuahiniensis_scaffold77	8	372672	372744	Thr	GGT	0	0	37.5	pseudo
Pocillopora_tuahiniensis_scaffold77	9	342701	342629	Thr	AGT	0	0	33.5	pseudo
Pocillopora_tuahiniensis_scaffold77	10	289753	289681	Thr	GGT	0	0	43.9	pseudo
Pocillopora_tuahiniensis_scaffold78	1	48378 	48457 	Undet	NNN	0	0	23.4	pseudo
Pocillopora_tuahiniensis_scaffold78	2	48968 	49047 	Undet	NNN	0	0	23.6	pseudo
Pocillopora_tuahiniensis_scaffold78	3	49649 	49728 	Undet	NNN	0	0	22.7	pseudo
Pocillopora_tuahiniensis_scaffold78	4	50323 	50402 	Undet	NNN	0	0	23.4	pseudo
Pocillopora_tuahiniensis_scaffold78	5	498776	498848	Arg	GCG	0	0	47.8	
Pocillopora_tuahiniensis_scaffold78	6	505833	505905	Arg	GCG	0	0	26.5	
Pocillopora_tuahiniensis_scaffold78	7	515029	515101	Arg	GCG	0	0	36.0	
Pocillopora_tuahiniensis_scaffold78	8	671943	672024	Ser	CGA	0	0	94.3	
Pocillopora_tuahiniensis_scaffold78	9	1668818	1668890	Thr	GGT	0	0	58.9	
Pocillopora_tuahiniensis_scaffold78	10	1381584	1381506	Asn	GTT	0	0	21.0	
Pocillopora_tuahiniensis_scaffold78	11	1380067	1379988	Undet	NNN	0	0	23.4	pseudo
Pocillopora_tuahiniensis_scaffold78	12	1368761	1368689	Cys	GCA	0	0	27.4	pseudo
Pocillopora_tuahiniensis_scaffold78	13	670101	670020	Ser	TGA	0	0	93.6	
Pocillopora_tuahiniensis_scaffold78	14	609328	609250	Undet	NNN	0	0	23.0	pseudo
Pocillopora_tuahiniensis_scaffold79	1	101287	101215	Pro	CGG	0	0	53.5	
Pocillopora_tuahiniensis_scaffold80	1	1408  	1484  	Thr	GGT	0	0	37.1	pseudo
Pocillopora_tuahiniensis_scaffold80	2	341831	341903	Arg	CCG	0	0	38.4	pseudo
Pocillopora_tuahiniensis_scaffold80	3	914902	914830	Thr	GGT	0	0	48.7	pseudo
Pocillopora_tuahiniensis_scaffold81	1	93130 	93202 	Thr	GGT	0	0	64.1	
Pocillopora_tuahiniensis_scaffold81	2	319049	319126	Cys	ACA	319086	319089	24.7	pseudo
Pocillopora_tuahiniensis_scaffold81	3	1388581	1388653	Cys	GCA	0	0	39.9	
Pocillopora_tuahiniensis_scaffold81	4	1388834	1388913	Leu	GAG	1388871	1388876	48.7	
Pocillopora_tuahiniensis_scaffold81	5	1389119	1389191	Pro	CGG	0	0	64.2	
Pocillopora_tuahiniensis_scaffold81	6	1464297	1464369	Thr	GGT	0	0	64.1	
Pocillopora_tuahiniensis_scaffold81	7	1316294	1316223	Asp	GTC	0	0	68.0	
Pocillopora_tuahiniensis_scaffold81	8	825081	825009	Pro	CGG	0	0	39.8	
Pocillopora_tuahiniensis_scaffold81	9	695915	695843	Cys	GCA	0	0	33.0	pseudo
Pocillopora_tuahiniensis_scaffold81	10	588840	588768	Ile	AAT	0	0	39.2	pseudo
Pocillopora_tuahiniensis_scaffold81	11	479912	479851	Thr	GGT	0	0	44.9	
Pocillopora_tuahiniensis_scaffold81	12	479670	479598	Thr	GGT	0	0	69.5	
Pocillopora_tuahiniensis_scaffold81	13	364165	364093	Thr	AGT	0	0	45.7	pseudo
Pocillopora_tuahiniensis_scaffold81	14	215348	215276	Thr	GGT	0	0	59.6	
Pocillopora_tuahiniensis_scaffold82	1	277541	277612	Cys	GCA	0	0	64.4	
Pocillopora_tuahiniensis_scaffold82	2	650307	650379	Thr	GGT	0	0	61.9	
Pocillopora_tuahiniensis_scaffold82	3	1033858	1033786	Thr	GGT	0	0	60.4	
Pocillopora_tuahiniensis_scaffold82	4	888693	888620	Arg	GCG	0	0	49.1	
Pocillopora_tuahiniensis_scaffold82	5	650160	650088	Ala	GGC	0	0	42.4	
Pocillopora_tuahiniensis_scaffold82	6	359499	359428	Gln	CTG	0	0	35.8	pseudo
Pocillopora_tuahiniensis_scaffold83	1	80631 	80704 	Ile	AAT	0	0	59.7	
Pocillopora_tuahiniensis_scaffold83	2	85143 	85072 	Thr	GGT	0	0	32.0	pseudo
Pocillopora_tuahiniensis_scaffold83	3	80461 	80388 	Thr	GGT	0	0	31.6	pseudo
Pocillopora_tuahiniensis_scaffold84	1	289335	289401	Undet	NNN	0	0	39.3	
Pocillopora_tuahiniensis_scaffold84	2	297710	297776	Undet	NNN	0	0	39.3	
Pocillopora_tuahiniensis_scaffold84	3	298839	298910	Gln	CTG	0	0	34.2	pseudo
Pocillopora_tuahiniensis_scaffold84	4	368219	368289	Arg	GCG	0	0	31.4	pseudo
Pocillopora_tuahiniensis_scaffold84	5	475990	476078	Undet	NNN	0	0	25.5	pseudo
Pocillopora_tuahiniensis_scaffold85	1	13659 	13731 	Thr	AGT	0	0	21.1	pseudo
Pocillopora_tuahiniensis_scaffold85	2	13919 	13991 	Thr	GGT	0	0	46.6	pseudo
Pocillopora_tuahiniensis_scaffold85	3	71782 	71858 	Ile	GAT	0	0	20.5	pseudo
Pocillopora_tuahiniensis_scaffold85	4	16077 	16003 	Thr	AGT	0	0	21.7	pseudo
Pocillopora_tuahiniensis_scaffold85	5	13587 	13515 	Thr	GGT	0	0	30.1	pseudo
Pocillopora_tuahiniensis_scaffold86	1	93852 	93921 	Cys	GCA	0	0	23.0	pseudo
Pocillopora_tuahiniensis_scaffold86	2	411575	411654	Undet	NNN	0	0	22.7	pseudo
Pocillopora_tuahiniensis_scaffold86	3	622109	622184	Undet	NNN	0	0	21.1	pseudo
Pocillopora_tuahiniensis_scaffold86	4	589693	589621	Undet	NNN	0	0	22.1	
Pocillopora_tuahiniensis_scaffold86	5	392150	392066	Met	CAT	392113	392102	70.6	
Pocillopora_tuahiniensis_scaffold86	6	81935 	81862 	Undet	NNN	0	0	48.7	
Pocillopora_tuahiniensis_scaffold86	7	24458 	24387 	Arg	CCG	0	0	30.7	pseudo
Pocillopora_tuahiniensis_scaffold87	1	523165	523093	Thr	GGT	0	0	62.0	
Pocillopora_tuahiniensis_scaffold87	2	417591	417519	Thr	GGT	0	0	51.5	
Pocillopora_tuahiniensis_scaffold87	3	102273	102189	Undet	NNN	0	0	34.2	pseudo
Pocillopora_tuahiniensis_scaffold88	1	131970	131898	Thr	GGT	0	0	53.1	
Pocillopora_tuahiniensis_scaffold88	2	9053  	8981  	Arg	GCG	0	0	30.7	
Pocillopora_tuahiniensis_scaffold88	3	4722  	4650  	Thr	GGT	0	0	55.3	
Pocillopora_tuahiniensis_scaffold90	1	221212	221285	Asn	GTT	0	0	63.5	
Pocillopora_tuahiniensis_scaffold90	2	652002	652074	Thr	GGT	0	0	55.4	
Pocillopora_tuahiniensis_scaffold90	3	700824	700896	Thr	GGT	0	0	57.9	
Pocillopora_tuahiniensis_scaffold90	4	752839	752897	Undet	NNN	0	0	21.1	pseudo
Pocillopora_tuahiniensis_scaffold90	5	356447	356375	Thr	GGT	0	0	62.5	
Pocillopora_tuahiniensis_scaffold90	6	274587	274514	Ser	AGA	0	0	55.8	
Pocillopora_tuahiniensis_scaffold91	1	37796 	37868 	Thr	GGT	0	0	60.3	
Pocillopora_tuahiniensis_scaffold91	2	108403	108475	Val	TAC	0	0	62.7	
Pocillopora_tuahiniensis_scaffold91	3	174990	175062	Thr	GGT	0	0	64.1	
Pocillopora_tuahiniensis_scaffold91	4	200875	200947	Thr	GGT	0	0	48.6	
Pocillopora_tuahiniensis_scaffold91	5	280993	281054	Undet	NNN	0	0	51.3	
Pocillopora_tuahiniensis_scaffold91	6	519677	519750	Undet	NNN	0	0	27.3	pseudo
Pocillopora_tuahiniensis_scaffold91	7	864899	864971	Undet	NNN	0	0	25.9	pseudo
Pocillopora_tuahiniensis_scaffold91	8	915201	915129	Ser	ACT	0	0	40.8	pseudo
Pocillopora_tuahiniensis_scaffold91	9	845690	845617	Cys	GCA	0	0	58.1	
Pocillopora_tuahiniensis_scaffold91	10	807121	807047	Cys	GCA	0	0	30.1	pseudo
Pocillopora_tuahiniensis_scaffold91	11	186107	186035	Lys	TTT	0	0	87.2	
Pocillopora_tuahiniensis_scaffold92	1	229188	229260	Cys	GCA	0	0	32.2	
Pocillopora_tuahiniensis_scaffold92	2	229828	229900	Thr	GGT	0	0	64.1	
Pocillopora_tuahiniensis_scaffold92	3	416000	416073	Thr	GGT	0	0	37.3	pseudo
Pocillopora_tuahiniensis_scaffold92	4	510885	510813	Thr	GGT	0	0	60.5	
Pocillopora_tuahiniensis_scaffold92	5	102452	102380	Thr	GGT	0	0	64.1	
Pocillopora_tuahiniensis_scaffold92	6	73108 	73036 	Thr	GGT	0	0	41.9	
Pocillopora_tuahiniensis_scaffold93	1	151944	152016	Thr	GGT	0	0	41.1	
Pocillopora_tuahiniensis_scaffold93	2	202268	202340	Thr	GGT	0	0	54.5	
Pocillopora_tuahiniensis_scaffold93	3	322601	322673	Thr	GGT	0	0	50.0	
Pocillopora_tuahiniensis_scaffold93	4	544461	544529	Thr	AGT	0	0	25.4	
Pocillopora_tuahiniensis_scaffold93	5	551274	551346	Thr	GGT	0	0	32.5	pseudo
Pocillopora_tuahiniensis_scaffold93	6	599485	599557	Pro	CGG	0	0	28.6	pseudo
Pocillopora_tuahiniensis_scaffold93	7	972571	972645	Thr	TGT	0	0	26.3	pseudo
Pocillopora_tuahiniensis_scaffold93	8	1058789	1058862	Ser	GCT	0	0	38.7	pseudo
Pocillopora_tuahiniensis_scaffold93	9	1139754	1139826	Thr	GGT	0	0	48.8	
Pocillopora_tuahiniensis_scaffold93	10	1262268	1262340	Thr	GGT	0	0	57.9	
Pocillopora_tuahiniensis_scaffold93	11	1599452	1599524	His	GTG	0	0	41.2	
Pocillopora_tuahiniensis_scaffold93	12	1754571	1754647	Pro	GGG	0	0	41.9	pseudo
Pocillopora_tuahiniensis_scaffold93	13	2593514	2593442	Thr	GGT	0	0	64.1	
Pocillopora_tuahiniensis_scaffold93	14	2593260	2593188	Thr	GGT	0	0	64.1	
Pocillopora_tuahiniensis_scaffold93	15	2593007	2592935	Thr	GGT	0	0	64.1	
Pocillopora_tuahiniensis_scaffold93	16	2592761	2592689	Thr	GGT	0	0	64.1	
Pocillopora_tuahiniensis_scaffold93	17	2592578	2592506	Thr	GGT	0	0	64.1	
Pocillopora_tuahiniensis_scaffold93	18	2592332	2592260	Thr	GGT	0	0	64.1	
Pocillopora_tuahiniensis_scaffold93	19	2505549	2505477	Ile	GAT	0	0	47.7	pseudo
Pocillopora_tuahiniensis_scaffold93	20	2477126	2477054	Ile	GAT	0	0	44.5	pseudo
Pocillopora_tuahiniensis_scaffold93	21	2343852	2343779	Arg	GCG	0	0	36.0	
Pocillopora_tuahiniensis_scaffold93	22	2220992	2220920	Arg	GCG	0	0	34.4	
Pocillopora_tuahiniensis_scaffold93	23	2098315	2098243	Thr	GGT	0	0	64.1	
Pocillopora_tuahiniensis_scaffold93	24	1590781	1590709	Undet	NNN	0	0	23.9	pseudo
Pocillopora_tuahiniensis_scaffold93	25	1153069	1153002	Thr	AGT	0	0	65.2	
Pocillopora_tuahiniensis_scaffold93	26	1084539	1084468	Ser	ACT	0	0	27.5	pseudo
Pocillopora_tuahiniensis_scaffold93	27	947971	947899	Thr	GGT	0	0	62.7	
Pocillopora_tuahiniensis_scaffold93	28	740158	740082	Arg	CCG	0	0	22.1	pseudo
Pocillopora_tuahiniensis_scaffold93	29	656584	656512	Thr	GGT	0	0	69.5	
Pocillopora_tuahiniensis_scaffold93	30	583114	583042	Thr	GGT	0	0	49.7	pseudo
Pocillopora_tuahiniensis_scaffold93	31	322498	322426	Undet	NNN	0	0	47.6	pseudo
Pocillopora_tuahiniensis_scaffold93	32	202181	202109	Thr	GGT	0	0	64.0	
Pocillopora_tuahiniensis_scaffold93	33	151857	151785	Thr	GGT	0	0	65.7	
Pocillopora_tuahiniensis_scaffold93	34	75318 	75245 	Thr	AGT	0	0	29.6	
Pocillopora_tuahiniensis_scaffold94	1	61164 	61235 	Undet	NNN	0	0	24.0	pseudo
Pocillopora_tuahiniensis_scaffold94	2	522984	523058	Thr	GGT	0	0	58.9	
Pocillopora_tuahiniensis_scaffold94	3	523230	523302	Thr	GGT	0	0	62.5	
Pocillopora_tuahiniensis_scaffold94	4	650951	651023	Thr	GGT	0	0	61.3	
Pocillopora_tuahiniensis_scaffold94	5	670140	670212	Thr	GGT	0	0	24.2	pseudo
Pocillopora_tuahiniensis_scaffold94	6	679247	679175	Thr	GGT	0	0	63.2	
Pocillopora_tuahiniensis_scaffold94	7	678999	678927	Thr	GGT	0	0	63.7	
Pocillopora_tuahiniensis_scaffold94	8	676435	676362	Arg	GCG	0	0	20.8	pseudo
Pocillopora_tuahiniensis_scaffold94	9	650734	650662	Thr	GGT	0	0	45.9	pseudo
Pocillopora_tuahiniensis_scaffold94	10	238898	238826	Thr	GGT	0	0	64.1	
Pocillopora_tuahiniensis_scaffold95	1	258148	258219	His	ATG	0	0	42.0	
Pocillopora_tuahiniensis_scaffold95	2	366733	366805	Thr	GGT	0	0	64.1	
Pocillopora_tuahiniensis_scaffold95	3	484985	485056	Thr	GGT	0	0	34.7	pseudo
Pocillopora_tuahiniensis_scaffold95	4	685220	685280	Undet	NNN	0	0	51.7	
Pocillopora_tuahiniensis_scaffold95	5	1273349	1273421	Ile	GAT	0	0	67.5	
Pocillopora_tuahiniensis_scaffold95	6	1273595	1273667	Thr	GGT	0	0	43.6	pseudo
Pocillopora_tuahiniensis_scaffold95	7	1281579	1281650	Arg	ACG	0	0	34.2	pseudo
Pocillopora_tuahiniensis_scaffold95	8	1336585	1336657	Arg	GCG	0	0	23.1	pseudo
Pocillopora_tuahiniensis_scaffold95	9	1344363	1344435	Thr	GGT	0	0	65.0	
Pocillopora_tuahiniensis_scaffold95	10	1077363	1077291	Thr	TGT	0	0	53.1	
Pocillopora_tuahiniensis_scaffold95	11	734398	734326	Thr	TGT	0	0	42.8	
Pocillopora_tuahiniensis_scaffold95	12	685101	685029	Arg	GCG	0	0	32.7	
Pocillopora_tuahiniensis_scaffold95	13	503616	503544	Thr	AGT	0	0	61.8	
Pocillopora_tuahiniensis_scaffold95	14	503365	503293	Asn	ATT	0	0	56.5	
Pocillopora_tuahiniensis_scaffold95	15	347841	347770	Leu	CAG	0	0	43.9	
Pocillopora_tuahiniensis_scaffold95	16	270093	270021	Thr	GGT	0	0	64.1	
Pocillopora_tuahiniensis_scaffold95	17	269847	269775	Thr	GGT	0	0	66.9	
Pocillopora_tuahiniensis_scaffold95	18	197044	196972	Ser	GCT	0	0	33.3	pseudo
Pocillopora_tuahiniensis_scaffold95	19	164728	164656	Arg	GCG	0	0	34.4	pseudo
Pocillopora_tuahiniensis_scaffold95	20	137016	136944	Thr	GGT	0	0	60.9	
Pocillopora_tuahiniensis_scaffold96	1	222006	222079	Thr	TGT	0	0	29.2	pseudo
Pocillopora_tuahiniensis_scaffold96	2	290680	290750	Sup	TCA	0	0	30.2	pseudo
Pocillopora_tuahiniensis_scaffold96	3	561896	561982	Tyr	GTA	561933	561946	78.0	
Pocillopora_tuahiniensis_scaffold96	4	730273	730202	Gly	ACC	0	0	22.1	pseudo
Pocillopora_tuahiniensis_scaffold96	5	406346	406274	Ser	CGA	0	0	24.2	pseudo
Pocillopora_tuahiniensis_scaffold97	1	58346 	58420 	Thr	GGT	0	0	48.4	
Pocillopora_tuahiniensis_scaffold97	2	166704	166778	Pro	CGG	0	0	31.7	
Pocillopora_tuahiniensis_scaffold97	3	259733	259805	Thr	GGT	0	0	65.6	
Pocillopora_tuahiniensis_scaffold97	4	460551	460623	Thr	GGT	0	0	22.0	pseudo
Pocillopora_tuahiniensis_scaffold97	5	473308	473380	Thr	GGT	0	0	53.6	pseudo
Pocillopora_tuahiniensis_scaffold97	6	489511	489440	Asp	GTC	0	0	68.0	
Pocillopora_tuahiniensis_scaffold97	7	467214	467142	Thr	AGT	0	0	68.2	
Pocillopora_tuahiniensis_scaffold97	8	202564	202481	Thr	GGT	0	0	31.5	pseudo
Pocillopora_tuahiniensis_scaffold97	9	116774	116702	Thr	GGT	0	0	51.9	pseudo
Pocillopora_tuahiniensis_scaffold98	1	2932  	3004  	Arg	GCG	0	0	49.9	
Pocillopora_tuahiniensis_scaffold98	2	37575 	37647 	Thr	GGT	0	0	67.0	
Pocillopora_tuahiniensis_scaffold98	3	37823 	37895 	Thr	GGT	0	0	59.1	
Pocillopora_tuahiniensis_scaffold98	4	530344	530416	Thr	GGT	0	0	64.1	
Pocillopora_tuahiniensis_scaffold98	5	135963	135891	His	GTG	0	0	25.6	pseudo
Pocillopora_tuahiniensis_scaffold98	6	135720	135646	His	ATG	0	0	31.4	
Pocillopora_tuahiniensis_scaffold99	1	174392	174464	Arg	GCG	0	0	51.5	pseudo
Pocillopora_tuahiniensis_scaffold99	2	237662	237599	Thr	TGT	0	0	20.4	pseudo
Pocillopora_tuahiniensis_scaffold99	3	174259	174187	Arg	GCG	0	0	42.5	
Pocillopora_tuahiniensis_scaffold99	4	173998	173926	Arg	GCG	0	0	25.1	
Pocillopora_tuahiniensis_scaffold100	1	443724	443798	Arg	GCG	0	0	20.3	pseudo
Pocillopora_tuahiniensis_scaffold100	2	576144	576205	Leu	CAA	0	0	23.6	
Pocillopora_tuahiniensis_scaffold100	3	1081893	1081965	Thr	GGT	0	0	33.4	pseudo
Pocillopora_tuahiniensis_scaffold100	4	1156393	1156465	Thr	GGT	0	0	26.1	pseudo
Pocillopora_tuahiniensis_scaffold100	5	1382864	1382936	Thr	GGT	0	0	47.4	
Pocillopora_tuahiniensis_scaffold100	6	1421610	1421682	Thr	GGT	0	0	42.4	pseudo
Pocillopora_tuahiniensis_scaffold100	7	1382031	1381959	Thr	GGT	0	0	48.1	
Pocillopora_tuahiniensis_scaffold100	8	570561	570489	Thr	GGT	0	0	65.4	
Pocillopora_tuahiniensis_scaffold100	9	508359	508287	His	GTG	0	0	35.8	
Pocillopora_tuahiniensis_scaffold100	10	405161	405089	Thr	GGT	0	0	46.8	pseudo
Pocillopora_tuahiniensis_scaffold100	11	322590	322518	Arg	GCG	0	0	31.9	pseudo
Pocillopora_tuahiniensis_scaffold100	12	77797 	77725 	Thr	GGT	0	0	66.0	
Pocillopora_tuahiniensis_scaffold101	1	271917	271989	Thr	AGT	0	0	37.5	pseudo
Pocillopora_tuahiniensis_scaffold101	2	62365 	62290 	Undet	NNN	0	0	24.0	pseudo
Pocillopora_tuahiniensis_scaffold102	1	47831 	47903 	Undet	NNN	0	0	41.7	
Pocillopora_tuahiniensis_scaffold102	2	350663	350735	Thr	CGT	0	0	38.9	
Pocillopora_tuahiniensis_scaffold102	3	636569	636643	Thr	TGT	0	0	35.9	
Pocillopora_tuahiniensis_scaffold102	4	657879	657951	Arg	GCG	0	0	27.9	
Pocillopora_tuahiniensis_scaffold102	5	762694	762770	Thr	GGT	0	0	23.7	pseudo
Pocillopora_tuahiniensis_scaffold102	6	880507	880579	His	GTG	0	0	39.1	
Pocillopora_tuahiniensis_scaffold102	7	802449	802377	Thr	GGT	0	0	50.0	pseudo
Pocillopora_tuahiniensis_scaffold102	8	700473	700401	Thr	GGT	0	0	50.8	pseudo
Pocillopora_tuahiniensis_scaffold102	9	350458	350386	Thr	TGT	0	0	27.0	pseudo
Pocillopora_tuahiniensis_scaffold102	10	10485 	10413 	Pro	TGG	0	0	44.2	
Pocillopora_tuahiniensis_scaffold103	1	189952	190033	Ser	GCT	0	0	90.9	
Pocillopora_tuahiniensis_scaffold103	2	311858	311930	Thr	GGT	0	0	51.7	
Pocillopora_tuahiniensis_scaffold103	3	207772	207700	Cys	GCA	0	0	49.4	
Pocillopora_tuahiniensis_scaffold103	4	200338	200266	Thr	GGT	0	0	28.7	pseudo
Pocillopora_tuahiniensis_scaffold103	5	160958	160877	Ser	GCT	0	0	90.9	
Pocillopora_tuahiniensis_scaffold103	6	135109	135028	Ser	GCT	0	0	90.9	
Pocillopora_tuahiniensis_scaffold103	7	119189	119117	Thr	GGT	0	0	27.1	pseudo
Pocillopora_tuahiniensis_scaffold103	8	86474 	86402 	Arg	ACG	0	0	40.4	
Pocillopora_tuahiniensis_scaffold103	9	84476 	84404 	Thr	GGT	0	0	62.2	
Pocillopora_tuahiniensis_scaffold103	10	84228 	84156 	Thr	GGT	0	0	50.4	pseudo
Pocillopora_tuahiniensis_scaffold103	11	59280 	59208 	Thr	GGT	0	0	58.3	
Pocillopora_tuahiniensis_scaffold103	12	59035 	58963 	Thr	GGT	0	0	51.5	
Pocillopora_tuahiniensis_scaffold103	13	58790 	58718 	Thr	GGT	0	0	55.8	
Pocillopora_tuahiniensis_scaffold103	14	28333 	28261 	Thr	GGT	0	0	58.3	
Pocillopora_tuahiniensis_scaffold103	15	28088 	28016 	Thr	GGT	0	0	55.8	
Pocillopora_tuahiniensis_scaffold104	1	293612	293675	Undet	NNN	0	0	37.7	
Pocillopora_tuahiniensis_scaffold104	2	355323	355395	Thr	GGT	0	0	55.3	
Pocillopora_tuahiniensis_scaffold105	1	310965	311037	Thr	GGT	0	0	48.8	pseudo
Pocillopora_tuahiniensis_scaffold105	2	476605	476677	Thr	GGT	0	0	30.9	pseudo
Pocillopora_tuahiniensis_scaffold105	3	476858	476930	Thr	GGT	0	0	58.5	
Pocillopora_tuahiniensis_scaffold105	4	477111	477183	Thr	GGT	0	0	20.0	pseudo
Pocillopora_tuahiniensis_scaffold105	5	539876	539808	Thr	GGT	0	0	32.2	pseudo
Pocillopora_tuahiniensis_scaffold105	6	310915	310843	Thr	GGT	0	0	58.7	
Pocillopora_tuahiniensis_scaffold105	7	69221 	69143 	Arg	GCG	0	0	22.4	
Pocillopora_tuahiniensis_scaffold105	8	13153 	13081 	Pro	CGG	0	0	22.9	pseudo
Pocillopora_tuahiniensis_scaffold106	1	235591	235663	Thr	GGT	0	0	68.2	
Pocillopora_tuahiniensis_scaffold106	2	326380	326452	Thr	GGT	0	0	60.0	
Pocillopora_tuahiniensis_scaffold106	3	518627	518702	Thr	AGT	0	0	32.2	pseudo
Pocillopora_tuahiniensis_scaffold106	4	525556	525631	Thr	AGT	0	0	31.0	pseudo
Pocillopora_tuahiniensis_scaffold106	5	560608	560678	Thr	GGT	0	0	24.5	pseudo
Pocillopora_tuahiniensis_scaffold106	6	560492	560420	Ile	GAT	0	0	27.0	pseudo
Pocillopora_tuahiniensis_scaffold106	7	301903	301831	Thr	GGT	0	0	53.1	pseudo
Pocillopora_tuahiniensis_scaffold106	8	38137 	38065 	Ile	GAT	0	0	24.7	
Pocillopora_tuahiniensis_scaffold106	9	37872 	37800 	Thr	GGT	0	0	66.5	
Pocillopora_tuahiniensis_scaffold107	1	317582	317654	Thr	GGT	0	0	57.5	
Pocillopora_tuahiniensis_scaffold107	2	367136	367208	Thr	GGT	0	0	50.3	
Pocillopora_tuahiniensis_scaffold107	3	488793	488876	Leu	TAA	0	0	82.1	
Pocillopora_tuahiniensis_scaffold107	4	662977	663049	Thr	GGT	0	0	64.1	
Pocillopora_tuahiniensis_scaffold107	5	952264	952336	Undet	NNN	0	0	44.8	
Pocillopora_tuahiniensis_scaffold107	6	1026914	1026986	Thr	GGT	0	0	42.1	pseudo
Pocillopora_tuahiniensis_scaffold107	7	1083897	1083969	Thr	GGT	0	0	64.3	
Pocillopora_tuahiniensis_scaffold107	8	1158138	1158066	Thr	GGT	0	0	69.5	
Pocillopora_tuahiniensis_scaffold107	9	1106243	1106171	Thr	GGT	0	0	64.1	
Pocillopora_tuahiniensis_scaffold107	10	1008105	1008033	Thr	TGT	0	0	67.3	
Pocillopora_tuahiniensis_scaffold107	11	988325	988253	Thr	GGT	0	0	47.0	pseudo
Pocillopora_tuahiniensis_scaffold107	12	846349	846277	Arg	CCG	0	0	23.1	pseudo
Pocillopora_tuahiniensis_scaffold107	13	707740	707668	His	GTG	0	0	43.9	
Pocillopora_tuahiniensis_scaffold107	14	602867	602795	Thr	AGT	0	0	22.4	pseudo
Pocillopora_tuahiniensis_scaffold107	15	519519	519423	Asn	GTT	519482	519459	21.8	pseudo
Pocillopora_tuahiniensis_scaffold108	1	134353	134425	Thr	GGT	0	0	58.3	
Pocillopora_tuahiniensis_scaffold108	2	333744	333816	Cys	GCA	0	0	36.3	
Pocillopora_tuahiniensis_scaffold108	3	445744	445816	Ile	GAT	0	0	53.9	
Pocillopora_tuahiniensis_scaffold108	4	527779	527852	Asn	GTT	0	0	80.6	
Pocillopora_tuahiniensis_scaffold108	5	535213	535282	Ser	GCT	0	0	20.4	pseudo
Pocillopora_tuahiniensis_scaffold108	6	590338	590410	Thr	AGT	0	0	28.7	pseudo
Pocillopora_tuahiniensis_scaffold108	7	605780	605858	Ser	CGA	0	0	29.0	pseudo
Pocillopora_tuahiniensis_scaffold108	8	998621	998695	Thr	AGT	0	0	26.2	pseudo
Pocillopora_tuahiniensis_scaffold108	9	1034651	1034723	Thr	GGT	0	0	57.6	
Pocillopora_tuahiniensis_scaffold108	10	1034905	1034977	Thr	GGT	0	0	54.5	
Pocillopora_tuahiniensis_scaffold108	11	1094525	1094596	Pro	CGG	0	0	27.5	pseudo
Pocillopora_tuahiniensis_scaffold108	12	1248607	1248682	Thr	GGT	0	0	40.1	pseudo
Pocillopora_tuahiniensis_scaffold108	13	1311445	1311522	Thr	CGT	0	0	26.3	pseudo
Pocillopora_tuahiniensis_scaffold108	14	1538216	1538288	Thr	GGT	0	0	52.3	
Pocillopora_tuahiniensis_scaffold108	15	1785071	1785142	Ser	ACT	0	0	21.5	pseudo
Pocillopora_tuahiniensis_scaffold108	16	1854545	1854619	Thr	TGT	0	0	26.8	pseudo
Pocillopora_tuahiniensis_scaffold108	17	2025395	2025467	Thr	GGT	0	0	67.3	
Pocillopora_tuahiniensis_scaffold108	18	2043450	2043520	Thr	GGT	0	0	41.4	
Pocillopora_tuahiniensis_scaffold108	19	2206089	2206163	Thr	TGT	0	0	32.7	pseudo
Pocillopora_tuahiniensis_scaffold108	20	2385901	2385973	Thr	GGT	0	0	61.2	
Pocillopora_tuahiniensis_scaffold108	21	3129218	3129290	Lys	CTT	0	0	87.8	
Pocillopora_tuahiniensis_scaffold108	22	3451523	3451600	Thr	GGT	0	0	49.3	
Pocillopora_tuahiniensis_scaffold108	23	3451355	3451284	Undet	NNN	0	0	34.9	pseudo
Pocillopora_tuahiniensis_scaffold108	24	2802920	2802821	Arg	CCT	2802883	2802857	63.6	
Pocillopora_tuahiniensis_scaffold108	25	2686573	2686501	Thr	AGT	0	0	61.0	
Pocillopora_tuahiniensis_scaffold108	26	2598639	2598567	Arg	CCG	0	0	36.2	pseudo
Pocillopora_tuahiniensis_scaffold108	27	2135606	2135534	Val	AAC	0	0	82.2	
Pocillopora_tuahiniensis_scaffold108	28	2133686	2133615	Glu	CTC	0	0	70.6	
Pocillopora_tuahiniensis_scaffold108	29	1835073	1835001	Pro	TGG	0	0	31.5	pseudo
Pocillopora_tuahiniensis_scaffold108	30	1742756	1742680	Thr	GGT	0	0	32.6	pseudo
Pocillopora_tuahiniensis_scaffold108	31	1023394	1023322	Ile	GAT	0	0	31.4	pseudo
Pocillopora_tuahiniensis_scaffold108	32	914375	914304	Undet	NNN	0	0	41.4	
Pocillopora_tuahiniensis_scaffold108	33	717347	717276	Cys	GCA	0	0	52.6	
Pocillopora_tuahiniensis_scaffold108	34	402210	402135	Thr	GGT	0	0	46.5	pseudo
Pocillopora_tuahiniensis_scaffold109	1	57997 	58070 	Undet	NNN	0	0	35.2	pseudo
Pocillopora_tuahiniensis_scaffold109	2	900959	901031	Ile	AAT	0	0	55.8	
Pocillopora_tuahiniensis_scaffold109	3	906682	906753	Thr	AGT	0	0	62.1	
Pocillopora_tuahiniensis_scaffold109	4	915561	915633	Thr	AGT	0	0	39.3	pseudo
Pocillopora_tuahiniensis_scaffold109	5	921412	921490	Thr	AGT	0	0	42.0	
Pocillopora_tuahiniensis_scaffold109	6	1129019	1129075	Undet	NNN	0	0	42.7	pseudo
Pocillopora_tuahiniensis_scaffold109	7	1389411	1389485	Thr	GGT	0	0	26.5	pseudo
Pocillopora_tuahiniensis_scaffold109	8	1569052	1569127	Gln	CTG	0	0	20.5	pseudo
Pocillopora_tuahiniensis_scaffold109	9	1706885	1706956	Arg	GCG	0	0	28.5	pseudo
Pocillopora_tuahiniensis_scaffold109	10	1759458	1759539	Ser	AGA	0	0	89.6	
Pocillopora_tuahiniensis_scaffold109	11	2201808	2201880	Arg	ACG	0	0	27.8	
Pocillopora_tuahiniensis_scaffold109	12	2362303	2362375	Lys	CTT	0	0	87.8	
Pocillopora_tuahiniensis_scaffold109	13	2364879	2364955	Asn	ATT	0	0	47.6	pseudo
Pocillopora_tuahiniensis_scaffold109	14	3015989	3016063	Thr	TGT	0	0	26.8	pseudo
Pocillopora_tuahiniensis_scaffold109	15	3093449	3093511	Leu	CAA	0	0	20.0	pseudo
Pocillopora_tuahiniensis_scaffold109	16	3224264	3224192	Thr	AGT	0	0	38.9	pseudo
Pocillopora_tuahiniensis_scaffold109	17	3202828	3202756	Arg	GCG	0	0	26.5	
Pocillopora_tuahiniensis_scaffold109	18	3106317	3106220	Ile	GAT	3106280	3106256	69.4	
Pocillopora_tuahiniensis_scaffold109	19	2882699	2882365	Arg	GCG	2882663	2882401	49.2	
Pocillopora_tuahiniensis_scaffold109	20	2691155	2691083	Thr	AGT	0	0	52.2	pseudo
Pocillopora_tuahiniensis_scaffold109	21	2501336	2501250	SeC	TCA	0	0	137.7	
Pocillopora_tuahiniensis_scaffold109	22	2464499	2464427	Lys	CTT	0	0	87.8	
Pocillopora_tuahiniensis_scaffold109	23	2463657	2463585	Lys	CTT	0	0	87.8	
Pocillopora_tuahiniensis_scaffold109	24	2360799	2360727	Lys	CTT	0	0	87.8	
Pocillopora_tuahiniensis_scaffold109	25	2359621	2359549	Lys	CTT	0	0	80.8	
Pocillopora_tuahiniensis_scaffold109	26	2358786	2358714	Lys	CTT	0	0	87.8	
Pocillopora_tuahiniensis_scaffold109	27	2264186	2264105	Leu	TAG	0	0	70.4	
Pocillopora_tuahiniensis_scaffold109	28	1925458	1925386	Lys	CTT	0	0	87.8	
Pocillopora_tuahiniensis_scaffold109	29	1924217	1924145	Lys	CTT	0	0	87.8	
Pocillopora_tuahiniensis_scaffold109	30	1392842	1392766	Arg	CCG	0	0	37.0	pseudo
Pocillopora_tuahiniensis_scaffold109	31	1161025	1160953	Thr	GGT	0	0	46.6	pseudo
Pocillopora_tuahiniensis_scaffold109	32	976876	976804	Thr	AGT	0	0	22.5	pseudo
Pocillopora_tuahiniensis_scaffold109	33	657932	657860	Thr	GGT	0	0	61.4	
Pocillopora_tuahiniensis_scaffold109	34	331454	331382	Thr	AGT	0	0	52.0	pseudo
Pocillopora_tuahiniensis_scaffold109	35	276016	275936	Gln	CTG	0	0	21.1	pseudo
Pocillopora_tuahiniensis_scaffold110	1	45462 	45528 	Thr	AGT	0	0	28.4	pseudo
Pocillopora_tuahiniensis_scaffold110	2	101203	101263	Thr	GGT	0	0	27.3	
Pocillopora_tuahiniensis_scaffold110	3	101448	101520	Thr	GGT	0	0	28.9	pseudo
Pocillopora_tuahiniensis_scaffold110	4	215471	215543	Pro	CGG	0	0	31.7	pseudo
Pocillopora_tuahiniensis_scaffold110	5	352051	352133	Thr	AGT	0	0	30.0	pseudo
Pocillopora_tuahiniensis_scaffold110	6	635864	635935	Thr	GGT	0	0	32.1	pseudo
Pocillopora_tuahiniensis_scaffold110	7	638195	638268	Undet	NNN	0	0	39.1	
Pocillopora_tuahiniensis_scaffold110	8	987980	988052	Arg	CCG	0	0	36.6	pseudo
Pocillopora_tuahiniensis_scaffold110	9	1060687	1060759	Arg	GCG	0	0	24.0	pseudo
Pocillopora_tuahiniensis_scaffold110	10	1098695	1098768	Thr	TGT	0	0	21.0	pseudo
Pocillopora_tuahiniensis_scaffold110	11	1228175	1228246	Thr	GGT	0	0	38.6	pseudo
Pocillopora_tuahiniensis_scaffold110	12	1293227	1293301	Arg	GCG	0	0	30.5	
Pocillopora_tuahiniensis_scaffold110	13	1358861	1358934	Undet	NNN	0	0	46.6	pseudo
Pocillopora_tuahiniensis_scaffold110	14	1367069	1367141	Thr	GGT	0	0	69.5	
Pocillopora_tuahiniensis_scaffold110	15	1397278	1397350	Thr	GGT	0	0	60.5	
Pocillopora_tuahiniensis_scaffold110	16	1398710	1398782	Val	GAC	0	0	23.1	pseudo
Pocillopora_tuahiniensis_scaffold110	17	1426757	1426829	Thr	GGT	0	0	57.6	
Pocillopora_tuahiniensis_scaffold110	18	2006957	2007029	Thr	GGT	0	0	69.5	
Pocillopora_tuahiniensis_scaffold110	19	2015430	2015502	Thr	AGT	0	0	24.6	pseudo
Pocillopora_tuahiniensis_scaffold110	20	2400369	2400441	Ile	GAT	0	0	64.1	
Pocillopora_tuahiniensis_scaffold110	21	2400346	2400274	Thr	GGT	0	0	64.1	
Pocillopora_tuahiniensis_scaffold110	22	2349420	2349347	Thr	GGT	0	0	33.6	pseudo
Pocillopora_tuahiniensis_scaffold110	23	1673302	1673237	Thr	GGT	0	0	22.1	pseudo
Pocillopora_tuahiniensis_scaffold110	24	1612238	1612161	Thr	GGT	0	0	37.9	pseudo
Pocillopora_tuahiniensis_scaffold110	25	1367045	1366973	Thr	GGT	0	0	52.9	
Pocillopora_tuahiniensis_scaffold110	26	1020767	1020695	Pro	TGG	0	0	40.9	
Pocillopora_tuahiniensis_scaffold110	27	782063	781991	Arg	GCG	0	0	39.6	
Pocillopora_tuahiniensis_scaffold110	28	756480	756408	Pro	CGG	0	0	40.9	pseudo
Pocillopora_tuahiniensis_scaffold110	29	532111	532040	Undet	NNN	0	0	43.1	
Pocillopora_tuahiniensis_scaffold110	30	265449	265377	Arg	ACG	0	0	43.2	
Pocillopora_tuahiniensis_scaffold110	31	259588	259516	Arg	ACG	0	0	43.2	
Pocillopora_tuahiniensis_scaffold111	1	296384	296456	Thr	GGT	0	0	67.8	
Pocillopora_tuahiniensis_scaffold111	2	840584	840642	Ser	CGA	0	0	20.4	pseudo
Pocillopora_tuahiniensis_scaffold111	3	469024	468952	Ile	AAT	0	0	39.7	pseudo
Pocillopora_tuahiniensis_scaffold111	4	326282	326210	Thr	GGT	0	0	64.1	
Pocillopora_tuahiniensis_scaffold112	1	59438 	59510 	Arg	CCG	0	0	33.0	pseudo
Pocillopora_tuahiniensis_scaffold112	2	71405 	71477 	Arg	GCG	0	0	58.6	
Pocillopora_tuahiniensis_scaffold112	3	134689	134761	Thr	GGT	0	0	69.5	
Pocillopora_tuahiniensis_scaffold112	4	195389	195461	Thr	GGT	0	0	53.7	
Pocillopora_tuahiniensis_scaffold112	5	285907	285979	Undet	NNN	0	0	40.3	pseudo
Pocillopora_tuahiniensis_scaffold112	6	41132 	41063 	Ser	GCT	0	0	20.4	pseudo
Pocillopora_tuahiniensis_scaffold113	1	48809 	48884 	Ala	GGC	0	0	65.7	
Pocillopora_tuahiniensis_scaffold113	2	432076	432148	Thr	GGT	0	0	50.3	pseudo
Pocillopora_tuahiniensis_scaffold113	3	539444	539516	Thr	GGT	0	0	53.1	pseudo
Pocillopora_tuahiniensis_scaffold113	4	642867	642940	Thr	GGT	0	0	20.1	pseudo
Pocillopora_tuahiniensis_scaffold113	5	686014	686087	Thr	GGT	0	0	29.6	pseudo
Pocillopora_tuahiniensis_scaffold113	6	688530	688602	Leu	CAG	0	0	28.2	pseudo
Pocillopora_tuahiniensis_scaffold113	7	955512	955584	Thr	GGT	0	0	60.3	
Pocillopora_tuahiniensis_scaffold113	8	962156	962228	Ser	GGA	0	0	40.3	pseudo
Pocillopora_tuahiniensis_scaffold113	9	1281855	1281927	Thr	GGT	0	0	56.9	
Pocillopora_tuahiniensis_scaffold113	10	1282101	1282173	Thr	GGT	0	0	56.7	
Pocillopora_tuahiniensis_scaffold113	11	1282347	1282419	Thr	GGT	0	0	64.5	
Pocillopora_tuahiniensis_scaffold113	12	1456519	1456446	Arg	GCG	0	0	25.2	pseudo
Pocillopora_tuahiniensis_scaffold113	13	1456273	1456201	Pro	CGG	0	0	27.0	pseudo
Pocillopora_tuahiniensis_scaffold113	14	1293593	1293521	Thr	GGT	0	0	36.9	
Pocillopora_tuahiniensis_scaffold113	15	1193707	1193635	Pro	CGG	0	0	27.0	pseudo
Pocillopora_tuahiniensis_scaffold113	16	225197	225125	Thr	AGT	0	0	27.0	pseudo
Pocillopora_tuahiniensis_scaffold113	17	224968	224895	Pro	CGG	0	0	24.1	pseudo
Pocillopora_tuahiniensis_scaffold113	18	48667 	48595 	Thr	GGT	0	0	20.2	pseudo
Pocillopora_tuahiniensis_scaffold114	1	463368	463439	Thr	AGT	0	0	25.2	pseudo
Pocillopora_tuahiniensis_scaffold114	2	637572	637643	Gln	TTG	0	0	70.7	
Pocillopora_tuahiniensis_scaffold114	3	1111708	1111780	Thr	GGT	0	0	52.2	
Pocillopora_tuahiniensis_scaffold114	4	1127422	1127350	Undet	NNN	0	0	23.7	pseudo
Pocillopora_tuahiniensis_scaffold114	5	1111561	1111489	Asn	GTT	0	0	29.6	pseudo
Pocillopora_tuahiniensis_scaffold114	6	1083514	1083442	Thr	GGT	0	0	34.4	pseudo
Pocillopora_tuahiniensis_scaffold114	7	639551	639480	Gln	CTG	0	0	72.5	
Pocillopora_tuahiniensis_scaffold114	8	638302	638231	Gln	TTG	0	0	72.6	
Pocillopora_tuahiniensis_scaffold114	9	397524	397452	Thr	GGT	0	0	42.3	pseudo
Pocillopora_tuahiniensis_scaffold114	10	376851	376779	Thr	GGT	0	0	42.3	pseudo
Pocillopora_tuahiniensis_scaffold114	11	267359	267287	Pro	GGG	0	0	28.3	pseudo
Pocillopora_tuahiniensis_scaffold114	12	157545	157474	His	GTG	0	0	26.4	pseudo
Pocillopora_tuahiniensis_scaffold114	13	103887	103776	Ile	TAT	103849	103812	72.0	
Pocillopora_tuahiniensis_scaffold115	1	196609	196681	Thr	GGT	0	0	69.5	
Pocillopora_tuahiniensis_scaffold115	2	704661	704593	Undet	NNN	0	0	52.5	pseudo
Pocillopora_tuahiniensis_scaffold115	3	653529	653456	Ser	ACT	653492	653490	39.2	pseudo
Pocillopora_tuahiniensis_scaffold115	4	563288	563216	Ser	ACT	0	0	28.5	pseudo
Pocillopora_tuahiniensis_scaffold115	5	431562	431490	Arg	CCG	0	0	29.8	pseudo
Pocillopora_tuahiniensis_scaffold115	6	347965	347893	Leu	CAG	0	0	28.7	pseudo
Pocillopora_tuahiniensis_scaffold115	7	327927	327853	Arg	CCG	0	0	23.2	pseudo
Pocillopora_tuahiniensis_scaffold116	1	307902	307973	Ser	ACT	0	0	21.8	pseudo
Pocillopora_tuahiniensis_scaffold116	2	337881	337952	Gln	CTG	0	0	24.0	pseudo
Pocillopora_tuahiniensis_scaffold116	3	452357	452428	Gln	CTG	0	0	37.5	pseudo
Pocillopora_tuahiniensis_scaffold116	4	1107207	1107279	Thr	GGT	0	0	42.9	
Pocillopora_tuahiniensis_scaffold116	5	1123632	1123704	Thr	GGT	0	0	27.2	pseudo
Pocillopora_tuahiniensis_scaffold116	6	1150047	1150119	Pro	CGG	0	0	28.8	
Pocillopora_tuahiniensis_scaffold117	1	734653	734726	Ser	GCT	0	0	42.6	pseudo
Pocillopora_tuahiniensis_scaffold117	2	923989	924061	Thr	GGT	0	0	69.5	
Pocillopora_tuahiniensis_scaffold117	3	924238	924310	Thr	GGT	0	0	72.3	
Pocillopora_tuahiniensis_scaffold117	4	817812	817740	His	GTG	0	0	34.8	pseudo
Pocillopora_tuahiniensis_scaffold117	5	561919	561847	Thr	GGT	0	0	61.1	
Pocillopora_tuahiniensis_scaffold118	1	47470 	47542 	Thr	AGT	0	0	28.3	pseudo
Pocillopora_tuahiniensis_scaffold118	2	539108	539182	Ser	ACT	0	0	28.7	pseudo
Pocillopora_tuahiniensis_scaffold118	3	649121	649193	Thr	GGT	0	0	55.5	
Pocillopora_tuahiniensis_scaffold118	4	661717	661789	Thr	GGT	0	0	55.4	
Pocillopora_tuahiniensis_scaffold118	5	727794	727867	Thr	GGT	0	0	30.0	pseudo
Pocillopora_tuahiniensis_scaffold118	6	760757	760832	Ala	GGC	0	0	58.0	
Pocillopora_tuahiniensis_scaffold118	7	760615	760543	Thr	GGT	0	0	20.2	pseudo
Pocillopora_tuahiniensis_scaffold118	8	647554	647482	Thr	GGT	0	0	53.0	pseudo
Pocillopora_tuahiniensis_scaffold118	9	647302	647230	Thr	GGT	0	0	40.9	pseudo
Pocillopora_tuahiniensis_scaffold118	10	644328	644253	Ser	GCT	0	0	22.6	pseudo
Pocillopora_tuahiniensis_scaffold118	11	462301	462229	Thr	GGT	0	0	64.1	
Pocillopora_tuahiniensis_scaffold118	12	71348 	71276 	Ser	GCT	0	0	32.0	pseudo
Pocillopora_tuahiniensis_scaffold118	13	31561 	31489 	Thr	AGT	0	0	37.5	pseudo
Pocillopora_tuahiniensis_scaffold118	14	9277  	9205  	Thr	AGT	0	0	36.9	pseudo
Pocillopora_tuahiniensis_scaffold118	15	109   	37    	Thr	GGT	0	0	46.5	
Pocillopora_tuahiniensis_scaffold119	1	287072	287144	Thr	GGT	0	0	51.2	
Pocillopora_tuahiniensis_scaffold119	2	293460	293533	Thr	GGT	0	0	49.3	
Pocillopora_tuahiniensis_scaffold119	3	394318	394390	Thr	AGT	0	0	74.3	
Pocillopora_tuahiniensis_scaffold119	4	416032	416104	Thr	AGT	0	0	66.1	
Pocillopora_tuahiniensis_scaffold119	5	474694	474766	Thr	AGT	0	0	77.8	
Pocillopora_tuahiniensis_scaffold119	6	514325	514397	Arg	CCG	0	0	26.3	pseudo
Pocillopora_tuahiniensis_scaffold119	7	499612	499540	Arg	GCG	0	0	55.4	
Pocillopora_tuahiniensis_scaffold119	8	441716	441644	Arg	GCG	0	0	52.7	
Pocillopora_tuahiniensis_scaffold120	1	109491	109563	Thr	GGT	0	0	46.3	pseudo
Pocillopora_tuahiniensis_scaffold120	2	62917 	62846 	Cys	ACA	0	0	56.8	
Pocillopora_tuahiniensis_scaffold121	1	353468	353540	Thr	GGT	0	0	32.7	pseudo
Pocillopora_tuahiniensis_scaffold121	2	472180	472252	Arg	GCG	0	0	35.9	
Pocillopora_tuahiniensis_scaffold121	3	645283	645355	Thr	AGT	0	0	32.8	
Pocillopora_tuahiniensis_scaffold121	4	676460	676532	Thr	AGT	0	0	40.0	pseudo
Pocillopora_tuahiniensis_scaffold121	5	1576756	1576827	Arg	GCG	0	0	27.7	
Pocillopora_tuahiniensis_scaffold121	6	1738929	1738857	Thr	GGT	0	0	71.2	
Pocillopora_tuahiniensis_scaffold121	7	1570098	1570017	Arg	GCG	0	0	28.4	pseudo
Pocillopora_tuahiniensis_scaffold121	8	1136490	1136418	Arg	GCG	0	0	36.7	pseudo
Pocillopora_tuahiniensis_scaffold121	9	942918	942845	Asn	ATT	0	0	20.7	pseudo
Pocillopora_tuahiniensis_scaffold121	10	353336	353264	Thr	GGT	0	0	40.4	pseudo
Pocillopora_tuahiniensis_scaffold121	11	322716	322598	Leu	CAA	322678	322644	73.0	
Pocillopora_tuahiniensis_scaffold121	12	267057	266985	Thr	GGT	0	0	31.1	pseudo
Pocillopora_tuahiniensis_scaffold121	13	222813	222742	Thr	GGT	0	0	55.7	
Pocillopora_tuahiniensis_scaffold121	14	208117	208046	Thr	GGT	0	0	56.5	
Pocillopora_tuahiniensis_scaffold122	1	480108	480180	Thr	GGT	0	0	59.8	
Pocillopora_tuahiniensis_scaffold122	2	862524	862596	Thr	GGT	0	0	45.1	pseudo
Pocillopora_tuahiniensis_scaffold122	3	1007710	1007782	Thr	GGT	0	0	56.4	
Pocillopora_tuahiniensis_scaffold122	4	573545	573456	Ala	TGC	0	0	27.4	pseudo
Pocillopora_tuahiniensis_scaffold122	5	296478	296402	Cys	ACA	0	0	24.5	pseudo
Pocillopora_tuahiniensis_scaffold122	6	273406	273325	Undet	NNN	0	0	29.7	pseudo
Pocillopora_tuahiniensis_scaffold122	7	237278	237212	Undet	NNN	0	0	42.9	pseudo
Pocillopora_tuahiniensis_scaffold122	8	62234 	62162 	Trp	CCA	0	0	34.6	pseudo
Pocillopora_tuahiniensis_scaffold123	1	487643	487715	Leu	CAG	0	0	39.9	
Pocillopora_tuahiniensis_scaffold123	2	1046461	1046533	Cys	GCA	0	0	45.0	
Pocillopora_tuahiniensis_scaffold123	3	1157068	1157140	Thr	GGT	0	0	23.4	pseudo
Pocillopora_tuahiniensis_scaffold123	4	1352487	1352559	Thr	AGT	0	0	66.7	
Pocillopora_tuahiniensis_scaffold123	5	1634712	1634785	Thr	GGT	0	0	21.4	
Pocillopora_tuahiniensis_scaffold123	6	2213425	2213497	Cys	GCA	0	0	27.4	pseudo
Pocillopora_tuahiniensis_scaffold123	7	2277849	2277777	Thr	GGT	0	0	57.5	
Pocillopora_tuahiniensis_scaffold123	8	2182586	2182514	Cys	GCA	0	0	28.4	pseudo
Pocillopora_tuahiniensis_scaffold123	9	1879051	1878958	Cys	GCA	1879015	1878994	26.7	
Pocillopora_tuahiniensis_scaffold123	10	1872181	1872109	Thr	GGT	0	0	62.9	
Pocillopora_tuahiniensis_scaffold123	11	1729447	1729375	Thr	AGT	0	0	48.9	pseudo
Pocillopora_tuahiniensis_scaffold123	12	1573962	1573890	Thr	GGT	0	0	64.1	
Pocillopora_tuahiniensis_scaffold123	13	1390376	1390305	Glu	CTC	0	0	70.6	
Pocillopora_tuahiniensis_scaffold123	14	1352273	1352201	Thr	GGT	0	0	58.2	
Pocillopora_tuahiniensis_scaffold123	15	1351815	1351743	Thr	GGT	0	0	72.3	
Pocillopora_tuahiniensis_scaffold123	16	1156819	1156735	Thr	AGT	0	0	20.2	pseudo
Pocillopora_tuahiniensis_scaffold123	17	1118554	1118489	Leu	CAA	0	0	33.6	pseudo
Pocillopora_tuahiniensis_scaffold123	18	1004885	1004813	Thr	AGT	0	0	39.3	
Pocillopora_tuahiniensis_scaffold123	19	771118	771044	Thr	GGT	0	0	39.4	pseudo
Pocillopora_tuahiniensis_scaffold123	20	475665	475591	Gly	ACC	0	0	23.8	pseudo
Pocillopora_tuahiniensis_scaffold123	21	472380	472308	Thr	GGT	0	0	49.1	
Pocillopora_tuahiniensis_scaffold123	22	10453 	10381 	Arg	GCG	0	0	50.4	
Pocillopora_tuahiniensis_scaffold124	1	83472 	83543 	Glu	TTC	0	0	72.4	
Pocillopora_tuahiniensis_scaffold124	2	515493	515562	Thr	GGT	0	0	32.4	pseudo
Pocillopora_tuahiniensis_scaffold124	3	664759	664840	Ser	GCT	0	0	90.9	
Pocillopora_tuahiniensis_scaffold124	4	725452	725533	Ser	GCT	0	0	90.9	
Pocillopora_tuahiniensis_scaffold124	5	733583	733664	Ser	GCT	0	0	90.9	
Pocillopora_tuahiniensis_scaffold124	6	820738	820810	His	ATG	0	0	32.6	
Pocillopora_tuahiniensis_scaffold124	7	828519	828591	Thr	GGT	0	0	36.5	pseudo
Pocillopora_tuahiniensis_scaffold124	8	828766	828838	Thr	GGT	0	0	32.0	pseudo
Pocillopora_tuahiniensis_scaffold124	9	1009270	1009342	Thr	GGT	0	0	38.9	pseudo
Pocillopora_tuahiniensis_scaffold124	10	1271235	1271297	Ser	GGA	0	0	23.0	pseudo
Pocillopora_tuahiniensis_scaffold124	11	1319771	1319843	Ile	GAT	0	0	72.2	
Pocillopora_tuahiniensis_scaffold124	12	1508479	1508552	Thr	GGT	1508511	1508514	25.7	pseudo
Pocillopora_tuahiniensis_scaffold124	13	1516888	1516959	Glu	TTC	0	0	72.4	
Pocillopora_tuahiniensis_scaffold124	14	1740234	1740305	Glu	TTC	0	0	72.4	
Pocillopora_tuahiniensis_scaffold124	15	1868504	1868576	Ile	GAT	0	0	27.0	pseudo
Pocillopora_tuahiniensis_scaffold124	16	1432074	1432007	Undet	NNN	0	0	27.0	pseudo
Pocillopora_tuahiniensis_scaffold124	17	1412673	1412602	Trp	CCA	0	0	76.7	
Pocillopora_tuahiniensis_scaffold124	18	1320878	1320806	Ala	CGC	0	0	60.9	
Pocillopora_tuahiniensis_scaffold124	19	1319428	1319356	Ala	AGC	0	0	61.3	
Pocillopora_tuahiniensis_scaffold124	20	1318747	1318675	Ala	TGC	0	0	58.2	
Pocillopora_tuahiniensis_scaffold124	21	1191797	1191726	Arg	CCG	0	0	21.7	pseudo
Pocillopora_tuahiniensis_scaffold124	22	1009085	1009013	Thr	AGT	0	0	73.1	
Pocillopora_tuahiniensis_scaffold124	23	317635	317563	Cys	ACA	0	0	31.5	pseudo
Pocillopora_tuahiniensis_scaffold124	24	155621	155552	Ser	GCT	0	0	20.4	pseudo
Pocillopora_tuahiniensis_scaffold124	25	55597 	55532 	Leu	CAA	0	0	24.2	pseudo
Pocillopora_tuahiniensis_scaffold125	1	539194	539266	Arg	GCG	0	0	37.1	
Pocillopora_tuahiniensis_scaffold125	2	550827	550899	Thr	AGT	0	0	71.1	
Pocillopora_tuahiniensis_scaffold125	3	612716	612788	Undet	NNN	0	0	41.3	
Pocillopora_tuahiniensis_scaffold125	4	11249 	11171 	Thr	AGT	0	0	28.4	pseudo
Pocillopora_tuahiniensis_scaffold126	1	82657 	82585 	Asn	GTT	0	0	52.6	pseudo
Pocillopora_tuahiniensis_scaffold127	1	388775	388846	Ser	AGA	0	0	20.9	pseudo
Pocillopora_tuahiniensis_scaffold127	2	400988	401060	Thr	GGT	0	0	31.1	pseudo
Pocillopora_tuahiniensis_scaffold127	3	420512	420581	Undet	NNN	0	0	30.0	pseudo
Pocillopora_tuahiniensis_scaffold127	4	456008	456080	Thr	GGT	0	0	64.7	
Pocillopora_tuahiniensis_scaffold127	5	488893	488965	Thr	GGT	0	0	49.9	pseudo
Pocillopora_tuahiniensis_scaffold127	6	673747	673819	Thr	GGT	0	0	49.4	pseudo
Pocillopora_tuahiniensis_scaffold127	7	689082	689153	Gln	CTG	0	0	34.2	pseudo
Pocillopora_tuahiniensis_scaffold127	8	739508	739575	Ile	AAT	0	0	26.5	
Pocillopora_tuahiniensis_scaffold127	9	790233	790305	His	GTG	0	0	48.1	
Pocillopora_tuahiniensis_scaffold127	10	885725	885803	Thr	TGT	0	0	21.7	pseudo
Pocillopora_tuahiniensis_scaffold127	11	886133	886061	Thr	GGT	0	0	66.9	
Pocillopora_tuahiniensis_scaffold127	12	837085	837012	Arg	GCG	0	0	33.2	
Pocillopora_tuahiniensis_scaffold127	13	117810	117738	Thr	GGT	0	0	38.7	pseudo
Pocillopora_tuahiniensis_scaffold128	1	33650 	33719 	Ser	GCT	0	0	20.4	pseudo
Pocillopora_tuahiniensis_scaffold128	2	391623	391694	Thr	AGT	0	0	24.7	pseudo
Pocillopora_tuahiniensis_scaffold128	3	684657	684729	Thr	AGT	0	0	34.5	pseudo
Pocillopora_tuahiniensis_scaffold128	4	705562	705634	Arg	GCG	0	0	33.6	
Pocillopora_tuahiniensis_scaffold128	5	714141	714220	Undet	NNN	0	0	22.7	pseudo
Pocillopora_tuahiniensis_scaffold128	6	715066	715145	Undet	NNN	0	0	23.3	pseudo
Pocillopora_tuahiniensis_scaffold128	7	816519	816591	Thr	AGT	0	0	55.2	
Pocillopora_tuahiniensis_scaffold128	8	1001531	1001603	Thr	GGT	0	0	64.1	
Pocillopora_tuahiniensis_scaffold128	9	1375269	1375341	Undet	NNN	0	0	35.2	pseudo
Pocillopora_tuahiniensis_scaffold128	10	1264300	1264218	Thr	AGT	0	0	22.8	pseudo
Pocillopora_tuahiniensis_scaffold128	11	816490	816418	Thr	GGT	0	0	50.7	pseudo
Pocillopora_tuahiniensis_scaffold128	12	783949	783877	Pro	CGG	0	0	45.0	
Pocillopora_tuahiniensis_scaffold128	13	137812	137740	Thr	AGT	0	0	64.1	
Pocillopora_tuahiniensis_scaffold128	14	44118 	44046 	Arg	GCG	0	0	38.0	
Pocillopora_tuahiniensis_scaffold129	1	473620	473692	Thr	TGT	0	0	47.4	pseudo
Pocillopora_tuahiniensis_scaffold129	2	821134	821237	Arg	CCT	821171	821201	60.3	
Pocillopora_tuahiniensis_scaffold129	3	823858	823961	Arg	CCT	823895	823925	60.3	
Pocillopora_tuahiniensis_scaffold129	4	828805	828908	Arg	CCT	828842	828872	60.3	
Pocillopora_tuahiniensis_scaffold129	5	836409	836480	Gly	TCC	0	0	73.8	
Pocillopora_tuahiniensis_scaffold129	6	915006	915078	Thr	GGT	0	0	42.8	pseudo
Pocillopora_tuahiniensis_scaffold129	7	971820	971892	Arg	GCG	0	0	55.4	
Pocillopora_tuahiniensis_scaffold129	8	995952	995880	Thr	GGT	0	0	38.7	pseudo
Pocillopora_tuahiniensis_scaffold129	9	871396	871145	Thr	GGT	871358	871181	41.7	
Pocillopora_tuahiniensis_scaffold129	10	857817	857736	Ser	TGA	0	0	87.6	
Pocillopora_tuahiniensis_scaffold129	11	836875	836794	Ser	CGA	0	0	91.0	
Pocillopora_tuahiniensis_scaffold129	12	828078	828006	Undet	NNN	0	0	27.7	
Pocillopora_tuahiniensis_scaffold129	13	827815	827743	Asn	ATT	0	0	27.9	pseudo
Pocillopora_tuahiniensis_scaffold129	14	824829	824757	Thr	GGT	0	0	35.5	
Pocillopora_tuahiniensis_scaffold129	15	820071	819998	Val	GAC	0	0	25.4	
Pocillopora_tuahiniensis_scaffold129	16	819222	819151	Pro	AGG	0	0	40.1	
Pocillopora_tuahiniensis_scaffold129	17	817563	817491	Ala	AGC	0	0	43.6	
Pocillopora_tuahiniensis_scaffold129	18	659506	659359	Asp	GTC	659465	659393	20.9	pseudo
Pocillopora_tuahiniensis_scaffold129	19	612379	612304	Undet	NNN	0	0	22.0	
Pocillopora_tuahiniensis_scaffold129	20	522029	521957	Thr	GGT	0	0	62.8	
Pocillopora_tuahiniensis_scaffold129	21	433011	432938	Arg	GCG	0	0	58.5	
Pocillopora_tuahiniensis_scaffold129	22	421159	421087	Thr	AGT	0	0	62.0	
Pocillopora_tuahiniensis_scaffold130	1	585638	585710	Undet	NNN	0	0	33.5	
Pocillopora_tuahiniensis_scaffold130	2	795951	796024	Undet	NNN	0	0	33.6	
Pocillopora_tuahiniensis_scaffold130	3	1058281	1058353	Thr	AGT	0	0	56.9	
Pocillopora_tuahiniensis_scaffold130	4	1094059	1094130	Thr	GGT	0	0	35.3	
Pocillopora_tuahiniensis_scaffold130	5	1705913	1705989	His	GTG	0	0	32.2	pseudo
Pocillopora_tuahiniensis_scaffold130	6	1705457	1705385	Undet	NNN	0	0	52.8	
Pocillopora_tuahiniensis_scaffold130	7	1093975	1093903	Undet	NNN	0	0	31.3	pseudo
Pocillopora_tuahiniensis_scaffold130	8	1055237	1055165	Thr	GGT	0	0	51.0	
Pocillopora_tuahiniensis_scaffold130	9	985025	984953	Thr	AGT	0	0	68.2	
Pocillopora_tuahiniensis_scaffold130	10	936799	936727	Thr	AGT	0	0	68.2	
Pocillopora_tuahiniensis_scaffold130	11	887980	887908	Thr	GGT	0	0	69.5	
Pocillopora_tuahiniensis_scaffold130	12	580636	580564	Thr	AGT	0	0	67.3	
Pocillopora_tuahiniensis_scaffold130	13	463881	463809	Ile	GAT	0	0	25.4	pseudo
Pocillopora_tuahiniensis_scaffold130	14	241284	241214	Gly	GCC	0	0	82.0	
Pocillopora_tuahiniensis_scaffold130	15	61643 	61570 	Thr	GGT	0	0	78.0	
Pocillopora_tuahiniensis_scaffold131	1	37447 	37519 	Thr	GGT	0	0	39.4	pseudo
Pocillopora_tuahiniensis_scaffold131	2	70568 	70642 	Thr	AGT	0	0	26.8	pseudo
Pocillopora_tuahiniensis_scaffold131	3	165099	165164	Arg	GCG	0	0	20.1	pseudo
Pocillopora_tuahiniensis_scaffold131	4	197501	197573	Thr	GGT	0	0	69.5	
Pocillopora_tuahiniensis_scaffold131	5	198800	198872	Thr	GGT	0	0	37.1	pseudo
Pocillopora_tuahiniensis_scaffold131	6	248180	248108	Thr	GGT	0	0	43.4	pseudo
Pocillopora_tuahiniensis_scaffold132	1	22717 	22645 	Thr	GGT	0	0	57.5	
Pocillopora_tuahiniensis_scaffold133	1	32612 	32684 	Thr	GGT	0	0	69.5	
Pocillopora_tuahiniensis_scaffold133	2	32860 	32932 	Thr	GGT	0	0	63.2	
Pocillopora_tuahiniensis_scaffold133	3	55121 	55193 	Thr	GGT	0	0	62.6	
Pocillopora_tuahiniensis_scaffold133	4	102172	102244	Thr	GGT	0	0	21.4	pseudo
Pocillopora_tuahiniensis_scaffold133	5	106953	107025	Ala	AGC	0	0	50.0	pseudo
Pocillopora_tuahiniensis_scaffold133	6	219198	219126	His	GTG	0	0	35.2	
Pocillopora_tuahiniensis_scaffold134	1	1704  	1777  	Thr	GGT	0	0	71.6	
Pocillopora_tuahiniensis_scaffold134	2	1951  	2024  	Thr	GGT	0	0	71.6	
Pocillopora_tuahiniensis_scaffold134	3	2198  	2271  	Thr	GGT	0	0	71.6	
Pocillopora_tuahiniensis_scaffold134	4	28590 	28663 	Arg	GCG	0	0	38.0	
Pocillopora_tuahiniensis_scaffold134	5	276297	276225	Thr	GGT	0	0	58.8	
Pocillopora_tuahiniensis_scaffold136	1	59335 	59396 	Arg	GCG	0	0	31.3	pseudo
Pocillopora_tuahiniensis_scaffold136	2	159351	159422	His	GTG	0	0	34.5	pseudo
Pocillopora_tuahiniensis_scaffold136	3	211466	211537	His	GTG	0	0	31.5	
Pocillopora_tuahiniensis_scaffold136	4	233538	233599	Arg	GCG	0	0	30.2	pseudo
Pocillopora_tuahiniensis_scaffold136	5	305577	305651	Arg	GCG	0	0	24.2	pseudo
Pocillopora_tuahiniensis_scaffold136	6	330502	330574	Thr	GGT	0	0	38.9	pseudo
Pocillopora_tuahiniensis_scaffold136	7	353102	353174	Arg	GCG	0	0	33.1	
Pocillopora_tuahiniensis_scaffold136	8	456815	456877	Ser	GCT	0	0	20.2	pseudo
Pocillopora_tuahiniensis_scaffold136	9	644468	644540	Thr	GGT	0	0	50.7	pseudo
Pocillopora_tuahiniensis_scaffold136	10	646713	646797	Ser	ACT	0	0	22.9	pseudo
Pocillopora_tuahiniensis_scaffold136	11	821151	821227	Leu	CAG	0	0	29.8	
Pocillopora_tuahiniensis_scaffold136	12	832199	832271	Thr	GGT	0	0	56.9	
Pocillopora_tuahiniensis_scaffold136	13	846311	846383	Ser	CGA	0	0	26.2	pseudo
Pocillopora_tuahiniensis_scaffold136	14	878680	878608	Thr	AGT	0	0	66.8	
Pocillopora_tuahiniensis_scaffold136	15	846566	846494	Arg	GCG	0	0	41.7	
Pocillopora_tuahiniensis_scaffold136	16	846065	845993	Phe	GAA	0	0	29.0	pseudo
Pocillopora_tuahiniensis_scaffold136	17	742655	742583	Thr	AGT	0	0	58.5	
Pocillopora_tuahiniensis_scaffold136	18	734245	734170	Undet	NNN	0	0	36.5	pseudo
Pocillopora_tuahiniensis_scaffold136	19	468306	468234	Lys	CTT	0	0	87.8	
Pocillopora_tuahiniensis_scaffold136	20	414817	414745	Arg	GCG	0	0	22.2	
Pocillopora_tuahiniensis_scaffold136	21	414343	414263	Leu	CAG	0	0	20.1	pseudo
Pocillopora_tuahiniensis_scaffold137	1	265234	265306	Thr	GGT	0	0	64.1	
Pocillopora_tuahiniensis_scaffold137	2	537151	537079	His	GTG	0	0	43.9	
Pocillopora_tuahiniensis_scaffold137	3	520651	520579	Thr	GGT	0	0	69.5	
Pocillopora_tuahiniensis_scaffold137	4	345563	345487	Undet	NNN	0	0	22.7	pseudo
Pocillopora_tuahiniensis_scaffold138	1	262524	262596	Thr	GGT	0	0	32.1	
Pocillopora_tuahiniensis_scaffold138	2	710387	710454	Arg	GCG	0	0	31.0	
Pocillopora_tuahiniensis_scaffold138	3	710643	710715	Arg	GCG	0	0	38.3	
Pocillopora_tuahiniensis_scaffold138	4	550410	550338	Thr	GGT	0	0	56.5	
Pocillopora_tuahiniensis_scaffold138	5	459887	459815	Arg	GCG	0	0	29.1	
Pocillopora_tuahiniensis_scaffold138	6	430841	430769	Thr	GGT	0	0	46.5	pseudo
Pocillopora_tuahiniensis_scaffold138	7	114568	114496	Asn	GTT	0	0	62.5	
Pocillopora_tuahiniensis_scaffold138	8	103551	103479	Cys	GCA	0	0	24.3	
Pocillopora_tuahiniensis_scaffold138	9	22963 	22891 	Asn	GTT	0	0	67.6	
Pocillopora_tuahiniensis_scaffold138	10	11883 	11811 	Cys	GCA	0	0	30.3	
Pocillopora_tuahiniensis_scaffold139	1	131552	131624	Thr	AGT	0	0	50.9	pseudo
Pocillopora_tuahiniensis_scaffold139	2	248858	248785	Thr	GGT	0	0	71.6	
Pocillopora_tuahiniensis_scaffold139	3	248606	248533	Thr	GGT	0	0	71.6	
Pocillopora_tuahiniensis_scaffold139	4	248359	248286	Thr	GGT	0	0	71.6	
Pocillopora_tuahiniensis_scaffold140	1	223303	223375	Thr	GGT	0	0	20.5	pseudo
Pocillopora_tuahiniensis_scaffold140	2	541582	541655	Arg	GCG	0	0	23.3	
Pocillopora_tuahiniensis_scaffold140	3	564529	564601	Thr	GGT	0	0	60.0	
Pocillopora_tuahiniensis_scaffold140	4	564766	564838	Thr	GGT	0	0	64.1	
Pocillopora_tuahiniensis_scaffold140	5	700302	700374	Pro	CGG	0	0	49.2	
Pocillopora_tuahiniensis_scaffold140	6	1039888	1039967	Thr	GGT	0	0	36.1	pseudo
Pocillopora_tuahiniensis_scaffold140	7	1278507	1278579	Trp	CCA	0	0	20.2	pseudo
Pocillopora_tuahiniensis_scaffold140	8	1409767	1409848	Leu	AAG	0	0	74.1	
Pocillopora_tuahiniensis_scaffold140	9	1643144	1643216	Thr	GGT	0	0	22.5	pseudo
Pocillopora_tuahiniensis_scaffold140	10	1391656	1391584	His	ATG	0	0	23.9	pseudo
Pocillopora_tuahiniensis_scaffold140	11	1391394	1391322	Pro	TGG	0	0	39.8	
Pocillopora_tuahiniensis_scaffold140	12	1346625	1346553	His	GTG	0	0	42.1	
Pocillopora_tuahiniensis_scaffold140	13	1158427	1158355	Thr	GGT	0	0	34.9	pseudo
Pocillopora_tuahiniensis_scaffold140	14	1158180	1158109	Thr	GGT	0	0	48.9	
Pocillopora_tuahiniensis_scaffold140	15	1025957	1025885	Thr	AGT	0	0	45.6	pseudo
Pocillopora_tuahiniensis_scaffold140	16	700008	699940	Thr	GGT	0	0	31.7	pseudo
Pocillopora_tuahiniensis_scaffold140	17	693027	692954	Thr	GGT	0	0	63.2	
Pocillopora_tuahiniensis_scaffold140	18	564370	564298	Thr	GGT	0	0	56.4	
Pocillopora_tuahiniensis_scaffold140	19	496399	496327	His	ATG	0	0	47.1	
Pocillopora_tuahiniensis_scaffold140	20	218403	218332	Cys	ACA	0	0	46.1	
Pocillopora_tuahiniensis_scaffold141	1	53010 	53082 	Thr	AGT	0	0	46.4	
Pocillopora_tuahiniensis_scaffold141	2	108238	108310	Thr	TGT	0	0	58.3	
Pocillopora_tuahiniensis_scaffold141	3	188065	188138	Arg	TCT	0	0	57.1	
Pocillopora_tuahiniensis_scaffold141	4	251384	251456	Arg	GCG	0	0	36.7	pseudo
Pocillopora_tuahiniensis_scaffold141	5	411712	411784	Thr	GGT	0	0	55.7	
Pocillopora_tuahiniensis_scaffold141	6	596517	596445	Thr	GGT	0	0	64.1	
Pocillopora_tuahiniensis_scaffold141	7	596269	596197	Thr	GGT	0	0	64.1	
Pocillopora_tuahiniensis_scaffold141	8	411544	411472	Thr	GGT	0	0	54.5	pseudo
Pocillopora_tuahiniensis_scaffold141	9	52681 	52609 	Thr	TGT	0	0	60.2	
Pocillopora_tuahiniensis_scaffold142	1	79518 	79590 	Thr	GGT	0	0	40.0	
Pocillopora_tuahiniensis_scaffold142	2	388764	388833	Ser	GCT	0	0	20.4	pseudo
Pocillopora_tuahiniensis_scaffold142	3	991528	991599	Thr	GGT	0	0	50.2	pseudo
Pocillopora_tuahiniensis_scaffold142	4	1048548	1048620	Thr	GGT	0	0	44.9	
Pocillopora_tuahiniensis_scaffold142	5	1088911	1088839	Thr	GGT	0	0	38.8	pseudo
Pocillopora_tuahiniensis_scaffold142	6	925857	925785	Thr	GGT	0	0	45.7	
Pocillopora_tuahiniensis_scaffold143	1	133255	133326	Ser	GCT	0	0	26.0	pseudo
Pocillopora_tuahiniensis_scaffold143	2	736872	736948	Cys	GCA	0	0	34.0	
Pocillopora_tuahiniensis_scaffold143	3	853013	853088	Gln	CTG	0	0	23.9	pseudo
Pocillopora_tuahiniensis_scaffold143	4	1077007	1077079	Cys	GCA	0	0	53.5	
Pocillopora_tuahiniensis_scaffold143	5	1503716	1503644	Thr	GGT	0	0	56.2	
Pocillopora_tuahiniensis_scaffold143	6	1338001	1337929	Arg	GCG	0	0	44.0	
Pocillopora_tuahiniensis_scaffold143	7	121415	121343	Thr	TGT	0	0	79.2	
Pocillopora_tuahiniensis_scaffold144	1	505496	505568	Thr	GGT	0	0	61.0	
Pocillopora_tuahiniensis_scaffold144	2	505742	505814	Thr	GGT	0	0	64.1	
Pocillopora_tuahiniensis_scaffold144	3	578518	578590	Thr	GGT	0	0	27.1	pseudo
Pocillopora_tuahiniensis_scaffold144	4	578345	578273	Thr	GGT	0	0	50.9	pseudo
Pocillopora_tuahiniensis_scaffold144	5	406537	406473	Undet	NNN	0	0	23.0	pseudo
Pocillopora_tuahiniensis_scaffold144	6	405306	405227	Undet	NNN	0	0	22.7	pseudo
Pocillopora_tuahiniensis_scaffold144	7	377628	377518	Ile	TAT	377590	377554	72.0	
Pocillopora_tuahiniensis_scaffold144	8	184054	183975	Undet	NNN	0	0	22.7	pseudo
Pocillopora_tuahiniensis_scaffold145	1	106579	106651	Pro	TGG	0	0	42.9	
Pocillopora_tuahiniensis_scaffold145	2	231619	231691	Thr	GGT	0	0	21.2	pseudo
Pocillopora_tuahiniensis_scaffold145	3	427839	427911	Arg	GCG	0	0	58.6	
Pocillopora_tuahiniensis_scaffold145	4	683800	683872	Undet	NNN	0	0	37.9	pseudo
Pocillopora_tuahiniensis_scaffold145	5	694902	694974	Undet	NNN	0	0	40.0	
Pocillopora_tuahiniensis_scaffold145	6	851909	851981	Thr	GGT	0	0	61.4	
Pocillopora_tuahiniensis_scaffold145	7	1076490	1076565	Ser	ACT	0	0	24.2	
Pocillopora_tuahiniensis_scaffold145	8	1112844	1112916	Thr	GGT	0	0	64.1	
Pocillopora_tuahiniensis_scaffold145	9	1194842	1194914	Thr	GGT	0	0	56.6	
Pocillopora_tuahiniensis_scaffold145	10	1263220	1263292	Asn	ATT	0	0	25.2	pseudo
Pocillopora_tuahiniensis_scaffold145	11	1026194	1026122	Thr	GGT	0	0	54.4	
Pocillopora_tuahiniensis_scaffold145	12	731456	731384	Thr	AGT	0	0	53.1	pseudo
Pocillopora_tuahiniensis_scaffold145	13	712458	712386	Arg	ACG	0	0	23.1	pseudo
Pocillopora_tuahiniensis_scaffold145	14	630590	630518	Pro	TGG	0	0	32.2	pseudo
Pocillopora_tuahiniensis_scaffold146	1	179781	179853	Thr	GGT	0	0	75.0	
Pocillopora_tuahiniensis_scaffold146	2	476324	476396	Thr	GGT	0	0	61.6	
Pocillopora_tuahiniensis_scaffold146	3	476570	476642	Thr	GGT	0	0	55.5	
Pocillopora_tuahiniensis_scaffold146	4	618768	618840	Thr	GGT	0	0	42.6	pseudo
Pocillopora_tuahiniensis_scaffold146	5	720142	720214	Ser	ACT	0	0	25.3	
Pocillopora_tuahiniensis_scaffold146	6	720413	720486	Ser	ACT	0	0	29.6	pseudo
Pocillopora_tuahiniensis_scaffold146	7	720670	720740	Thr	AGT	0	0	23.7	pseudo
Pocillopora_tuahiniensis_scaffold146	8	783424	783352	Ile	GAT	0	0	47.7	pseudo
Pocillopora_tuahiniensis_scaffold146	9	646605	646533	Thr	GGT	0	0	56.6	
Pocillopora_tuahiniensis_scaffold146	10	576785	576713	Thr	GGT	0	0	61.6	
Pocillopora_tuahiniensis_scaffold146	11	533012	532941	Gln	CTG	0	0	35.8	pseudo
Pocillopora_tuahiniensis_scaffold146	12	486813	486741	Thr	AGT	0	0	24.2	
Pocillopora_tuahiniensis_scaffold147	1	205521	205589	Gln	CTG	0	0	28.8	pseudo
Pocillopora_tuahiniensis_scaffold147	2	497956	498028	Undet	NNN	0	0	28.2	
Pocillopora_tuahiniensis_scaffold147	3	635570	635647	Thr	CGT	0	0	20.5	pseudo
Pocillopora_tuahiniensis_scaffold147	4	691781	691853	Thr	AGT	0	0	33.8	pseudo
Pocillopora_tuahiniensis_scaffold147	5	718612	718684	Leu	CAG	0	0	51.9	
Pocillopora_tuahiniensis_scaffold147	6	740066	740138	Asn	GTT	0	0	44.5	pseudo
Pocillopora_tuahiniensis_scaffold147	7	887680	887752	Ala	AGC	0	0	64.9	
Pocillopora_tuahiniensis_scaffold147	8	888647	888719	Thr	GGT	0	0	58.0	
Pocillopora_tuahiniensis_scaffold147	9	888510	888438	Thr	GGT	0	0	64.1	
Pocillopora_tuahiniensis_scaffold147	10	359835	359763	Thr	AGT	0	0	70.7	
Pocillopora_tuahiniensis_scaffold147	11	91655 	91583 	Thr	GGT	0	0	64.5	
Pocillopora_tuahiniensis_scaffold148	1	123020	123092	Thr	GGT	0	0	69.5	
Pocillopora_tuahiniensis_scaffold148	2	236469	236397	Thr	GGT	0	0	62.3	
Pocillopora_tuahiniensis_scaffold148	3	191681	191609	Ser	GGA	0	0	49.7	
Pocillopora_tuahiniensis_scaffold148	4	9744  	9671  	Thr	GGT	0	0	49.3	pseudo
Pocillopora_tuahiniensis_scaffold149	1	316294	316366	Thr	GGT	0	0	71.0	
Pocillopora_tuahiniensis_scaffold149	2	475793	475863	Thr	TGT	0	0	27.1	pseudo
Pocillopora_tuahiniensis_scaffold149	3	525605	525677	Undet	NNN	0	0	21.1	pseudo
Pocillopora_tuahiniensis_scaffold149	4	581791	581863	Thr	GGT	0	0	76.3	
Pocillopora_tuahiniensis_scaffold149	5	706297	706371	Arg	GCG	0	0	31.2	pseudo
Pocillopora_tuahiniensis_scaffold149	6	763569	763643	His	GTG	0	0	27.2	
Pocillopora_tuahiniensis_scaffold149	7	853941	853999	Undet	NNN	0	0	27.4	pseudo
Pocillopora_tuahiniensis_scaffold149	8	557514	557443	Cys	GCA	0	0	40.0	pseudo
Pocillopora_tuahiniensis_scaffold150	1	10918 	10990 	Arg	CCG	0	0	33.5	pseudo
Pocillopora_tuahiniensis_scaffold150	2	129785	129857	Arg	CCG	0	0	35.2	pseudo
Pocillopora_tuahiniensis_scaffold150	3	219429	219502	Thr	AGT	0	0	31.9	pseudo
Pocillopora_tuahiniensis_scaffold150	4	368928	369000	Thr	GGT	0	0	69.5	
Pocillopora_tuahiniensis_scaffold150	5	380026	380098	Arg	GCG	0	0	45.6	
Pocillopora_tuahiniensis_scaffold150	6	385574	385502	Ser	GGA	0	0	32.2	pseudo
Pocillopora_tuahiniensis_scaffold150	7	359591	359519	Undet	NNN	0	0	42.2	
Pocillopora_tuahiniensis_scaffold150	8	317074	317002	Undet	NNN	0	0	29.3	pseudo
Pocillopora_tuahiniensis_scaffold151	1	223350	223422	Trp	CCA	0	0	42.3	pseudo
Pocillopora_tuahiniensis_scaffold151	2	324471	324543	Arg	GCG	0	0	24.6	pseudo
Pocillopora_tuahiniensis_scaffold151	3	692940	693019	Thr	TGT	0	0	20.8	pseudo
Pocillopora_tuahiniensis_scaffold151	4	877229	877302	His	GTG	0	0	44.7	
Pocillopora_tuahiniensis_scaffold151	5	927165	927237	Thr	AGT	0	0	66.9	
Pocillopora_tuahiniensis_scaffold151	6	946827	946906	Undet	NNN	0	0	22.7	pseudo
Pocillopora_tuahiniensis_scaffold151	7	947402	947481	Undet	NNN	0	0	22.7	pseudo
Pocillopora_tuahiniensis_scaffold151	8	947870	947949	Undet	NNN	0	0	22.7	pseudo
Pocillopora_tuahiniensis_scaffold151	9	948443	948522	Undet	NNN	0	0	22.7	pseudo
Pocillopora_tuahiniensis_scaffold151	10	948913	948992	Undet	NNN	0	0	23.2	pseudo
Pocillopora_tuahiniensis_scaffold151	11	949402	949481	Undet	NNN	0	0	22.7	pseudo
Pocillopora_tuahiniensis_scaffold151	12	950511	950590	Undet	NNN	0	0	22.6	pseudo
Pocillopora_tuahiniensis_scaffold151	13	1044485	1044556	Thr	GGT	0	0	29.5	pseudo
Pocillopora_tuahiniensis_scaffold151	14	1381443	1381515	Thr	AGT	0	0	27.2	pseudo
Pocillopora_tuahiniensis_scaffold151	15	1303910	1303834	Ile	GAT	0	0	28.6	pseudo
Pocillopora_tuahiniensis_scaffold151	16	1044366	1044294	Thr	GGT	0	0	51.4	
Pocillopora_tuahiniensis_scaffold151	17	969724	969652	Ser	CGA	0	0	30.5	
Pocillopora_tuahiniensis_scaffold151	18	463825	463755	Thr	GGT	0	0	45.7	pseudo
Pocillopora_tuahiniensis_scaffold151	19	416524	416450	Thr	GGT	0	0	45.9	pseudo
Pocillopora_tuahiniensis_scaffold151	20	416275	416203	Thr	GGT	0	0	64.1	
Pocillopora_tuahiniensis_scaffold151	21	391453	391381	Arg	ACG	0	0	55.1	
Pocillopora_tuahiniensis_scaffold151	22	184445	184373	Pro	CGG	0	0	35.3	
Pocillopora_tuahiniensis_scaffold151	23	121881	121809	Thr	GGT	0	0	62.0	
Pocillopora_tuahiniensis_scaffold152	1	274171	274256	Tyr	GTA	274208	274220	77.1	
Pocillopora_tuahiniensis_scaffold152	2	570816	570889	Thr	GGT	0	0	60.9	
Pocillopora_tuahiniensis_scaffold152	3	440747	440676	Undet	NNN	0	0	24.0	pseudo
Pocillopora_tuahiniensis_scaffold152	4	361742	361669	Thr	GGT	0	0	44.2	pseudo
Pocillopora_tuahiniensis_scaffold152	5	311593	311521	Thr	GGT	0	0	26.9	pseudo
Pocillopora_tuahiniensis_scaffold152	6	169663	169595	His	GTG	0	0	26.4	
Pocillopora_tuahiniensis_scaffold152	7	161873	161797	Arg	GCG	0	0	24.7	
Pocillopora_tuahiniensis_scaffold152	8	5207  	5137  	Arg	CCG	0	0	27.7	pseudo
Pocillopora_tuahiniensis_scaffold153	1	298478	298551	Thr	GGT	0	0	29.6	pseudo
Pocillopora_tuahiniensis_scaffold153	2	207621	207549	Thr	GGT	0	0	56.4	
Pocillopora_tuahiniensis_scaffold153	3	9300  	9229  	Arg	TCG	0	0	29.8	pseudo
Pocillopora_tuahiniensis_scaffold154	1	285335	285407	Arg	GCG	0	0	23.1	
Pocillopora_tuahiniensis_scaffold154	2	436297	436369	Thr	GGT	0	0	32.0	pseudo
Pocillopora_tuahiniensis_scaffold154	3	463974	464046	Thr	GGT	0	0	21.8	
Pocillopora_tuahiniensis_scaffold154	4	555659	555587	Gly	GCC	0	0	26.6	pseudo
Pocillopora_tuahiniensis_scaffold155	1	142360	142432	Pro	CGG	0	0	48.4	
Pocillopora_tuahiniensis_scaffold155	2	901992	902064	Thr	AGT	0	0	41.1	pseudo
Pocillopora_tuahiniensis_scaffold155	3	1111688	1111760	Leu	CAG	0	0	39.6	
Pocillopora_tuahiniensis_scaffold155	4	1149338	1149266	Undet	NNN	0	0	24.8	pseudo
Pocillopora_tuahiniensis_scaffold155	5	1111270	1111198	Cys	GCA	0	0	38.6	
Pocillopora_tuahiniensis_scaffold155	6	1039679	1039607	Thr	AGT	0	0	27.1	pseudo
Pocillopora_tuahiniensis_scaffold155	7	801664	801575	Ser	AGA	0	0	22.5	pseudo
Pocillopora_tuahiniensis_scaffold155	8	666921	666851	Gly	GCC	0	0	82.0	
Pocillopora_tuahiniensis_scaffold155	9	439225	439153	Thr	GGT	0	0	62.3	
Pocillopora_tuahiniensis_scaffold156	1	120842	120913	Thr	GGT	0	0	40.0	
Pocillopora_tuahiniensis_scaffold156	2	144990	145062	Thr	AGT	0	0	24.2	pseudo
Pocillopora_tuahiniensis_scaffold156	3	159998	160069	Thr	GGT	0	0	40.0	
Pocillopora_tuahiniensis_scaffold156	4	358310	358381	Thr	GGT	0	0	26.9	pseudo
Pocillopora_tuahiniensis_scaffold156	5	392211	392283	Arg	GCG	0	0	23.1	pseudo
Pocillopora_tuahiniensis_scaffold156	6	538631	538703	Thr	GGT	0	0	55.6	
Pocillopora_tuahiniensis_scaffold156	7	538526	538454	Thr	AGT	0	0	45.0	pseudo
Pocillopora_tuahiniensis_scaffold156	8	388465	388390	Arg	GCG	0	0	30.8	
Pocillopora_tuahiniensis_scaffold156	9	230693	230621	Thr	GGT	0	0	58.8	
Pocillopora_tuahiniensis_scaffold156	10	8723  	8651  	Thr	GGT	0	0	45.8	pseudo
Pocillopora_tuahiniensis_scaffold157	1	213686	213757	Thr	GGT	0	0	37.2	
Pocillopora_tuahiniensis_scaffold157	2	521832	521904	Thr	GGT	0	0	69.5	
Pocillopora_tuahiniensis_scaffold157	3	553242	553314	Thr	GGT	0	0	64.1	
Pocillopora_tuahiniensis_scaffold157	4	748656	748728	Thr	GGT	0	0	74.1	
Pocillopora_tuahiniensis_scaffold157	5	735826	735754	Thr	GGT	0	0	59.0	
Pocillopora_tuahiniensis_scaffold157	6	733553	733469	Thr	CGT	733517	733505	72.1	
Pocillopora_tuahiniensis_scaffold157	7	666750	666679	Pro	AGG	0	0	29.2	pseudo
Pocillopora_tuahiniensis_scaffold157	8	552934	552862	Thr	GGT	0	0	66.9	
Pocillopora_tuahiniensis_scaffold157	9	266552	266480	Undet	NNN	0	0	35.1	pseudo
Pocillopora_tuahiniensis_scaffold157	10	213540	213468	Thr	GGT	0	0	31.8	pseudo
Pocillopora_tuahiniensis_scaffold157	11	62878 	62806 	Cys	GCA	0	0	35.9	pseudo
Pocillopora_tuahiniensis_scaffold158	1	184559	184631	Thr	GGT	0	0	64.1	
Pocillopora_tuahiniensis_scaffold158	2	858090	858162	Ser	AGA	0	0	26.5	pseudo
Pocillopora_tuahiniensis_scaffold158	3	1062413	1062486	Undet	NNN	0	0	20.9	pseudo
Pocillopora_tuahiniensis_scaffold158	4	1177961	1178033	His	ATG	0	0	35.4	
Pocillopora_tuahiniensis_scaffold158	5	1213129	1213201	Thr	GGT	0	0	61.3	
Pocillopora_tuahiniensis_scaffold158	6	1370074	1369988	Met	CAT	1370037	1370024	70.5	
Pocillopora_tuahiniensis_scaffold158	7	1256866	1256794	Lys	TTT	0	0	35.8	pseudo
Pocillopora_tuahiniensis_scaffold158	8	1212822	1212750	Thr	GGT	0	0	64.1	
Pocillopora_tuahiniensis_scaffold158	9	1138791	1138718	Gln	CTG	0	0	26.5	pseudo
Pocillopora_tuahiniensis_scaffold158	10	923756	923690	Thr	GGT	0	0	24.3	pseudo
Pocillopora_tuahiniensis_scaffold158	11	610593	610360	Undet	NNN	0	0	30.4	pseudo
Pocillopora_tuahiniensis_scaffold158	12	406669	406603	Pro	CGG	0	0	43.3	
Pocillopora_tuahiniensis_scaffold159	1	82746 	82818 	Thr	GGT	0	0	33.4	pseudo
Pocillopora_tuahiniensis_scaffold159	2	114169	114240	Arg	TCT	0	0	33.0	
Pocillopora_tuahiniensis_scaffold159	3	118628	118700	Thr	GGT	0	0	60.3	
Pocillopora_tuahiniensis_scaffold159	4	191552	191624	Thr	GGT	0	0	64.1	
Pocillopora_tuahiniensis_scaffold159	5	191798	191870	Thr	GGT	0	0	62.8	
Pocillopora_tuahiniensis_scaffold159	6	402041	401969	Thr	GGT	0	0	45.6	pseudo
Pocillopora_tuahiniensis_scaffold159	7	118412	118345	Leu	CAA	0	0	37.9	pseudo
Pocillopora_tuahiniensis_scaffold159	8	82573 	82501 	Thr	TGT	0	0	68.8	
Pocillopora_tuahiniensis_scaffold159	9	81558 	81486 	Thr	TGT	0	0	80.6	
Pocillopora_tuahiniensis_scaffold160	1	203277	203360	Arg	CCG	0	0	29.3	pseudo
Pocillopora_tuahiniensis_scaffold160	2	626051	626113	Thr	GGT	0	0	24.8	
Pocillopora_tuahiniensis_scaffold160	3	1470296	1470368	Leu	CAA	0	0	42.2	
Pocillopora_tuahiniensis_scaffold160	4	1636087	1636005	Arg	CCG	0	0	30.8	pseudo
Pocillopora_tuahiniensis_scaffold160	5	1423135	1423063	Arg	GCG	0	0	55.9	
Pocillopora_tuahiniensis_scaffold160	6	989197	989125	Ser	AGA	0	0	33.7	
Pocillopora_tuahiniensis_scaffold160	7	735286	735209	Thr	TGT	0	0	28.6	pseudo
Pocillopora_tuahiniensis_scaffold160	8	625850	625778	Thr	GGT	0	0	52.3	
Pocillopora_tuahiniensis_scaffold160	9	377123	377051	Thr	GGT	0	0	53.0	
Pocillopora_tuahiniensis_scaffold160	10	137372	137300	Arg	GCG	0	0	45.6	
Pocillopora_tuahiniensis_scaffold160	11	137121	137049	Arg	GCG	0	0	44.5	
Pocillopora_tuahiniensis_scaffold161	1	56620 	56698 	Thr	GGT	0	0	35.1	pseudo
Pocillopora_tuahiniensis_scaffold161	2	319378	319450	Arg	GCG	0	0	49.1	
Pocillopora_tuahiniensis_scaffold161	3	388113	388200	Ser	ACT	0	0	24.3	
Pocillopora_tuahiniensis_scaffold161	4	426842	426914	Gln	CTG	0	0	32.2	pseudo
Pocillopora_tuahiniensis_scaffold161	5	430878	430949	His	GTG	0	0	22.8	
Pocillopora_tuahiniensis_scaffold161	6	436595	436667	Thr	GGT	0	0	68.2	
Pocillopora_tuahiniensis_scaffold161	7	478453	478525	Thr	GGT	0	0	44.0	
Pocillopora_tuahiniensis_scaffold161	8	486637	486709	Thr	AGT	0	0	39.0	
Pocillopora_tuahiniensis_scaffold161	9	515101	515173	Thr	GGT	0	0	59.3	
Pocillopora_tuahiniensis_scaffold161	10	669323	669395	Thr	TGT	0	0	34.1	pseudo
Pocillopora_tuahiniensis_scaffold161	11	692886	692958	Thr	GGT	0	0	63.8	
Pocillopora_tuahiniensis_scaffold161	12	703118	703190	Thr	GGT	0	0	49.0	pseudo
Pocillopora_tuahiniensis_scaffold161	13	992552	992623	Cys	GCA	0	0	66.4	
Pocillopora_tuahiniensis_scaffold161	14	1081768	1081840	Ser	GCT	0	0	49.1	pseudo
Pocillopora_tuahiniensis_scaffold161	15	1227850	1227921	Ser	ACT	0	0	25.6	pseudo
Pocillopora_tuahiniensis_scaffold161	16	1234955	1235027	Arg	CCG	0	0	22.9	pseudo
Pocillopora_tuahiniensis_scaffold161	17	1239152	1239224	Thr	AGT	0	0	22.0	pseudo
Pocillopora_tuahiniensis_scaffold161	18	1191882	1191810	Undet	NNN	0	0	46.8	
Pocillopora_tuahiniensis_scaffold161	19	934800	934728	Thr	GGT	0	0	39.4	pseudo
Pocillopora_tuahiniensis_scaffold161	20	682766	682694	Ser	ACT	0	0	31.9	pseudo
Pocillopora_tuahiniensis_scaffold161	21	525394	525322	Leu	GAG	0	0	29.6	pseudo
Pocillopora_tuahiniensis_scaffold161	22	430695	430623	Thr	GGT	0	0	66.5	
Pocillopora_tuahiniensis_scaffold161	23	56626 	56554 	Thr	GGT	0	0	64.1	
Pocillopora_tuahiniensis_scaffold162	1	3322  	3394  	Thr	AGT	0	0	55.6	
Pocillopora_tuahiniensis_scaffold162	2	69086 	69158 	Thr	GGT	0	0	56.0	
Pocillopora_tuahiniensis_scaffold162	3	144039	144111	Thr	AGT	0	0	26.7	pseudo
Pocillopora_tuahiniensis_scaffold162	4	335455	335526	Gly	TCC	0	0	20.6	pseudo
Pocillopora_tuahiniensis_scaffold162	5	398007	398079	Undet	NNN	0	0	21.0	pseudo
Pocillopora_tuahiniensis_scaffold162	6	469808	469880	Arg	GCG	0	0	30.0	pseudo
Pocillopora_tuahiniensis_scaffold162	7	597458	597390	Undet	NNN	0	0	31.5	pseudo
Pocillopora_tuahiniensis_scaffold162	8	514157	514085	Thr	GGT	0	0	64.1	
Pocillopora_tuahiniensis_scaffold162	9	493073	493001	Thr	GGT	0	0	58.2	
Pocillopora_tuahiniensis_scaffold162	10	471569	471493	Ala	AGC	471532	471529	40.1	
Pocillopora_tuahiniensis_scaffold162	11	115032	114960	Pro	CGG	0	0	38.7	
Pocillopora_tuahiniensis_scaffold162	12	82305 	82233 	Arg	GCG	0	0	41.7	
Pocillopora_tuahiniensis_scaffold162	13	23925 	23853 	Cys	GCA	0	0	25.6	
Pocillopora_tuahiniensis_scaffold163	1	277217	277289	Thr	GGT	0	0	69.5	
Pocillopora_tuahiniensis_scaffold163	2	277465	277537	Thr	GGT	0	0	69.5	
Pocillopora_tuahiniensis_scaffold163	3	277949	278021	Thr	GGT	0	0	69.5	
Pocillopora_tuahiniensis_scaffold163	4	278197	278269	Thr	GGT	0	0	58.0	
Pocillopora_tuahiniensis_scaffold163	5	278681	278753	Thr	GGT	0	0	69.5	
Pocillopora_tuahiniensis_scaffold163	6	278929	279001	Thr	GGT	0	0	58.0	
Pocillopora_tuahiniensis_scaffold164	1	192490	192562	Thr	GGT	0	0	66.6	
Pocillopora_tuahiniensis_scaffold164	2	277085	277011	Thr	GGT	0	0	47.4	
Pocillopora_tuahiniensis_scaffold164	3	268103	268027	Cys	ACA	0	0	23.5	pseudo
Pocillopora_tuahiniensis_scaffold164	4	241668	241596	Ser	ACT	0	0	23.7	pseudo
Pocillopora_tuahiniensis_scaffold164	5	192366	192294	Thr	GGT	0	0	61.7	
Pocillopora_tuahiniensis_scaffold164	6	96936 	96864 	Thr	GGT	0	0	58.1	
Pocillopora_tuahiniensis_scaffold164	7	3587  	3516  	Undet	NNN	0	0	31.3	pseudo
Pocillopora_tuahiniensis_scaffold166	1	75081 	75152 	Pro	AGG	0	0	21.7	pseudo
Pocillopora_tuahiniensis_scaffold166	2	170800	170728	Thr	GGT	0	0	58.3	
Pocillopora_tuahiniensis_scaffold166	3	53287 	53215 	Pro	CGG	0	0	23.6	pseudo
Pocillopora_tuahiniensis_scaffold167	1	154943	155015	Thr	GGT	0	0	60.0	
Pocillopora_tuahiniensis_scaffold167	2	202434	202506	Thr	GGT	0	0	72.2	
Pocillopora_tuahiniensis_scaffold168	1	290739	290811	Thr	GGT	0	0	68.7	
Pocillopora_tuahiniensis_scaffold168	2	466347	466420	Pro	TGG	0	0	22.8	
Pocillopora_tuahiniensis_scaffold168	3	496500	496574	Ala	AGC	0	0	35.3	pseudo
Pocillopora_tuahiniensis_scaffold168	4	738898	738970	Thr	GGT	0	0	38.2	pseudo
Pocillopora_tuahiniensis_scaffold168	5	801174	801246	Thr	GGT	0	0	37.2	pseudo
Pocillopora_tuahiniensis_scaffold168	6	833465	833537	Thr	GGT	0	0	55.8	
Pocillopora_tuahiniensis_scaffold168	7	833719	833791	Thr	GGT	0	0	44.5	pseudo
Pocillopora_tuahiniensis_scaffold168	8	1140420	1140348	Thr	GGT	0	0	80.1	
Pocillopora_tuahiniensis_scaffold168	9	1140174	1140100	Undet	NNN	0	0	36.4	pseudo
Pocillopora_tuahiniensis_scaffold168	10	1067246	1067175	Cys	GCA	0	0	58.6	
Pocillopora_tuahiniensis_scaffold168	11	981194	981122	Undet	NNN	0	0	26.1	pseudo
Pocillopora_tuahiniensis_scaffold168	12	833282	833210	Thr	GGT	0	0	35.8	pseudo
Pocillopora_tuahiniensis_scaffold168	13	833036	832964	Thr	GGT	0	0	60.7	
Pocillopora_tuahiniensis_scaffold168	14	643715	643640	Ile	GAT	0	0	54.5	
Pocillopora_tuahiniensis_scaffold168	15	505744	505673	Gly	TCC	0	0	24.3	pseudo
Pocillopora_tuahiniensis_scaffold168	16	444618	444541	Arg	GCG	0	0	40.4	
Pocillopora_tuahiniensis_scaffold168	17	223364	223292	Thr	GGT	0	0	54.9	pseudo
Pocillopora_tuahiniensis_scaffold169	1	644225	644301	Thr	TGT	0	0	25.4	pseudo
Pocillopora_tuahiniensis_scaffold169	2	669845	669773	Cys	GCA	0	0	36.3	pseudo
Pocillopora_tuahiniensis_scaffold169	3	612109	612035	Thr	TGT	0	0	26.8	pseudo
Pocillopora_tuahiniensis_scaffold169	4	396535	396463	Pro	CGG	0	0	41.7	
Pocillopora_tuahiniensis_scaffold169	5	205670	205594	His	GTG	205634	205631	26.0	pseudo
Pocillopora_tuahiniensis_scaffold169	6	191867	191795	Leu	CAG	0	0	36.8	pseudo
Pocillopora_tuahiniensis_scaffold169	7	178584	178512	Undet	NNN	0	0	42.3	
Pocillopora_tuahiniensis_scaffold170	1	19356 	19427 	Gln	CTG	0	0	31.7	pseudo
Pocillopora_tuahiniensis_scaffold170	2	47069 	47145 	Thr	GGT	0	0	50.6	pseudo
Pocillopora_tuahiniensis_scaffold170	3	40197 	40125 	Thr	GGT	0	0	69.5	
Pocillopora_tuahiniensis_scaffold170	4	18389 	18317 	Lys	CTT	0	0	87.4	
Pocillopora_tuahiniensis_scaffold170	5	13158 	13086 	Undet	NNN	0	0	42.2	pseudo
Pocillopora_tuahiniensis_scaffold171	1	217524	217598	Thr	GGT	0	0	29.0	pseudo
Pocillopora_tuahiniensis_scaffold171	2	551292	551364	Arg	GCG	0	0	36.3	
Pocillopora_tuahiniensis_scaffold171	3	621340	621268	Thr	GGT	0	0	69.5	
Pocillopora_tuahiniensis_scaffold171	4	140620	140544	Thr	TGT	0	0	27.4	pseudo
Pocillopora_tuahiniensis_scaffold171	5	21376 	21304 	Thr	GGT	0	0	36.1	pseudo
Pocillopora_tuahiniensis_scaffold172	1	101063	101124	Arg	GCG	0	0	30.2	pseudo
Pocillopora_tuahiniensis_scaffold172	2	177724	177798	Arg	ACG	0	0	23.8	pseudo
Pocillopora_tuahiniensis_scaffold172	3	271906	271978	Trp	CCA	0	0	29.0	pseudo
Pocillopora_tuahiniensis_scaffold172	4	300418	300356	Thr	GGT	0	0	43.2	
Pocillopora_tuahiniensis_scaffold172	5	271475	271403	Asn	GTT	0	0	50.5	pseudo
Pocillopora_tuahiniensis_scaffold172	6	230453	230388	Undet	NNN	0	0	25.7	pseudo
Pocillopora_tuahiniensis_scaffold172	7	199668	199597	Glu	TTC	0	0	72.4	
Pocillopora_tuahiniensis_scaffold173	1	84746 	84674 	Arg	GCG	0	0	34.1	pseudo
Pocillopora_tuahiniensis_scaffold173	2	9994  	9922  	Pro	CGG	0	0	42.8	pseudo
Pocillopora_tuahiniensis_scaffold175	1	57746 	57817 	Gln	TTG	0	0	48.6	
Pocillopora_tuahiniensis_scaffold175	2	127808	127879	Gln	TTG	0	0	72.6	
Pocillopora_tuahiniensis_scaffold175	3	57052 	56981 	Gln	CTG	0	0	50.4	pseudo
Pocillopora_tuahiniensis_scaffold175	4	44591 	44520 	Gln	TTG	0	0	61.5	
Pocillopora_tuahiniensis_scaffold175	5	44221 	44150 	Gln	CTG	0	0	68.2	
Pocillopora_tuahiniensis_scaffold175	6	6047  	5975  	Thr	GGT	0	0	61.9	
Pocillopora_tuahiniensis_scaffold176	1	169261	169333	Arg	GCG	0	0	32.6	
Pocillopora_tuahiniensis_scaffold176	2	273307	273379	Thr	GGT	0	0	47.9	pseudo
Pocillopora_tuahiniensis_scaffold176	3	289831	289903	Arg	GCG	0	0	49.7	
Pocillopora_tuahiniensis_scaffold176	4	318691	318619	Thr	GGT	0	0	30.3	pseudo
Pocillopora_tuahiniensis_scaffold176	5	286312	286240	Thr	GGT	0	0	64.1	
Pocillopora_tuahiniensis_scaffold177	1	117412	117484	Ser	ACT	0	0	21.5	pseudo
Pocillopora_tuahiniensis_scaffold177	2	181089	181017	Arg	GCG	0	0	38.9	
Pocillopora_tuahiniensis_scaffold178	1	628870	628942	Undet	NNN	0	0	20.1	pseudo
Pocillopora_tuahiniensis_scaffold178	2	262293	262221	Arg	CCG	0	0	38.9	pseudo
Pocillopora_tuahiniensis_scaffold179	1	53183 	53254 	Undet	NNN	0	0	27.2	
Pocillopora_tuahiniensis_scaffold179	2	144484	144556	Thr	GGT	0	0	41.1	pseudo
Pocillopora_tuahiniensis_scaffold179	3	290848	290920	Thr	GGT	0	0	31.6	pseudo
Pocillopora_tuahiniensis_scaffold179	4	353845	353917	Thr	AGT	0	0	64.1	
Pocillopora_tuahiniensis_scaffold179	5	401796	401724	Thr	GGT	0	0	64.1	
Pocillopora_tuahiniensis_scaffold179	6	401551	401479	Thr	GGT	0	0	64.1	
Pocillopora_tuahiniensis_scaffold179	7	401295	401223	Thr	GGT	0	0	63.1	
Pocillopora_tuahiniensis_scaffold179	8	248683	248611	Thr	GGT	0	0	61.2	
Pocillopora_tuahiniensis_scaffold179	9	130993	130921	Pro	CGG	0	0	37.6	pseudo
Pocillopora_tuahiniensis_scaffold180	1	145170	145256	Gly	ACC	0	0	38.4	
Pocillopora_tuahiniensis_scaffold180	2	203720	203799	Ser	GGA	0	0	55.2	
Pocillopora_tuahiniensis_scaffold180	3	233477	233545	Gln	CTG	0	0	24.7	pseudo
Pocillopora_tuahiniensis_scaffold180	4	523531	523604	Ile	GAT	0	0	37.3	
Pocillopora_tuahiniensis_scaffold180	5	835695	835767	Thr	GGT	0	0	61.9	
Pocillopora_tuahiniensis_scaffold180	6	904715	904789	Ala	TGC	0	0	30.9	pseudo
Pocillopora_tuahiniensis_scaffold180	7	917387	917459	Pro	GGG	0	0	42.5	
Pocillopora_tuahiniensis_scaffold180	8	890503	890430	Undet	NNN	0	0	20.5	pseudo
Pocillopora_tuahiniensis_scaffold180	9	819481	819409	Thr	GGT	0	0	33.4	pseudo
Pocillopora_tuahiniensis_scaffold180	10	518603	518532	Thr	CGT	0	0	75.4	
Pocillopora_tuahiniensis_scaffold180	11	510863	510792	Asp	GTC	0	0	68.0	
Pocillopora_tuahiniensis_scaffold180	12	402584	402512	Thr	GGT	0	0	36.3	pseudo
Pocillopora_tuahiniensis_scaffold180	13	391299	391227	Thr	GGT	0	0	44.2	
Pocillopora_tuahiniensis_scaffold180	14	378949	378877	Thr	GGT	0	0	40.4	pseudo
Pocillopora_tuahiniensis_scaffold180	15	360539	360467	Thr	GGT	0	0	63.1	
Pocillopora_tuahiniensis_scaffold180	16	348298	348226	Thr	GGT	0	0	44.1	
Pocillopora_tuahiniensis_scaffold180	17	329089	329017	Thr	GGT	0	0	60.2	
Pocillopora_tuahiniensis_scaffold180	18	317912	317840	Thr	GGT	0	0	57.6	
Pocillopora_tuahiniensis_scaffold180	19	305716	305644	Thr	AGT	0	0	44.1	
Pocillopora_tuahiniensis_scaffold180	20	286014	285942	Thr	GGT	0	0	68.5	
Pocillopora_tuahiniensis_scaffold180	21	56523 	56451 	His	ATG	0	0	34.1	
Pocillopora_tuahiniensis_scaffold181	1	687990	688062	Undet	NNN	0	0	20.2	pseudo
Pocillopora_tuahiniensis_scaffold181	2	448980	448897	Thr	GGT	0	0	21.1	pseudo
Pocillopora_tuahiniensis_scaffold181	3	110459	110387	Thr	TGT	0	0	67.0	
Pocillopora_tuahiniensis_scaffold181	4	92430 	92360 	Thr	GGT	0	0	41.8	pseudo
Pocillopora_tuahiniensis_scaffold182	1	42534 	42606 	Thr	GGT	0	0	64.1	
Pocillopora_tuahiniensis_scaffold182	2	45728 	45789 	Undet	NNN	0	0	38.0	
Pocillopora_tuahiniensis_scaffold182	3	226601	226680	Thr	TGT	0	0	29.6	pseudo
Pocillopora_tuahiniensis_scaffold182	4	515355	515427	Trp	CCA	0	0	33.9	pseudo
Pocillopora_tuahiniensis_scaffold182	5	1111484	1111556	Thr	GGT	0	0	45.9	pseudo
Pocillopora_tuahiniensis_scaffold182	6	1238624	1238696	Thr	GGT	0	0	27.8	pseudo
Pocillopora_tuahiniensis_scaffold182	7	1681230	1681158	Thr	GGT	0	0	22.5	pseudo
Pocillopora_tuahiniensis_scaffold182	8	1655784	1655712	Thr	AGT	0	0	28.5	
Pocillopora_tuahiniensis_scaffold182	9	1076395	1076322	Thr	TGT	0	0	25.2	pseudo
Pocillopora_tuahiniensis_scaffold182	10	978763	978690	Thr	TGT	0	0	28.3	pseudo
Pocillopora_tuahiniensis_scaffold182	11	675579	675507	Thr	GGT	0	0	64.1	
Pocillopora_tuahiniensis_scaffold182	12	481959	481889	Leu	CAA	0	0	23.4	pseudo
Pocillopora_tuahiniensis_scaffold183	1	678315	678244	Arg	CCG	0	0	26.4	pseudo
Pocillopora_tuahiniensis_scaffold183	2	533130	533058	Thr	AGT	0	0	57.0	
Pocillopora_tuahiniensis_scaffold183	3	230083	230012	Thr	AGT	0	0	36.8	pseudo
Pocillopora_tuahiniensis_scaffold184	1	477847	477918	Leu	CAA	0	0	20.2	pseudo
Pocillopora_tuahiniensis_scaffold184	2	480437	480510	Undet	NNN	0	0	28.8	
Pocillopora_tuahiniensis_scaffold184	3	480699	480771	Arg	GCG	0	0	25.8	
Pocillopora_tuahiniensis_scaffold185	1	32177 	32105 	Thr	AGT	0	0	50.1	
Pocillopora_tuahiniensis_scaffold186	1	121945	122017	Thr	CGT	0	0	37.9	pseudo
Pocillopora_tuahiniensis_scaffold186	2	338754	338679	Asn	GTT	0	0	41.4	pseudo
Pocillopora_tuahiniensis_scaffold186	3	242494	242422	Thr	GGT	0	0	50.4	
Pocillopora_tuahiniensis_scaffold186	4	226220	226148	Thr	AGT	0	0	37.6	pseudo
Pocillopora_tuahiniensis_scaffold187	1	159511	159586	Leu	CAG	0	0	29.6	pseudo
Pocillopora_tuahiniensis_scaffold187	2	361575	361502	Arg	GCG	0	0	23.1	pseudo
Pocillopora_tuahiniensis_scaffold188	1	6161  	6233  	Thr	GGT	0	0	69.5	
Pocillopora_tuahiniensis_scaffold188	2	251828	251900	Thr	GGT	0	0	46.3	pseudo
Pocillopora_tuahiniensis_scaffold188	3	373243	373171	Thr	GGT	0	0	64.1	
Pocillopora_tuahiniensis_scaffold188	4	35512 	35440 	Gln	CTG	0	0	41.5	
Pocillopora_tuahiniensis_scaffold189	1	467071	466999	Thr	GGT	0	0	34.3	pseudo
Pocillopora_tuahiniensis_scaffold189	2	397172	397100	His	GTG	0	0	47.4	pseudo
Pocillopora_tuahiniensis_scaffold189	3	395348	395275	Thr	AGT	0	0	27.3	pseudo
Pocillopora_tuahiniensis_scaffold189	4	151160	151088	Ile	GAT	0	0	51.0	
Pocillopora_tuahiniensis_scaffold189	5	72983 	72911 	Arg	GCG	0	0	21.6	pseudo
Pocillopora_tuahiniensis_scaffold189	6	60041 	59969 	Arg	GCG	0	0	54.8	
Pocillopora_tuahiniensis_scaffold189	7	30627 	30560 	Ser	CGA	0	0	24.5	pseudo
Pocillopora_tuahiniensis_scaffold189	8	18680 	18606 	Arg	GCG	0	0	38.5	
Pocillopora_tuahiniensis_scaffold190	1	46511 	46583 	Undet	NNN	0	0	21.1	pseudo
Pocillopora_tuahiniensis_scaffold190	2	135272	135193	Arg	CCG	0	0	28.7	pseudo
Pocillopora_tuahiniensis_scaffold191	1	531435	531508	Thr	AGT	0	0	23.2	pseudo
Pocillopora_tuahiniensis_scaffold191	2	540186	540257	Thr	GGT	0	0	28.7	pseudo
Pocillopora_tuahiniensis_scaffold191	3	774420	774492	Ile	GAT	0	0	65.4	
Pocillopora_tuahiniensis_scaffold191	4	828775	828848	Undet	NNN	0	0	31.9	pseudo
Pocillopora_tuahiniensis_scaffold191	5	1309120	1309192	Cys	GCA	0	0	38.8	
Pocillopora_tuahiniensis_scaffold191	6	1449762	1449833	Thr	CGT	0	0	24.1	pseudo
Pocillopora_tuahiniensis_scaffold191	7	1525631	1525703	Thr	GGT	0	0	62.2	
Pocillopora_tuahiniensis_scaffold191	8	831617	831542	Thr	AGT	0	0	28.1	pseudo
Pocillopora_tuahiniensis_scaffold191	9	485307	485234	Thr	GGT	0	0	49.8	pseudo
Pocillopora_tuahiniensis_scaffold191	10	482606	482534	Thr	TGT	0	0	65.6	
Pocillopora_tuahiniensis_scaffold191	11	400228	400157	iMet	CAT	0	0	63.2	
Pocillopora_tuahiniensis_scaffold191	12	190135	190063	Thr	GGT	0	0	55.8	
Pocillopora_tuahiniensis_scaffold192	1	86044 	86114 	Cys	GCA	0	0	51.1	
Pocillopora_tuahiniensis_scaffold192	2	480422	480350	Cys	GCA	0	0	35.0	pseudo
Pocillopora_tuahiniensis_scaffold192	3	467559	467482	Leu	GAG	0	0	20.5	
Pocillopora_tuahiniensis_scaffold192	4	435763	435691	Arg	GCG	0	0	48.0	
Pocillopora_tuahiniensis_scaffold192	5	419336	419259	Leu	GAG	0	0	21.5	pseudo
Pocillopora_tuahiniensis_scaffold192	6	387951	387879	Arg	GCG	0	0	48.0	
Pocillopora_tuahiniensis_scaffold192	7	375388	375311	Leu	GAG	0	0	20.5	
Pocillopora_tuahiniensis_scaffold193	1	94142 	94213 	Gln	CTG	0	0	33.0	pseudo
Pocillopora_tuahiniensis_scaffold193	2	142885	142957	Thr	GGT	0	0	51.7	
Pocillopora_tuahiniensis_scaffold193	3	233134	233206	Thr	AGT	0	0	45.8	pseudo
Pocillopora_tuahiniensis_scaffold193	4	401537	401609	Thr	AGT	0	0	29.5	pseudo
Pocillopora_tuahiniensis_scaffold193	5	459386	459458	Pro	CGG	0	0	52.8	
Pocillopora_tuahiniensis_scaffold193	6	681788	681860	Thr	GGT	0	0	35.4	pseudo
Pocillopora_tuahiniensis_scaffold193	7	751169	751243	Thr	GGT	0	0	39.6	pseudo
Pocillopora_tuahiniensis_scaffold193	8	1116353	1116426	Thr	GGT	0	0	37.0	pseudo
Pocillopora_tuahiniensis_scaffold193	9	1090546	1090474	Arg	ACG	0	0	52.4	
Pocillopora_tuahiniensis_scaffold193	10	1087806	1087735	Thr	GGT	0	0	27.0	pseudo
Pocillopora_tuahiniensis_scaffold193	11	1077347	1077275	Ser	CGA	0	0	35.9	
Pocillopora_tuahiniensis_scaffold193	12	887327	887254	Thr	GGT	0	0	39.6	pseudo
Pocillopora_tuahiniensis_scaffold193	13	833170	833097	Thr	GGT	0	0	71.9	
Pocillopora_tuahiniensis_scaffold193	14	832923	832850	Thr	GGT	0	0	71.9	
Pocillopora_tuahiniensis_scaffold193	15	832676	832603	Thr	GGT	0	0	66.5	
Pocillopora_tuahiniensis_scaffold193	16	246353	246281	Thr	GGT	0	0	66.6	
Pocillopora_tuahiniensis_scaffold194	1	106489	106561	Arg	GCG	0	0	43.4	
Pocillopora_tuahiniensis_scaffold194	2	106213	106141	Pro	CGG	0	0	41.6	pseudo
Pocillopora_tuahiniensis_scaffold195	1	282497	282569	Thr	GGT	0	0	64.1	
Pocillopora_tuahiniensis_scaffold195	2	313011	313083	Thr	GGT	0	0	33.7	pseudo
Pocillopora_tuahiniensis_scaffold195	3	694010	694082	Thr	AGT	0	0	42.3	pseudo
Pocillopora_tuahiniensis_scaffold195	4	720619	720691	Thr	GGT	0	0	62.5	
Pocillopora_tuahiniensis_scaffold195	5	763825	763897	Ser	ACT	0	0	67.0	
Pocillopora_tuahiniensis_scaffold195	6	764049	764121	Thr	AGT	0	0	41.7	pseudo
Pocillopora_tuahiniensis_scaffold195	7	643966	643894	Arg	GCG	0	0	36.6	
Pocillopora_tuahiniensis_scaffold196	1	162033	162105	Thr	GGT	0	0	28.5	
Pocillopora_tuahiniensis_scaffold196	2	456962	457034	Arg	GCG	0	0	54.0	
Pocillopora_tuahiniensis_scaffold196	3	487976	488048	Thr	AGT	0	0	30.2	pseudo
Pocillopora_tuahiniensis_scaffold196	4	491524	491595	Undet	NNN	0	0	37.3	
Pocillopora_tuahiniensis_scaffold196	5	510847	510919	Thr	GGT	0	0	56.0	
Pocillopora_tuahiniensis_scaffold196	6	626118	626190	Thr	GGT	0	0	69.5	
Pocillopora_tuahiniensis_scaffold196	7	636616	636706	Arg	GCG	636650	636671	22.0	pseudo
Pocillopora_tuahiniensis_scaffold196	8	1013351	1013423	Thr	GGT	0	0	30.8	pseudo
Pocillopora_tuahiniensis_scaffold196	9	1027826	1027898	Ser	CGA	0	0	53.1	
Pocillopora_tuahiniensis_scaffold196	10	1069886	1069965	Ser	ACT	0	0	21.0	
Pocillopora_tuahiniensis_scaffold196	11	1170674	1170746	Thr	TGT	0	0	22.0	pseudo
Pocillopora_tuahiniensis_scaffold196	12	1013224	1013151	Ile	GAT	0	0	39.9	pseudo
Pocillopora_tuahiniensis_scaffold196	13	719557	719484	Arg	TCT	0	0	51.9	
Pocillopora_tuahiniensis_scaffold196	14	544156	544082	Leu	CAG	0	0	31.7	
Pocillopora_tuahiniensis_scaffold196	15	462540	462469	Gly	TCC	0	0	72.7	
Pocillopora_tuahiniensis_scaffold196	16	461093	461024	Gly	TCC	0	0	58.9	
Pocillopora_tuahiniensis_scaffold196	17	424753	424634	Leu	CAA	424715	424680	73.9	
Pocillopora_tuahiniensis_scaffold196	18	424549	424431	Leu	CAA	424511	424476	47.2	
Pocillopora_tuahiniensis_scaffold196	19	424348	424230	Leu	CAA	424311	424276	54.8	
Pocillopora_tuahiniensis_scaffold196	20	404807	404736	Gly	TCC	0	0	73.8	
Pocillopora_tuahiniensis_scaffold196	21	379219	379145	Thr	GGT	0	0	33.1	pseudo
Pocillopora_tuahiniensis_scaffold196	22	284496	284424	His	GTG	0	0	21.0	pseudo
Pocillopora_tuahiniensis_scaffold196	23	222799	222727	Ala	GGC	0	0	39.1	pseudo
Pocillopora_tuahiniensis_scaffold197	1	519828	519900	Ser	GCT	0	0	49.1	pseudo
Pocillopora_tuahiniensis_scaffold197	2	647203	647277	Arg	GCG	0	0	33.1	
Pocillopora_tuahiniensis_scaffold197	3	679225	679297	Undet	NNN	0	0	40.0	pseudo
Pocillopora_tuahiniensis_scaffold197	4	883674	883601	Thr	GGT	0	0	71.6	
Pocillopora_tuahiniensis_scaffold197	5	782459	782375	Undet	NNN	0	0	24.9	pseudo
Pocillopora_tuahiniensis_scaffold197	6	584790	584715	Thr	GGT	0	0	43.7	pseudo
Pocillopora_tuahiniensis_scaffold197	7	254553	254482	Thr	TGT	0	0	41.6	
Pocillopora_tuahiniensis_scaffold197	8	131361	131290	Thr	TGT	0	0	48.9	
Pocillopora_tuahiniensis_scaffold198	1	1846  	1918  	Thr	GGT	0	0	72.3	
Pocillopora_tuahiniensis_scaffold198	2	228079	228157	Ser	GGA	0	0	43.7	pseudo
Pocillopora_tuahiniensis_scaffold198	3	116145	116073	Arg	CCG	0	0	40.6	pseudo
Pocillopora_tuahiniensis_scaffold198	4	62164 	62091 	Ser	AGA	0	0	55.8	
Pocillopora_tuahiniensis_scaffold198	5	61892 	61819 	Ser	AGA	0	0	55.8	
Pocillopora_tuahiniensis_scaffold199	1	139287	139359	Thr	GGT	0	0	25.6	pseudo
Pocillopora_tuahiniensis_scaffold199	2	161993	162065	Thr	GGT	0	0	30.5	pseudo
Pocillopora_tuahiniensis_scaffold199	3	245165	245238	Arg	GCG	0	0	32.7	
Pocillopora_tuahiniensis_scaffold199	4	482226	482298	Ile	GAT	0	0	45.8	pseudo
Pocillopora_tuahiniensis_scaffold199	5	1033319	1033390	Cys	GCA	0	0	44.3	
Pocillopora_tuahiniensis_scaffold199	6	1074677	1074751	Thr	GGT	0	0	31.0	pseudo
Pocillopora_tuahiniensis_scaffold199	7	1100555	1100627	Arg	GCG	0	0	28.1	
Pocillopora_tuahiniensis_scaffold199	8	1172493	1172565	Pro	CGG	0	0	32.8	
Pocillopora_tuahiniensis_scaffold199	9	1209278	1209350	Pro	CGG	0	0	44.0	
Pocillopora_tuahiniensis_scaffold199	10	1402168	1402239	Undet	NNN	0	0	26.2	pseudo
Pocillopora_tuahiniensis_scaffold199	11	1417823	1417895	Undet	NNN	0	0	38.1	
Pocillopora_tuahiniensis_scaffold199	12	1541035	1540963	Thr	TGT	0	0	80.6	
Pocillopora_tuahiniensis_scaffold199	13	1514886	1514814	Thr	TGT	0	0	80.6	
Pocillopora_tuahiniensis_scaffold199	14	1362608	1362536	Arg	GCG	0	0	34.5	pseudo
Pocillopora_tuahiniensis_scaffold199	15	1074564	1074492	Thr	GGT	0	0	57.6	
Pocillopora_tuahiniensis_scaffold199	16	1074317	1074245	Thr	GGT	0	0	62.2	
Pocillopora_tuahiniensis_scaffold199	17	400807	400735	Cys	GCA	0	0	58.4	
Pocillopora_tuahiniensis_scaffold199	18	294415	294341	Thr	AGT	0	0	23.2	pseudo
Pocillopora_tuahiniensis_scaffold199	19	150611	150522	Arg	ACG	0	0	21.8	pseudo
Pocillopora_tuahiniensis_scaffold200	1	322151	322223	Leu	CAG	0	0	51.4	
Pocillopora_tuahiniensis_scaffold200	2	323388	323316	Thr	AGT	0	0	27.3	
Pocillopora_tuahiniensis_scaffold201	1	568223	568295	Asn	GTT	0	0	29.8	pseudo
Pocillopora_tuahiniensis_scaffold201	2	661682	661752	Undet	NNN	0	0	30.0	
Pocillopora_tuahiniensis_scaffold201	3	939891	939963	Thr	GGT	0	0	29.1	pseudo
Pocillopora_tuahiniensis_scaffold201	4	967680	967608	Thr	GGT	0	0	63.1	
Pocillopora_tuahiniensis_scaffold201	5	384334	384262	Thr	GGT	0	0	38.1	pseudo
Pocillopora_tuahiniensis_scaffold202	1	510117	510189	Thr	GGT	0	0	46.0	pseudo
Pocillopora_tuahiniensis_scaffold202	2	510915	510987	Thr	AGT	0	0	49.6	
Pocillopora_tuahiniensis_scaffold202	3	511242	511314	Thr	GGT	0	0	52.7	
Pocillopora_tuahiniensis_scaffold202	4	542939	543011	Thr	TGT	0	0	39.8	pseudo
Pocillopora_tuahiniensis_scaffold203	1	200635	200707	Thr	GGT	0	0	79.9	
Pocillopora_tuahiniensis_scaffold203	2	332525	332597	Thr	GGT	0	0	24.6	pseudo
Pocillopora_tuahiniensis_scaffold203	3	739977	739905	Thr	GGT	0	0	27.1	
Pocillopora_tuahiniensis_scaffold203	4	725443	725371	Thr	GGT	0	0	59.5	
Pocillopora_tuahiniensis_scaffold203	5	714320	714248	Thr	GGT	0	0	40.5	
Pocillopora_tuahiniensis_scaffold203	6	654067	653995	Pro	CGG	0	0	53.3	
Pocillopora_tuahiniensis_scaffold203	7	200448	200376	Thr	AGT	0	0	63.2	
Pocillopora_tuahiniensis_scaffold203	8	40456 	40384 	Thr	GGT	0	0	42.4	pseudo
Pocillopora_tuahiniensis_scaffold204	1	60271 	60343 	Thr	GGT	0	0	61.3	
Pocillopora_tuahiniensis_scaffold204	2	294389	294460	Trp	CCA	0	0	27.6	pseudo
Pocillopora_tuahiniensis_scaffold204	3	464167	464243	Thr	GGT	0	0	34.4	pseudo
Pocillopora_tuahiniensis_scaffold204	4	527447	527515	Thr	GGT	0	0	26.5	pseudo
Pocillopora_tuahiniensis_scaffold204	5	825096	825176	Thr	GGT	0	0	26.8	pseudo
Pocillopora_tuahiniensis_scaffold204	6	834715	834791	Thr	TGT	0	0	28.8	pseudo
Pocillopora_tuahiniensis_scaffold204	7	973912	973981	Thr	AGT	0	0	26.2	
Pocillopora_tuahiniensis_scaffold204	8	1056606	1056677	His	GTG	0	0	64.2	
Pocillopora_tuahiniensis_scaffold204	9	1061461	1061532	His	GTG	0	0	64.2	
Pocillopora_tuahiniensis_scaffold204	10	1062388	1062459	His	GTG	0	0	64.2	
Pocillopora_tuahiniensis_scaffold204	11	1067228	1067299	His	GTG	0	0	59.5	
Pocillopora_tuahiniensis_scaffold204	12	1089965	1090037	Thr	GGT	0	0	50.2	pseudo
Pocillopora_tuahiniensis_scaffold204	13	1098752	1098823	His	GTG	0	0	63.5	
Pocillopora_tuahiniensis_scaffold204	14	1183249	1183320	His	GTG	0	0	64.2	
Pocillopora_tuahiniensis_scaffold204	15	1266537	1266609	Thr	GGT	0	0	54.1	
Pocillopora_tuahiniensis_scaffold204	16	1275728	1275799	Thr	GGT	0	0	37.2	
Pocillopora_tuahiniensis_scaffold204	17	1305810	1305882	Thr	GGT	0	0	45.6	
Pocillopora_tuahiniensis_scaffold204	18	1338264	1338335	His	GTG	0	0	56.5	
Pocillopora_tuahiniensis_scaffold204	19	1363676	1363748	Thr	GGT	0	0	29.1	pseudo
Pocillopora_tuahiniensis_scaffold204	20	1398328	1398402	Ser	ACT	0	0	25.2	pseudo
Pocillopora_tuahiniensis_scaffold204	21	1372451	1372380	His	GTG	0	0	63.2	
Pocillopora_tuahiniensis_scaffold204	22	1357574	1357489	Ser	ACT	0	0	26.6	pseudo
Pocillopora_tuahiniensis_scaffold204	23	1290545	1290460	Ser	ACT	0	0	30.6	pseudo
Pocillopora_tuahiniensis_scaffold204	24	1099731	1099660	His	GTG	0	0	64.2	
Pocillopora_tuahiniensis_scaffold204	25	1089293	1089222	His	GTG	0	0	55.4	
Pocillopora_tuahiniensis_scaffold204	26	1039745	1039674	His	GTG	0	0	64.2	
Pocillopora_tuahiniensis_scaffold204	27	592468	592387	Thr	GGT	0	0	29.9	pseudo
Pocillopora_tuahiniensis_scaffold204	28	463998	463926	Thr	GGT	0	0	55.3	
Pocillopora_tuahiniensis_scaffold204	29	243072	243000	Thr	AGT	0	0	28.0	pseudo
Pocillopora_tuahiniensis_scaffold204	30	242828	242756	Thr	AGT	0	0	48.2	pseudo
Pocillopora_tuahiniensis_scaffold205	1	285104	285032	Arg	GCG	0	0	50.6	
Pocillopora_tuahiniensis_scaffold205	2	197229	197157	Ile	GAT	0	0	31.8	pseudo
Pocillopora_tuahiniensis_scaffold205	3	56102 	56030 	Thr	GGT	0	0	64.1	
Pocillopora_tuahiniensis_scaffold206	1	8915  	8987  	Pro	CGG	0	0	28.0	
Pocillopora_tuahiniensis_scaffold206	2	65219 	65291 	Undet	NNN	0	0	49.4	pseudo
Pocillopora_tuahiniensis_scaffold206	3	312358	312430	Thr	GGT	0	0	56.9	
Pocillopora_tuahiniensis_scaffold206	4	326631	326703	Thr	GGT	0	0	44.3	
Pocillopora_tuahiniensis_scaffold206	5	363231	363303	Thr	GGT	0	0	53.8	
Pocillopora_tuahiniensis_scaffold206	6	356861	356789	Thr	AGT	0	0	30.2	pseudo
Pocillopora_tuahiniensis_scaffold206	7	224435	224364	Undet	NNN	0	0	24.5	pseudo
Pocillopora_tuahiniensis_scaffold207	1	146525	146589	Undet	NNN	0	0	27.3	
Pocillopora_tuahiniensis_scaffold207	2	174311	174383	Thr	GGT	0	0	54.6	pseudo
Pocillopora_tuahiniensis_scaffold207	3	349971	349899	Pro	TGG	0	0	26.0	pseudo
Pocillopora_tuahiniensis_scaffold207	4	331946	331878	Thr	TGT	0	0	20.7	pseudo
Pocillopora_tuahiniensis_scaffold207	5	229256	229187	Ser	GCT	0	0	20.4	pseudo
Pocillopora_tuahiniensis_scaffold207	6	166387	166313	Thr	TGT	0	0	21.8	pseudo
Pocillopora_tuahiniensis_scaffold207	7	120673	120599	Undet	NNN	0	0	22.0	pseudo
Pocillopora_tuahiniensis_scaffold207	8	86465 	86391 	Arg	GCG	0	0	24.9	pseudo
Pocillopora_tuahiniensis_scaffold208	1	320403	320474	His	GTG	0	0	29.9	pseudo
Pocillopora_tuahiniensis_scaffold208	2	332467	332539	Undet	NNN	0	0	29.7	
Pocillopora_tuahiniensis_scaffold208	3	549216	549140	Leu	GAG	0	0	20.9	pseudo
Pocillopora_tuahiniensis_scaffold208	4	508546	508475	Gln	CTG	0	0	27.8	pseudo
Pocillopora_tuahiniensis_scaffold208	5	339091	339017	Thr	GGT	0	0	30.0	pseudo
Pocillopora_tuahiniensis_scaffold208	6	309293	309217	Val	CAC	0	0	30.3	pseudo
Pocillopora_tuahiniensis_scaffold208	7	169043	168971	Undet	NNN	0	0	23.6	pseudo
Pocillopora_tuahiniensis_scaffold208	8	80398 	80326 	Thr	GGT	0	0	38.3	pseudo
Pocillopora_tuahiniensis_scaffold209	1	226481	226555	Gln	CTG	0	0	28.0	pseudo
Pocillopora_tuahiniensis_scaffold209	2	236020	236092	Met	CAT	0	0	25.1	pseudo
Pocillopora_tuahiniensis_scaffold209	3	287054	287126	Thr	GGT	0	0	35.4	pseudo
Pocillopora_tuahiniensis_scaffold209	4	589486	589558	Thr	GGT	0	0	59.5	
Pocillopora_tuahiniensis_scaffold209	5	750343	750415	Thr	GGT	0	0	49.3	
Pocillopora_tuahiniensis_scaffold209	6	820522	820594	Thr	GGT	0	0	33.2	pseudo
Pocillopora_tuahiniensis_scaffold210	1	9800  	9872  	Val	AAC	0	0	82.2	
Pocillopora_tuahiniensis_scaffold210	2	55684 	55757 	Thr	AGT	0	0	81.9	
Pocillopora_tuahiniensis_scaffold210	3	61745 	61818 	Thr	AGT	0	0	56.8	
Pocillopora_tuahiniensis_scaffold210	4	76481 	76554 	Thr	AGT	0	0	73.9	
Pocillopora_tuahiniensis_scaffold210	5	84072 	84145 	Thr	AGT	0	0	71.4	
Pocillopora_tuahiniensis_scaffold210	6	94587 	94660 	Thr	AGT	0	0	81.9	
Pocillopora_tuahiniensis_scaffold210	7	100482	100555	Thr	AGT	0	0	77.8	
Pocillopora_tuahiniensis_scaffold210	8	107096	107169	Thr	AGT	0	0	84.7	
Pocillopora_tuahiniensis_scaffold210	9	112182	112255	Thr	AGT	0	0	81.9	
Pocillopora_tuahiniensis_scaffold210	10	214697	214770	Asn	GTT	0	0	76.2	
Pocillopora_tuahiniensis_scaffold210	11	215560	215631	Pro	TGG	0	0	69.3	
Pocillopora_tuahiniensis_scaffold210	12	295198	295269	Pro	AGG	0	0	67.3	
Pocillopora_tuahiniensis_scaffold210	13	295597	295666	Arg	GCG	0	0	23.4	
Pocillopora_tuahiniensis_scaffold210	14	475857	475927	Arg	GCG	0	0	25.5	
Pocillopora_tuahiniensis_scaffold210	15	554043	554115	Thr	GGT	0	0	64.1	
Pocillopora_tuahiniensis_scaffold210	16	526929	526858	Ile	TAT	0	0	51.1	pseudo
Pocillopora_tuahiniensis_scaffold210	17	526663	526590	Ser	AGA	0	0	55.8	
Pocillopora_tuahiniensis_scaffold210	18	492396	492324	Arg	CCG	0	0	31.1	pseudo
Pocillopora_tuahiniensis_scaffold210	19	475595	475523	Arg	GCG	0	0	31.7	pseudo
Pocillopora_tuahiniensis_scaffold210	20	428715	428643	Thr	GGT	0	0	32.4	pseudo
Pocillopora_tuahiniensis_scaffold210	21	404617	404545	Thr	GGT	0	0	42.7	pseudo
Pocillopora_tuahiniensis_scaffold210	22	295942	295870	Ile	GAT	0	0	79.0	
Pocillopora_tuahiniensis_scaffold210	23	212624	212553	Pro	AGG	0	0	69.3	
Pocillopora_tuahiniensis_scaffold210	24	134238	134166	Arg	GCG	0	0	41.0	
Pocillopora_tuahiniensis_scaffold210	25	113473	113401	Val	AAC	0	0	81.0	
Pocillopora_tuahiniensis_scaffold210	26	112359	112294	Ile	GAT	0	0	33.5	
Pocillopora_tuahiniensis_scaffold210	27	110400	110329	Pro	TGG	0	0	69.3	
Pocillopora_tuahiniensis_scaffold210	28	109917	109845	Val	CAC	0	0	71.1	
Pocillopora_tuahiniensis_scaffold210	29	109174	109103	Pro	AGG	0	0	69.3	
Pocillopora_tuahiniensis_scaffold210	30	107714	107643	Asp	GTC	0	0	68.5	
Pocillopora_tuahiniensis_scaffold210	31	106007	105934	Asn	GTT	0	0	80.6	
Pocillopora_tuahiniensis_scaffold210	32	105043	104971	Val	AAC	0	0	82.2	
Pocillopora_tuahiniensis_scaffold210	33	101719	101656	Asp	GTC	0	0	31.9	
Pocillopora_tuahiniensis_scaffold210	34	101308	101236	Ile	GAT	0	0	22.6	pseudo
Pocillopora_tuahiniensis_scaffold210	35	99890 	99817 	Asn	GTT	0	0	80.6	
Pocillopora_tuahiniensis_scaffold210	36	98219 	98147 	Val	CAC	0	0	64.8	
Pocillopora_tuahiniensis_scaffold210	37	96009 	95938 	Asp	GTC	0	0	61.8	
Pocillopora_tuahiniensis_scaffold210	38	93815 	93721 	Asn	GTT	0	0	20.0	pseudo
Pocillopora_tuahiniensis_scaffold210	39	91816 	91745 	Pro	TGG	0	0	69.3	
Pocillopora_tuahiniensis_scaffold210	40	90459 	90387 	Val	CAC	0	0	82.2	
Pocillopora_tuahiniensis_scaffold210	41	89559 	89488 	Pro	AGG	0	0	57.4	
Pocillopora_tuahiniensis_scaffold210	42	88823 	88751 	Val	AAC	0	0	78.5	
Pocillopora_tuahiniensis_scaffold210	43	85303 	85232 	Asp	GTC	0	0	68.0	
Pocillopora_tuahiniensis_scaffold210	44	83480 	83407 	Asn	GTT	0	0	80.6	
Pocillopora_tuahiniensis_scaffold210	45	82293 	82221 	Val	AAC	0	0	81.0	
Pocillopora_tuahiniensis_scaffold210	46	78834 	78762 	Val	CAC	0	0	82.2	
Pocillopora_tuahiniensis_scaffold210	47	78217 	78145 	Val	TAC	0	0	81.0	
Pocillopora_tuahiniensis_scaffold210	48	77405 	77345 	Asp	GTC	0	0	35.0	pseudo
Pocillopora_tuahiniensis_scaffold210	49	75710 	75636 	Asn	GTT	0	0	71.9	
Pocillopora_tuahiniensis_scaffold210	50	73978 	73906 	Val	AAC	0	0	81.0	
Pocillopora_tuahiniensis_scaffold210	51	72546 	72474 	Val	AAC	0	0	71.0	
Pocillopora_tuahiniensis_scaffold210	52	70947 	70876 	Asp	GTC	0	0	62.5	
Pocillopora_tuahiniensis_scaffold210	53	68055 	67983 	Val	CAC	0	0	79.8	
Pocillopora_tuahiniensis_scaffold210	54	66913 	66842 	Pro	AGG	0	0	49.9	
Pocillopora_tuahiniensis_scaffold210	55	66176 	66104 	Val	AAC	0	0	81.0	
Pocillopora_tuahiniensis_scaffold210	56	65329 	65258 	Asp	GTC	0	0	68.0	
Pocillopora_tuahiniensis_scaffold210	57	61143 	61070 	Asn	GTT	0	0	80.6	
Pocillopora_tuahiniensis_scaffold210	58	60433 	60362 	Undet	NNN	0	0	41.2	
Pocillopora_tuahiniensis_scaffold210	59	59084 	59012 	Val	CAC	0	0	79.8	
Pocillopora_tuahiniensis_scaffold210	60	57954 	57883 	Pro	AGG	0	0	51.8	
Pocillopora_tuahiniensis_scaffold210	61	56527 	56456 	Asp	GTC	0	0	68.0	
Pocillopora_tuahiniensis_scaffold210	62	55872 	55801 	Ile	AAT	0	0	25.3	pseudo
Pocillopora_tuahiniensis_scaffold211	1	127900	127972	Thr	GGT	0	0	62.7	
Pocillopora_tuahiniensis_scaffold211	2	128147	128219	Thr	GGT	0	0	51.4	pseudo
Pocillopora_tuahiniensis_scaffold211	3	177585	177513	Undet	NNN	0	0	33.5	pseudo
Pocillopora_tuahiniensis_scaffold211	4	16754 	16684 	Thr	GGT	0	0	22.7	pseudo
Pocillopora_tuahiniensis_scaffold212	1	282252	282324	Arg	GCG	0	0	37.0	
Pocillopora_tuahiniensis_scaffold212	2	248354	248282	Arg	GCG	0	0	33.9	pseudo
Pocillopora_tuahiniensis_scaffold212	3	52728 	52656 	Thr	GGT	0	0	54.9	pseudo
Pocillopora_tuahiniensis_scaffold212	4	52478 	52406 	Thr	GGT	0	0	54.9	pseudo
Pocillopora_tuahiniensis_scaffold213	1	456327	456399	His	ATG	0	0	30.4	
Pocillopora_tuahiniensis_scaffold213	2	745932	746004	Thr	GGT	0	0	66.6	
Pocillopora_tuahiniensis_scaffold213	3	991286	991358	Thr	GGT	0	0	64.1	
Pocillopora_tuahiniensis_scaffold213	4	991531	991603	Thr	GGT	0	0	64.1	
Pocillopora_tuahiniensis_scaffold213	5	745461	745389	Thr	GGT	0	0	56.6	
Pocillopora_tuahiniensis_scaffold213	6	654477	654405	Arg	GCG	0	0	28.1	pseudo
Pocillopora_tuahiniensis_scaffold213	7	621327	621255	Arg	CCG	0	0	23.6	pseudo
Pocillopora_tuahiniensis_scaffold213	8	92824 	92752 	Thr	AGT	0	0	32.6	pseudo
Pocillopora_tuahiniensis_scaffold214	1	546255	546328	Pro	CGG	0	0	38.4	
Pocillopora_tuahiniensis_scaffold214	2	546041	545969	Cys	GCA	0	0	53.5	
Pocillopora_tuahiniensis_scaffold214	3	511311	511239	Thr	GGT	0	0	64.1	
Pocillopora_tuahiniensis_scaffold214	4	395386	395314	Ser	GCT	0	0	49.7	pseudo
Pocillopora_tuahiniensis_scaffold215	1	29512 	29584 	Thr	GGT	0	0	51.7	pseudo
Pocillopora_tuahiniensis_scaffold215	2	84429 	84501 	Thr	GGT	0	0	42.1	
Pocillopora_tuahiniensis_scaffold215	3	332004	332076	Arg	CCG	0	0	21.3	pseudo
Pocillopora_tuahiniensis_scaffold215	4	804989	805072	Ala	GGC	0	0	24.7	pseudo
Pocillopora_tuahiniensis_scaffold215	5	828583	828655	Cys	ACA	0	0	28.3	
Pocillopora_tuahiniensis_scaffold215	6	921484	921411	Arg	TCT	0	0	57.1	
Pocillopora_tuahiniensis_scaffold215	7	892924	892848	Undet	NNN	0	0	23.3	pseudo
Pocillopora_tuahiniensis_scaffold215	8	311268	311192	Thr	AGT	0	0	37.3	
Pocillopora_tuahiniensis_scaffold215	9	311013	310936	Ala	GGC	0	0	20.4	pseudo
Pocillopora_tuahiniensis_scaffold215	10	79872 	79800 	Arg	GCG	0	0	32.1	
Pocillopora_tuahiniensis_scaffold216	1	42329 	42401 	Ala	GGC	0	0	27.7	pseudo
Pocillopora_tuahiniensis_scaffold216	2	43532 	43607 	Thr	GGT	0	0	26.7	pseudo
Pocillopora_tuahiniensis_scaffold216	3	99827 	99900 	Thr	CGT	0	0	43.0	
Pocillopora_tuahiniensis_scaffold216	4	144363	144435	Gln	CTG	0	0	26.1	pseudo
Pocillopora_tuahiniensis_scaffold216	5	187629	187701	Thr	GGT	0	0	60.1	
Pocillopora_tuahiniensis_scaffold216	6	255864	255936	Thr	GGT	0	0	81.0	
Pocillopora_tuahiniensis_scaffold216	7	158395	158323	Thr	GGT	0	0	65.8	
Pocillopora_tuahiniensis_scaffold216	8	48681 	48609 	Thr	AGT	0	0	24.6	pseudo
Pocillopora_tuahiniensis_scaffold216	9	29886 	29814 	Thr	AGT	0	0	50.1	
Pocillopora_tuahiniensis_scaffold217	1	338976	339058	Thr	GGT	0	0	39.5	pseudo
Pocillopora_tuahiniensis_scaffold217	2	208059	207987	Undet	NNN	0	0	39.9	
Pocillopora_tuahiniensis_scaffold218	1	521319	521388	Ser	AGA	0	0	44.0	pseudo
Pocillopora_tuahiniensis_scaffold218	2	605743	605671	Arg	GCG	0	0	51.1	
Pocillopora_tuahiniensis_scaffold218	3	578962	578890	Ile	GAT	0	0	47.7	pseudo
Pocillopora_tuahiniensis_scaffold218	4	525010	524938	Ile	GAT	0	0	31.8	pseudo
Pocillopora_tuahiniensis_scaffold218	5	468863	468791	Arg	GCG	0	0	48.3	
Pocillopora_tuahiniensis_scaffold218	6	459874	459802	Thr	GGT	0	0	48.0	pseudo
Pocillopora_tuahiniensis_scaffold218	7	362797	362725	His	GTG	0	0	53.9	
Pocillopora_tuahiniensis_scaffold218	8	323938	323866	Ile	GAT	0	0	44.5	pseudo
Pocillopora_tuahiniensis_scaffold218	9	6702  	6629  	Arg	GCG	0	0	36.0	
Pocillopora_tuahiniensis_scaffold219	1	95859 	95931 	His	GTG	0	0	47.0	pseudo
Pocillopora_tuahiniensis_scaffold219	2	213207	213295	Ser	AGA	0	0	32.4	pseudo
Pocillopora_tuahiniensis_scaffold219	3	214017	214088	iMet	CAT	0	0	63.2	
Pocillopora_tuahiniensis_scaffold219	4	215075	215146	iMet	CAT	0	0	63.2	
Pocillopora_tuahiniensis_scaffold219	5	227373	227454	Ser	AGA	0	0	89.6	
Pocillopora_tuahiniensis_scaffold219	6	227767	227848	Ser	AGA	0	0	89.6	
Pocillopora_tuahiniensis_scaffold219	7	228161	228242	Ser	AGA	0	0	89.6	
Pocillopora_tuahiniensis_scaffold219	8	237396	237469	Ser	AGA	0	0	55.8	
Pocillopora_tuahiniensis_scaffold219	9	237686	237759	Ser	AGA	0	0	55.8	
Pocillopora_tuahiniensis_scaffold219	10	237975	238048	Ser	AGA	0	0	55.8	
Pocillopora_tuahiniensis_scaffold219	11	238266	238339	Ser	AGA	0	0	55.8	
Pocillopora_tuahiniensis_scaffold219	12	238715	238796	Ser	AGA	0	0	89.6	
Pocillopora_tuahiniensis_scaffold219	13	479449	479521	Arg	CCG	0	0	27.1	pseudo
Pocillopora_tuahiniensis_scaffold219	14	783784	783856	Thr	TGT	0	0	33.6	pseudo
Pocillopora_tuahiniensis_scaffold219	15	477781	477709	Thr	GGT	0	0	31.1	pseudo
Pocillopora_tuahiniensis_scaffold219	16	236765	236694	iMet	CAT	0	0	63.2	
Pocillopora_tuahiniensis_scaffold219	17	236479	236408	iMet	CAT	0	0	63.2	
Pocillopora_tuahiniensis_scaffold219	18	236191	236120	iMet	CAT	0	0	63.2	
Pocillopora_tuahiniensis_scaffold219	19	235900	235829	iMet	CAT	0	0	63.2	
Pocillopora_tuahiniensis_scaffold219	20	235613	235542	iMet	CAT	0	0	63.2	
Pocillopora_tuahiniensis_scaffold219	21	235259	235188	iMet	CAT	0	0	63.2	
Pocillopora_tuahiniensis_scaffold219	22	234906	234835	iMet	CAT	0	0	46.5	
Pocillopora_tuahiniensis_scaffold219	23	229475	229404	iMet	CAT	0	0	63.2	
Pocillopora_tuahiniensis_scaffold219	24	229123	229052	iMet	CAT	0	0	49.1	
Pocillopora_tuahiniensis_scaffold219	25	228774	228703	iMet	CAT	0	0	59.3	
Pocillopora_tuahiniensis_scaffold219	26	226457	226386	iMet	CAT	0	0	58.9	
Pocillopora_tuahiniensis_scaffold219	27	222222	222151	iMet	CAT	0	0	63.2	
Pocillopora_tuahiniensis_scaffold219	28	214847	214766	Ser	TGA	0	0	89.7	
Pocillopora_tuahiniensis_scaffold220	1	1375  	1447  	Thr	TGT	0	0	28.1	pseudo
Pocillopora_tuahiniensis_scaffold220	2	22319 	22390 	Cys	GCA	0	0	61.4	
Pocillopora_tuahiniensis_scaffold220	3	1047057	1047135	Thr	GGT	0	0	30.0	pseudo
Pocillopora_tuahiniensis_scaffold220	4	1377480	1377552	Thr	GGT	0	0	28.5	pseudo
Pocillopora_tuahiniensis_scaffold220	5	1664397	1664469	Thr	GGT	0	0	43.0	pseudo
Pocillopora_tuahiniensis_scaffold220	6	2024036	2024137	Phe	GAA	0	0	72.4	
Pocillopora_tuahiniensis_scaffold220	7	1990309	1990237	Thr	GGT	0	0	68.2	
Pocillopora_tuahiniensis_scaffold220	8	1663818	1663745	Cys	GCA	0	0	34.3	pseudo
Pocillopora_tuahiniensis_scaffold220	9	1587372	1587300	Arg	GCG	0	0	27.2	pseudo
Pocillopora_tuahiniensis_scaffold220	10	1047045	1046974	Thr	GGT	0	0	41.0	
Pocillopora_tuahiniensis_scaffold220	11	1020762	1020690	Trp	CCA	0	0	21.2	pseudo
Pocillopora_tuahiniensis_scaffold220	12	450879	450807	Undet	NNN	0	0	20.3	pseudo
Pocillopora_tuahiniensis_scaffold221	1	108988	109060	Undet	NNN	0	0	44.2	
Pocillopora_tuahiniensis_scaffold221	2	219184	219256	Gln	CTG	0	0	31.9	pseudo
Pocillopora_tuahiniensis_scaffold221	3	631400	631472	Thr	GGT	0	0	43.1	
Pocillopora_tuahiniensis_scaffold221	4	558552	558483	Thr	GGT	0	0	31.9	
Pocillopora_tuahiniensis_scaffold221	5	558315	558242	Thr	GGT	0	0	71.6	
Pocillopora_tuahiniensis_scaffold221	6	558067	557994	Thr	GGT	0	0	71.6	
Pocillopora_tuahiniensis_scaffold221	7	423705	423633	Thr	TGT	0	0	20.4	pseudo
Pocillopora_tuahiniensis_scaffold221	8	223066	222994	Thr	GGT	0	0	64.1	
Pocillopora_tuahiniensis_scaffold221	9	74932 	74860 	Leu	GAG	0	0	50.7	
Pocillopora_tuahiniensis_scaffold222	1	196293	196365	Arg	GCG	0	0	32.7	
Pocillopora_tuahiniensis_scaffold222	2	215015	215087	Thr	GGT	0	0	53.3	
Pocillopora_tuahiniensis_scaffold222	3	482290	482362	His	GTG	0	0	31.8	pseudo
Pocillopora_tuahiniensis_scaffold222	4	546563	546636	Leu	CAG	0	0	25.1	
Pocillopora_tuahiniensis_scaffold222	5	639592	639664	Gln	CTG	0	0	25.4	pseudo
Pocillopora_tuahiniensis_scaffold222	6	897570	897642	Thr	GGT	0	0	54.3	
Pocillopora_tuahiniensis_scaffold222	7	1401111	1401040	Thr	TGT	0	0	27.4	pseudo
Pocillopora_tuahiniensis_scaffold222	8	1389970	1389897	Arg	GCG	0	0	42.5	
Pocillopora_tuahiniensis_scaffold222	9	1367193	1367121	His	GTG	0	0	29.0	pseudo
Pocillopora_tuahiniensis_scaffold222	10	1313957	1313885	Leu	CAG	0	0	25.4	pseudo
Pocillopora_tuahiniensis_scaffold222	11	1150638	1150575	Thr	GGT	0	0	30.2	
Pocillopora_tuahiniensis_scaffold222	12	1150406	1150334	Thr	AGT	0	0	57.5	
Pocillopora_tuahiniensis_scaffold222	13	857476	857404	Arg	GCG	0	0	22.9	pseudo
Pocillopora_tuahiniensis_scaffold222	14	655757	655674	Ala	CGC	0	0	23.6	pseudo
Pocillopora_tuahiniensis_scaffold222	15	327166	327094	Thr	GGT	0	0	45.5	
Pocillopora_tuahiniensis_scaffold222	16	158508	158436	Arg	GCG	0	0	32.5	
Pocillopora_tuahiniensis_scaffold223	1	92381 	92443 	Thr	GGT	0	0	24.6	pseudo
Pocillopora_tuahiniensis_scaffold223	2	92589 	92661 	Thr	GGT	0	0	51.2	pseudo
Pocillopora_tuahiniensis_scaffold223	3	164127	164199	Ala	TGC	0	0	51.2	
Pocillopora_tuahiniensis_scaffold223	4	165341	165412	Asp	GTC	0	0	38.5	
Pocillopora_tuahiniensis_scaffold223	5	166754	166824	Val	CAC	0	0	27.2	
Pocillopora_tuahiniensis_scaffold223	6	170051	170126	Val	AAC	0	0	61.4	
Pocillopora_tuahiniensis_scaffold223	7	178697	178769	Ala	TGC	0	0	58.2	
Pocillopora_tuahiniensis_scaffold223	8	182877	182948	Pro	CGG	0	0	51.3	
Pocillopora_tuahiniensis_scaffold223	9	189547	189620	Asn	GTT	0	0	72.4	
Pocillopora_tuahiniensis_scaffold223	10	195096	195168	Ala	AGC	0	0	56.4	
Pocillopora_tuahiniensis_scaffold223	11	198400	198472	Val	AAC	0	0	52.5	
Pocillopora_tuahiniensis_scaffold223	12	200761	200833	Val	AAC	0	0	28.7	pseudo
Pocillopora_tuahiniensis_scaffold223	13	204557	204629	Ala	TGC	0	0	54.3	
Pocillopora_tuahiniensis_scaffold223	14	207176	207248	Val	AAC	0	0	82.2	
Pocillopora_tuahiniensis_scaffold223	15	207823	207874	Ser	CGA	0	0	23.7	pseudo
Pocillopora_tuahiniensis_scaffold223	16	208847	208925	Ile	GAT	208884	208889	47.6	
Pocillopora_tuahiniensis_scaffold223	17	209894	209966	Ala	TGC	0	0	20.0	pseudo
Pocillopora_tuahiniensis_scaffold223	18	213665	213737	Ala	TGC	0	0	55.6	
Pocillopora_tuahiniensis_scaffold223	19	215841	215913	Ala	TGC	0	0	47.5	
Pocillopora_tuahiniensis_scaffold223	20	221258	221329	Asp	GTC	0	0	68.0	
Pocillopora_tuahiniensis_scaffold223	21	221856	221927	Asp	GTC	0	0	55.0	
Pocillopora_tuahiniensis_scaffold223	22	227543	227617	Pro	CGG	0	0	43.3	
Pocillopora_tuahiniensis_scaffold223	23	235266	235339	Asn	GTT	0	0	74.8	
Pocillopora_tuahiniensis_scaffold223	24	239485	239557	Val	TAC	0	0	73.8	
Pocillopora_tuahiniensis_scaffold223	25	240981	241053	Ala	AGC	0	0	60.9	
Pocillopora_tuahiniensis_scaffold223	26	246680	246752	Ala	TGC	0	0	58.9	
Pocillopora_tuahiniensis_scaffold223	27	252069	252144	Asp	GTC	0	0	40.8	
Pocillopora_tuahiniensis_scaffold223	28	252630	252701	Asp	GTC	0	0	58.1	
Pocillopora_tuahiniensis_scaffold223	29	258333	258407	Pro	CGG	0	0	39.6	
Pocillopora_tuahiniensis_scaffold223	30	262955	263025	Sup	TCA	0	0	57.5	
Pocillopora_tuahiniensis_scaffold223	31	264425	264497	Ala	AGC	0	0	60.9	
Pocillopora_tuahiniensis_scaffold223	32	270787	270858	Val	AAC	0	0	27.0	
Pocillopora_tuahiniensis_scaffold223	33	275254	275326	Val	CAC	0	0	72.4	
Pocillopora_tuahiniensis_scaffold223	34	277816	277887	Ala	TGC	0	0	45.5	
Pocillopora_tuahiniensis_scaffold223	35	279219	279296	Ile	GAT	0	0	52.4	
Pocillopora_tuahiniensis_scaffold223	36	284096	284168	Val	AAC	0	0	25.8	pseudo
Pocillopora_tuahiniensis_scaffold223	37	284930	284998	Val	AAC	0	0	20.5	pseudo
Pocillopora_tuahiniensis_scaffold223	38	289597	289669	Val	CAC	0	0	74.5	
Pocillopora_tuahiniensis_scaffold223	39	294034	294106	Ile	GAT	0	0	58.0	
Pocillopora_tuahiniensis_scaffold223	40	296270	296342	Ala	AGC	0	0	62.1	
Pocillopora_tuahiniensis_scaffold223	41	298494	298566	Ala	GGC	0	0	37.2	
Pocillopora_tuahiniensis_scaffold223	42	302416	302488	Asp	ATC	0	0	30.4	pseudo
Pocillopora_tuahiniensis_scaffold223	43	303291	303357	Val	CAC	0	0	56.4	
Pocillopora_tuahiniensis_scaffold223	44	306580	306649	Val	CAC	0	0	35.4	
Pocillopora_tuahiniensis_scaffold223	45	313641	313713	Ile	GAT	0	0	85.2	
Pocillopora_tuahiniensis_scaffold223	46	317324	317388	Thr	GGT	0	0	24.6	
Pocillopora_tuahiniensis_scaffold223	47	318914	318987	Thr	AGT	0	0	72.1	
Pocillopora_tuahiniensis_scaffold223	48	320136	320208	Ala	AGC	0	0	62.1	
Pocillopora_tuahiniensis_scaffold223	49	325412	325484	Val	AAC	0	0	79.7	
Pocillopora_tuahiniensis_scaffold223	50	329874	329946	Ile	GAT	0	0	85.1	
Pocillopora_tuahiniensis_scaffold223	51	331398	331470	Val	AAC	0	0	67.7	
Pocillopora_tuahiniensis_scaffold223	52	327117	327054	Ile	AAT	0	0	20.6	pseudo
Pocillopora_tuahiniensis_scaffold223	53	326015	325944	Pro	TGG	0	0	66.5	
Pocillopora_tuahiniensis_scaffold223	54	307403	307332	Asp	GTC	0	0	68.0	
Pocillopora_tuahiniensis_scaffold223	55	300928	300856	Ile	GAT	0	0	76.7	
Pocillopora_tuahiniensis_scaffold223	56	299491	299420	Pro	CGG	0	0	63.1	
Pocillopora_tuahiniensis_scaffold223	57	290558	290487	Asp	GTC	0	0	68.0	
Pocillopora_tuahiniensis_scaffold223	58	288331	288259	Ala	CGC	0	0	54.3	
Pocillopora_tuahiniensis_scaffold223	59	286421	286348	Asn	GTT	0	0	67.0	
Pocillopora_tuahiniensis_scaffold223	60	285581	285502	Ile	TAT	0	0	23.9	pseudo
Pocillopora_tuahiniensis_scaffold223	61	282568	282497	Pro	AGG	0	0	69.3	
Pocillopora_tuahiniensis_scaffold223	62	278625	278553	Val	CAC	0	0	47.2	
Pocillopora_tuahiniensis_scaffold223	63	276175	276104	Asp	GTC	0	0	68.0	
Pocillopora_tuahiniensis_scaffold223	64	273103	273031	Ala	CGC	0	0	49.0	
Pocillopora_tuahiniensis_scaffold223	65	266789	266717	Ile	GAT	0	0	83.2	
Pocillopora_tuahiniensis_scaffold223	66	254176	254104	Ile	GAT	0	0	85.1	
Pocillopora_tuahiniensis_scaffold223	67	253508	253437	Val	CAC	0	0	22.4	pseudo
Pocillopora_tuahiniensis_scaffold223	68	248396	248324	Ile	GAT	0	0	85.1	
Pocillopora_tuahiniensis_scaffold223	69	242682	242620	Undet	NNN	0	0	38.8	
Pocillopora_tuahiniensis_scaffold223	70	231696	231624	Undet	NNN	0	0	24.2	pseudo
Pocillopora_tuahiniensis_scaffold223	71	223385	223313	Ile	GAT	0	0	85.1	
Pocillopora_tuahiniensis_scaffold223	72	222733	222662	Val	CAC	0	0	22.4	pseudo
Pocillopora_tuahiniensis_scaffold223	73	217555	217483	Ile	GAT	0	0	85.1	
Pocillopora_tuahiniensis_scaffold223	74	215724	215654	Asp	GTC	0	0	20.4	
Pocillopora_tuahiniensis_scaffold223	75	214727	214651	Ile	GAT	0	0	56.2	
Pocillopora_tuahiniensis_scaffold223	76	212265	212194	Pro	AGG	0	0	55.2	
Pocillopora_tuahiniensis_scaffold223	77	205485	205414	Pro	CGG	0	0	64.0	
Pocillopora_tuahiniensis_scaffold223	78	197435	197363	Ile	GAT	0	0	76.2	
Pocillopora_tuahiniensis_scaffold223	79	180604	180503	Ile	GAT	0	0	23.4	
Pocillopora_tuahiniensis_scaffold223	80	180435	180363	Ile	GAT	0	0	85.1	
Pocillopora_tuahiniensis_scaffold223	81	171467	171401	Pro	AGG	0	0	24.0	pseudo
Pocillopora_tuahiniensis_scaffold223	82	167442	167371	Asp	GTC	0	0	68.0	
Pocillopora_tuahiniensis_scaffold224	1	350985	351057	Ile	TAT	0	0	22.7	pseudo
Pocillopora_tuahiniensis_scaffold224	2	700748	700826	Arg	GCG	0	0	21.1	pseudo
Pocillopora_tuahiniensis_scaffold224	3	751836	751907	Thr	AGT	0	0	30.0	pseudo
Pocillopora_tuahiniensis_scaffold224	4	817680	817752	Thr	GGT	0	0	69.5	
Pocillopora_tuahiniensis_scaffold224	5	1336778	1336851	Thr	GGT	0	0	55.2	
Pocillopora_tuahiniensis_scaffold224	6	1355296	1355367	Thr	GGT	0	0	26.6	pseudo
Pocillopora_tuahiniensis_scaffold224	7	753831	753758	His	GTG	0	0	33.2	
Pocillopora_tuahiniensis_scaffold224	8	431526	431455	His	GTG	0	0	48.0	
Pocillopora_tuahiniensis_scaffold224	9	160230	160158	Thr	AGT	0	0	64.1	
Pocillopora_tuahiniensis_scaffold225	1	98377 	98450 	Ser	TGA	0	0	34.5	
Pocillopora_tuahiniensis_scaffold225	2	186280	186351	Asp	GTC	0	0	68.0	
Pocillopora_tuahiniensis_scaffold225	3	1329563	1329491	Thr	GGT	0	0	63.1	
Pocillopora_tuahiniensis_scaffold225	4	1329317	1329245	Thr	GGT	0	0	62.8	
Pocillopora_tuahiniensis_scaffold225	5	1137599	1137527	Thr	GGT	0	0	48.1	pseudo
Pocillopora_tuahiniensis_scaffold225	6	1137364	1137292	Thr	GGT	0	0	28.8	pseudo
Pocillopora_tuahiniensis_scaffold225	7	1010211	1010139	Thr	GGT	0	0	60.1	
Pocillopora_tuahiniensis_scaffold225	8	795885	795813	Thr	GGT	0	0	56.1	
Pocillopora_tuahiniensis_scaffold225	9	702541	702469	Thr	GGT	0	0	56.4	
Pocillopora_tuahiniensis_scaffold225	10	14511 	14439 	Ser	GCT	0	0	43.8	pseudo
Pocillopora_tuahiniensis_scaffold226	1	97031 	97103 	Ala	GGC	0	0	69.4	
Pocillopora_tuahiniensis_scaffold226	2	97280 	97352 	Ala	GGC	0	0	69.4	
Pocillopora_tuahiniensis_scaffold226	3	534598	534670	Thr	GGT	0	0	59.8	
Pocillopora_tuahiniensis_scaffold226	4	639677	639749	Thr	AGT	0	0	22.8	pseudo
Pocillopora_tuahiniensis_scaffold226	5	689081	689009	Leu	GAG	0	0	31.1	
Pocillopora_tuahiniensis_scaffold226	6	677869	677798	Thr	GGT	0	0	29.1	pseudo
Pocillopora_tuahiniensis_scaffold226	7	233973	233901	Thr	GGT	0	0	45.9	pseudo
Pocillopora_tuahiniensis_scaffold226	8	206262	206190	Thr	GGT	0	0	51.0	pseudo
Pocillopora_tuahiniensis_scaffold227	1	94482 	94554 	Thr	GGT	0	0	39.6	pseudo
Pocillopora_tuahiniensis_scaffold227	2	249919	250000	Ser	AGA	0	0	89.6	
Pocillopora_tuahiniensis_scaffold227	3	369607	369679	Pro	CGG	0	0	53.3	
Pocillopora_tuahiniensis_scaffold227	4	187698	187624	Ala	TGC	0	0	26.8	pseudo
Pocillopora_tuahiniensis_scaffold227	5	125188	125116	Ile	GAT	0	0	51.2	pseudo
Pocillopora_tuahiniensis_scaffold227	6	124940	124868	Ile	GAT	0	0	61.2	
Pocillopora_tuahiniensis_scaffold227	7	113812	113740	Arg	ACG	0	0	33.4	pseudo
Pocillopora_tuahiniensis_scaffold227	8	67087 	66895 	Thr	AGT	67050	66929	22.0	pseudo
Pocillopora_tuahiniensis_scaffold228	1	36783 	36853 	Undet	NNN	0	0	20.9	pseudo
Pocillopora_tuahiniensis_scaffold228	2	108523	108596	Arg	GCG	0	0	35.5	
Pocillopora_tuahiniensis_scaffold228	3	119269	119340	Cys	GCA	0	0	63.3	
Pocillopora_tuahiniensis_scaffold228	4	390794	390885	Leu	GAG	0	0	28.0	
Pocillopora_tuahiniensis_scaffold228	5	517808	517881	Pro	CGG	0	0	20.8	pseudo
Pocillopora_tuahiniensis_scaffold228	6	581382	581454	Thr	GGT	0	0	64.1	
Pocillopora_tuahiniensis_scaffold228	7	617971	618043	Thr	GGT	0	0	52.2	
Pocillopora_tuahiniensis_scaffold228	8	618218	618290	Asn	GTT	0	0	64.1	
Pocillopora_tuahiniensis_scaffold228	9	650031	650103	Thr	GGT	0	0	64.1	
Pocillopora_tuahiniensis_scaffold228	10	674435	674507	Thr	GGT	0	0	56.6	
Pocillopora_tuahiniensis_scaffold228	11	699247	699175	Thr	AGT	0	0	50.2	
Pocillopora_tuahiniensis_scaffold228	12	649855	649783	Thr	GGT	0	0	52.2	
Pocillopora_tuahiniensis_scaffold228	13	649608	649536	Asn	GTT	0	0	64.1	
Pocillopora_tuahiniensis_scaffold228	14	617795	617723	Thr	GGT	0	0	64.1	
Pocillopora_tuahiniensis_scaffold228	15	600106	600023	Thr	GGT	0	0	23.5	pseudo
Pocillopora_tuahiniensis_scaffold228	16	599851	599779	Thr	GGT	0	0	59.5	
Pocillopora_tuahiniensis_scaffold228	17	597483	597411	Arg	CCG	0	0	35.9	pseudo
Pocillopora_tuahiniensis_scaffold228	18	421451	421379	Thr	GGT	0	0	34.8	pseudo
Pocillopora_tuahiniensis_scaffold228	19	366362	366290	Ala	GGC	0	0	51.3	
Pocillopora_tuahiniensis_scaffold228	20	298749	298677	Arg	CCG	0	0	30.6	pseudo
Pocillopora_tuahiniensis_scaffold228	21	108328	108255	His	GTG	0	0	52.9	
Pocillopora_tuahiniensis_scaffold229	1	93787 	93859 	Thr	GGT	0	0	68.6	
Pocillopora_tuahiniensis_scaffold229	2	706561	706637	Thr	GGT	0	0	21.9	pseudo
Pocillopora_tuahiniensis_scaffold229	3	994504	994576	Thr	GGT	0	0	66.6	
Pocillopora_tuahiniensis_scaffold229	4	1122233	1122305	Ile	AAT	0	0	52.6	pseudo
Pocillopora_tuahiniensis_scaffold229	5	1649337	1649409	Arg	GCG	0	0	31.9	
Pocillopora_tuahiniensis_scaffold229	6	1880035	1880111	Undet	NNN	0	0	20.7	pseudo
Pocillopora_tuahiniensis_scaffold229	7	1800167	1800095	Ile	GAT	0	0	56.0	
Pocillopora_tuahiniensis_scaffold229	8	1654389	1654320	Undet	NNN	0	0	21.6	
Pocillopora_tuahiniensis_scaffold229	9	1122152	1122080	Thr	GGT	0	0	42.6	pseudo
Pocillopora_tuahiniensis_scaffold229	10	994458	994386	Thr	GGT	0	0	58.9	
Pocillopora_tuahiniensis_scaffold229	11	959869	959797	Thr	GGT	0	0	46.6	
Pocillopora_tuahiniensis_scaffold229	12	757622	757550	Ile	GAT	0	0	39.7	
Pocillopora_tuahiniensis_scaffold229	13	274919	274847	Arg	ACG	0	0	70.5	
Pocillopora_tuahiniensis_scaffold229	14	267921	267849	Arg	ACG	0	0	41.6	pseudo
Pocillopora_tuahiniensis_scaffold230	1	254749	254806	Leu	CAA	0	0	34.5	pseudo
Pocillopora_tuahiniensis_scaffold230	2	381865	381937	Gly	GCC	0	0	42.5	
Pocillopora_tuahiniensis_scaffold230	3	437011	436935	Arg	GCG	0	0	27.0	pseudo
Pocillopora_tuahiniensis_scaffold230	4	418665	418593	Arg	GCG	0	0	54.8	
Pocillopora_tuahiniensis_scaffold231	1	397640	397708	Leu	CAA	0	0	24.0	pseudo
Pocillopora_tuahiniensis_scaffold231	2	425005	425075	Trp	CCA	0	0	29.2	pseudo
Pocillopora_tuahiniensis_scaffold231	3	676624	676552	Thr	GGT	0	0	48.6	pseudo
Pocillopora_tuahiniensis_scaffold232	1	123330	123402	Thr	GGT	0	0	66.9	
Pocillopora_tuahiniensis_scaffold232	2	512930	513002	Cys	ACA	0	0	36.1	
Pocillopora_tuahiniensis_scaffold232	3	516213	516285	Thr	GGT	0	0	67.6	
Pocillopora_tuahiniensis_scaffold232	4	696800	696872	Thr	AGT	0	0	33.1	pseudo
Pocillopora_tuahiniensis_scaffold232	5	763041	763113	Leu	AAG	0	0	21.6	pseudo
Pocillopora_tuahiniensis_scaffold232	6	830689	830762	Arg	GCG	0	0	27.2	pseudo
Pocillopora_tuahiniensis_scaffold232	7	833645	833717	Arg	GCG	0	0	52.9	
Pocillopora_tuahiniensis_scaffold232	8	850918	850991	Cys	GCA	0	0	37.0	
Pocillopora_tuahiniensis_scaffold232	9	853874	853946	Arg	GCG	0	0	44.0	
Pocillopora_tuahiniensis_scaffold232	10	868782	868855	Arg	GCG	0	0	34.5	
Pocillopora_tuahiniensis_scaffold232	11	890290	890362	Undet	NNN	0	0	27.2	pseudo
Pocillopora_tuahiniensis_scaffold232	12	1059033	1059106	Arg	GCG	0	0	24.4	pseudo
Pocillopora_tuahiniensis_scaffold232	13	1117155	1117077	Arg	TCG	0	0	20.8	pseudo
Pocillopora_tuahiniensis_scaffold232	14	1101124	1101052	Thr	TGT	0	0	52.3	
Pocillopora_tuahiniensis_scaffold232	15	654679	654606	Thr	AGT	0	0	26.9	pseudo
Pocillopora_tuahiniensis_scaffold232	16	623097	623024	Thr	AGT	0	0	29.5	pseudo
Pocillopora_tuahiniensis_scaffold232	17	613679	613607	Arg	GCG	0	0	20.3	pseudo
Pocillopora_tuahiniensis_scaffold232	18	458126	458054	Thr	GGT	0	0	52.4	
Pocillopora_tuahiniensis_scaffold232	19	336349	336275	Asp	ATC	0	0	20.0	
Pocillopora_tuahiniensis_scaffold235	1	10472 	10547 	Thr	GGT	0	0	39.4	pseudo
Pocillopora_tuahiniensis_scaffold235	2	304099	304171	His	ATG	0	0	22.7	pseudo
Pocillopora_tuahiniensis_scaffold235	3	284541	284469	Thr	GGT	0	0	69.5	
Pocillopora_tuahiniensis_scaffold235	4	187060	186988	Thr	GGT	0	0	68.7	
Pocillopora_tuahiniensis_scaffold235	5	134385	134314	Arg	CCG	0	0	25.7	pseudo
Pocillopora_tuahiniensis_scaffold235	6	102154	102083	Arg	CCG	0	0	29.8	pseudo
Pocillopora_tuahiniensis_scaffold239	1	8725  	8797  	Thr	AGT	0	0	63.4	
Pocillopora_tuahiniensis_scaffold239	2	20387 	20459 	Arg	CCG	0	0	32.2	pseudo
Pocillopora_tuahiniensis_scaffold241	1	419456	419384	Thr	GGT	0	0	64.1	
Pocillopora_tuahiniensis_scaffold241	2	419211	419139	Thr	GGT	0	0	54.3	pseudo
Pocillopora_tuahiniensis_scaffold241	3	66701 	66631 	Gly	TCC	0	0	20.0	pseudo
Pocillopora_tuahiniensis_scaffold244	1	40329 	40401 	Arg	GCG	0	0	37.8	
Pocillopora_tuahiniensis_scaffold246	1	179752	179826	Ile	TAT	0	0	25.4	pseudo
Pocillopora_tuahiniensis_scaffold246	2	329826	329897	Undet	NNN	0	0	48.0	
Pocillopora_tuahiniensis_scaffold246	3	291000	290931	Ile	AAT	0	0	25.1	
Pocillopora_tuahiniensis_scaffold246	4	232872	232800	Thr	GGT	0	0	39.8	pseudo
Pocillopora_tuahiniensis_scaffold248	1	2434  	2506  	Thr	GGT	0	0	48.7	
Pocillopora_tuahiniensis_scaffold248	2	56785 	56713 	Thr	GGT	0	0	39.4	pseudo
Pocillopora_tuahiniensis_scaffold248	3	1601  	1529  	Thr	GGT	0	0	48.1	
Pocillopora_tuahiniensis_scaffold249	1	39692 	39620 	Thr	GGT	0	0	64.1	
Pocillopora_tuahiniensis_scaffold249	2	31739 	31667 	Arg	GCG	0	0	36.2	
Pocillopora_tuahiniensis_scaffold250	1	122866	122792	Arg	GCG	0	0	20.9	
Pocillopora_tuahiniensis_scaffold250	2	31169 	31082 	Pro	CGG	0	0	26.4	pseudo
Pocillopora_tuahiniensis_scaffold252	1	175391	175463	Thr	TGT	0	0	40.0	pseudo
Pocillopora_tuahiniensis_scaffold252	2	188448	188376	Thr	GGT	0	0	68.7	
Pocillopora_tuahiniensis_scaffold253	1	18207 	18135 	Thr	GGT	0	0	35.5	pseudo
Pocillopora_tuahiniensis_scaffold254	1	154331	154403	Thr	GGT	0	0	69.5	
Pocillopora_tuahiniensis_scaffold254	2	24614 	24542 	Thr	GGT	0	0	64.1	
Pocillopora_tuahiniensis_scaffold255	1	3207  	3131  	Asp	GTC	3170	3167	50.6	pseudo
Pocillopora_tuahiniensis_scaffold256	1	82658 	82731 	Thr	GGT	0	0	71.6	
Pocillopora_tuahiniensis_scaffold256	2	124549	124621	Thr	GGT	0	0	64.1	
Pocillopora_tuahiniensis_scaffold256	3	174973	175044	His	GTG	0	0	31.3	
Pocillopora_tuahiniensis_scaffold256	4	298844	298916	Thr	GGT	0	0	54.7	pseudo
Pocillopora_tuahiniensis_scaffold257	1	40177 	40257 	Arg	CCG	0	0	42.3	pseudo
Pocillopora_tuahiniensis_scaffold259	1	52113 	52184 	Pro	CGG	0	0	46.5	
Pocillopora_tuahiniensis_scaffold262	1	17997 	18069 	Thr	GGT	0	0	65.0	
Pocillopora_tuahiniensis_scaffold262	2	14219 	14147 	Thr	GGT	0	0	66.7	
Pocillopora_tuahiniensis_scaffold263	1	33683 	33619 	Undet	NNN	0	0	33.5	
Pocillopora_tuahiniensis_scaffold264	1	151810	151882	Cys	GCA	0	0	33.1	pseudo
Pocillopora_tuahiniensis_scaffold264	2	233924	233986	Thr	GGT	0	0	20.8	pseudo
Pocillopora_tuahiniensis_scaffold264	3	243533	243606	His	GTG	0	0	41.7	
Pocillopora_tuahiniensis_scaffold264	4	254730	254802	Undet	NNN	0	0	47.2	
Pocillopora_tuahiniensis_scaffold264	5	357156	357228	Thr	GGT	0	0	45.9	pseudo
Pocillopora_tuahiniensis_scaffold264	6	564699	564772	Thr	GGT	0	0	40.1	pseudo
Pocillopora_tuahiniensis_scaffold264	7	587836	587909	Thr	GGT	0	0	40.1	pseudo
Pocillopora_tuahiniensis_scaffold264	8	413174	413102	Thr	AGT	0	0	30.8	pseudo
Pocillopora_tuahiniensis_scaffold264	9	356987	356920	Thr	GGT	0	0	38.1	pseudo
Pocillopora_tuahiniensis_scaffold264	10	348634	348567	Thr	GGT	0	0	42.5	pseudo
Pocillopora_tuahiniensis_scaffold265	1	68373 	68427 	Leu	CAA	0	0	28.8	pseudo
Pocillopora_tuahiniensis_scaffold265	2	132072	132146	Thr	TGT	0	0	26.8	pseudo
Pocillopora_tuahiniensis_scaffold265	3	81160 	81088 	Thr	GGT	0	0	34.4	pseudo
Pocillopora_tuahiniensis_scaffold266	1	42093 	42149 	Leu	CAA	0	0	27.7	pseudo
Pocillopora_tuahiniensis_scaffold266	2	136414	136339	Arg	CCG	0	0	21.8	pseudo
Pocillopora_tuahiniensis_scaffold267	1	218529	218458	Undet	NNN	0	0	29.3	pseudo
Pocillopora_tuahiniensis_scaffold267	2	167143	167071	Ile	GAT	0	0	57.1	
Pocillopora_tuahiniensis_scaffold267	3	103159	103087	Thr	GGT	0	0	30.8	pseudo
Pocillopora_tuahiniensis_scaffold268	1	449617	449689	Thr	AGT	0	0	21.4	pseudo
Pocillopora_tuahiniensis_scaffold268	2	227357	227285	Thr	GGT	0	0	58.7	
Pocillopora_tuahiniensis_scaffold268	3	96019 	95948 	Arg	CCG	0	0	29.8	pseudo
Pocillopora_tuahiniensis_scaffold268	4	73372 	73299 	Ile	GAT	0	0	48.8	pseudo
Pocillopora_tuahiniensis_scaffold268	5	32211 	32138 	Thr	GGT	0	0	46.6	
Pocillopora_tuahiniensis_scaffold269	1	35694 	35766 	Thr	GGT	0	0	28.3	pseudo
Pocillopora_tuahiniensis_scaffold269	2	56119 	56189 	Cys	GCA	0	0	52.1	
Pocillopora_tuahiniensis_scaffold269	3	61946 	62018 	Thr	GGT	0	0	33.3	
Pocillopora_tuahiniensis_scaffold269	4	93439 	93515 	Thr	GGT	0	0	56.0	
Pocillopora_tuahiniensis_scaffold269	5	153223	153295	Arg	GCG	0	0	58.6	
Pocillopora_tuahiniensis_scaffold269	6	159482	159554	Thr	GGT	0	0	28.3	pseudo
Pocillopora_tuahiniensis_scaffold269	7	218179	218250	Cys	GCA	0	0	44.9	
Pocillopora_tuahiniensis_scaffold269	8	221028	221100	Thr	GGT	0	0	22.0	pseudo
Pocillopora_tuahiniensis_scaffold269	9	234630	234559	Arg	ACG	0	0	31.7	pseudo
Pocillopora_tuahiniensis_scaffold269	10	220888	220813	Ala	GGC	0	0	65.7	
Pocillopora_tuahiniensis_scaffold269	11	200084	200010	Thr	GGT	0	0	58.1	
Pocillopora_tuahiniensis_scaffold269	12	195763	195691	Cys	GCA	0	0	26.3	
Pocillopora_tuahiniensis_scaffold269	13	173621	173549	Thr	GGT	0	0	69.5	
Pocillopora_tuahiniensis_scaffold269	14	173373	173301	Thr	GGT	0	0	36.3	pseudo
Pocillopora_tuahiniensis_scaffold269	15	166463	166391	Pro	CGG	0	0	24.5	
Pocillopora_tuahiniensis_scaffold269	16	115276	115204	Pro	CGG	0	0	28.3	
Pocillopora_tuahiniensis_scaffold269	17	61632 	61560 	Thr	GGT	0	0	27.8	pseudo
Pocillopora_tuahiniensis_scaffold269	18	35552 	35477 	Thr	GGT	0	0	57.1	
Pocillopora_tuahiniensis_scaffold270	1	76153 	76081 	Pro	CGG	0	0	46.5	
Pocillopora_tuahiniensis_scaffold270	2	12361 	12289 	Pro	CGG	0	0	56.6	
Pocillopora_tuahiniensis_scaffold271	1	67575 	67507 	Undet	NNN	0	0	51.5	pseudo
Pocillopora_tuahiniensis_scaffold272	1	55196 	55268 	Thr	AGT	0	0	35.8	pseudo
Pocillopora_tuahiniensis_scaffold272	2	58678 	58606 	Gln	TTG	0	0	34.3	pseudo
Pocillopora_tuahiniensis_scaffold272	3	5136  	5064  	Thr	GGT	0	0	63.9	
Pocillopora_tuahiniensis_scaffold273	1	44869 	44941 	Thr	GGT	0	0	65.3	
Pocillopora_tuahiniensis_scaffold273	2	102402	102330	Arg	GCG	0	0	21.5	pseudo
Pocillopora_tuahiniensis_scaffold274	1	60945 	60877 	Thr	TGT	0	0	26.2	pseudo
Pocillopora_tuahiniensis_scaffold275	1	67518 	67590 	Pro	CGG	0	0	62.7	
Pocillopora_tuahiniensis_scaffold275	2	224249	224177	Thr	GGT	0	0	42.4	pseudo
Pocillopora_tuahiniensis_scaffold275	3	8078  	8004  	Thr	TGT	0	0	26.8	pseudo
Pocillopora_tuahiniensis_scaffold276	1	343143	343215	Leu	CAG	0	0	29.0	
Pocillopora_tuahiniensis_scaffold276	2	411927	411855	Thr	AGT	0	0	64.1	
Pocillopora_tuahiniensis_scaffold276	3	411682	411610	Thr	AGT	0	0	64.1	
Pocillopora_tuahiniensis_scaffold276	4	387331	387259	Thr	GGT	0	0	51.6	
Pocillopora_tuahiniensis_scaffold276	5	342989	342917	Undet	NNN	0	0	36.2	
Pocillopora_tuahiniensis_scaffold277	1	109567	109495	Thr	GGT	0	0	45.3	pseudo
Pocillopora_tuahiniensis_scaffold278	1	26328 	26393 	Ser	CGA	0	0	30.1	
Pocillopora_tuahiniensis_scaffold279	1	160754	160833	Arg	CCG	0	0	33.1	pseudo
Pocillopora_tuahiniensis_scaffold279	2	183404	183483	Arg	CCG	0	0	24.7	pseudo
Pocillopora_tuahiniensis_scaffold280	1	37454 	37526 	Pro	CGG	0	0	20.7	pseudo
Pocillopora_tuahiniensis_scaffold280	2	100855	100927	Pro	CGG	0	0	20.7	pseudo
Pocillopora_tuahiniensis_scaffold280	3	114270	114342	Thr	TGT	0	0	54.1	pseudo
Pocillopora_tuahiniensis_scaffold280	4	150486	150558	Arg	GCG	0	0	22.2	
Pocillopora_tuahiniensis_scaffold281	1	38005 	37933 	Cys	GCA	0	0	57.2	
Pocillopora_tuahiniensis_scaffold283	1	122642	122714	Ile	GAT	0	0	48.5	
Pocillopora_tuahiniensis_scaffold283	2	122889	122961	Thr	GGT	0	0	64.1	
Pocillopora_tuahiniensis_scaffold283	3	125187	125259	Thr	GGT	0	0	66.9	
Pocillopora_tuahiniensis_scaffold283	4	196186	196258	Thr	AGT	0	0	45.5	pseudo
Pocillopora_tuahiniensis_scaffold283	5	204564	204636	Thr	GGT	0	0	29.0	
Pocillopora_tuahiniensis_scaffold283	6	236430	236358	Thr	GGT	0	0	56.4	
Pocillopora_tuahiniensis_scaffold283	7	183994	183923	Cys	GCA	0	0	54.0	
Pocillopora_tuahiniensis_scaffold283	8	151922	151851	Cys	GCA	0	0	81.5	
Pocillopora_tuahiniensis_scaffold283	9	46379 	46307 	Thr	GGT	0	0	51.9	pseudo
Pocillopora_tuahiniensis_scaffold284	1	6069  	6141  	Pro	CGG	0	0	41.4	
Pocillopora_tuahiniensis_scaffold284	2	21591 	21663 	Thr	GGT	0	0	57.3	
Pocillopora_tuahiniensis_scaffold284	3	160013	160085	Thr	GGT	0	0	35.9	
Pocillopora_tuahiniensis_scaffold284	4	334937	335010	Thr	GGT	0	0	44.5	pseudo
Pocillopora_tuahiniensis_scaffold284	5	391675	391747	Cys	GCA	0	0	44.0	
Pocillopora_tuahiniensis_scaffold284	6	396510	396582	His	GTG	0	0	27.1	
Pocillopora_tuahiniensis_scaffold284	7	390627	390555	Thr	GGT	0	0	80.4	
Pocillopora_tuahiniensis_scaffold284	8	199967	199901	Undet	NNN	0	0	23.6	pseudo
Pocillopora_tuahiniensis_scaffold284	9	59856 	59783 	Thr	GGT	0	0	39.3	pseudo
Pocillopora_tuahiniensis_scaffold284	10	48700 	48628 	Thr	GGT	0	0	64.1	
Pocillopora_tuahiniensis_scaffold284	11	34250 	34178 	Thr	GGT	0	0	51.9	pseudo
Pocillopora_tuahiniensis_scaffold285	1	79635 	79702 	Arg	GCG	0	0	31.6	
Pocillopora_tuahiniensis_scaffold285	2	371779	371707	Undet	NNN	0	0	30.3	pseudo
Pocillopora_tuahiniensis_scaffold285	3	363515	363443	Undet	NNN	0	0	30.3	pseudo
Pocillopora_tuahiniensis_scaffold285	4	285110	285038	Thr	GGT	0	0	37.4	pseudo
Pocillopora_tuahiniensis_scaffold285	5	104386	104313	Arg	GCG	0	0	43.2	
Pocillopora_tuahiniensis_scaffold285	6	10894 	10813 	Pro	CGG	0	0	27.3	pseudo
Pocillopora_tuahiniensis_scaffold287	1	18406 	18478 	Thr	GGT	0	0	28.2	pseudo
Pocillopora_tuahiniensis_scaffold288	1	140213	140141	Thr	GGT	0	0	45.0	pseudo
Pocillopora_tuahiniensis_scaffold290	1	32850 	32923 	Sup	CTA	0	0	47.5	
Pocillopora_tuahiniensis_scaffold291	1	249164	249237	Arg	ACG	0	0	38.1	
Pocillopora_tuahiniensis_scaffold291	2	261584	261512	Undet	NNN	0	0	29.9	pseudo
Pocillopora_tuahiniensis_scaffold291	3	257457	257385	Ser	GCT	0	0	34.2	pseudo
Pocillopora_tuahiniensis_scaffold292	1	70918 	70993 	Arg	GCG	0	0	30.2	pseudo
Pocillopora_tuahiniensis_scaffold292	2	176127	176201	Thr	TGT	0	0	21.2	pseudo
Pocillopora_tuahiniensis_scaffold292	3	404945	404873	Thr	GGT	0	0	69.5	
Pocillopora_tuahiniensis_scaffold292	4	404693	404621	Thr	GGT	0	0	69.5	
Pocillopora_tuahiniensis_scaffold292	5	404441	404369	Thr	GGT	0	0	69.5	
Pocillopora_tuahiniensis_scaffold292	6	404190	404118	Thr	GGT	0	0	69.5	
Pocillopora_tuahiniensis_scaffold292	7	164146	164074	Thr	GGT	0	0	47.3	
Pocillopora_tuahiniensis_scaffold292	8	70779 	70707 	Arg	GCG	0	0	41.3	
Pocillopora_tuahiniensis_scaffold293	1	9185  	9258  	Arg	GCG	0	0	51.2	
Pocillopora_tuahiniensis_scaffold296	1	36179 	36255 	Thr	AGT	0	0	21.4	pseudo
Pocillopora_tuahiniensis_scaffold297	1	4232  	4296  	Undet	NNN	0	0	27.3	
Pocillopora_tuahiniensis_scaffold297	2	30528 	30600 	Thr	GGT	0	0	54.6	pseudo
Pocillopora_tuahiniensis_scaffold297	3	145484	145556	Thr	GGT	0	0	46.9	pseudo
Pocillopora_tuahiniensis_scaffold297	4	218992	219064	Thr	GGT	0	0	46.1	pseudo
Pocillopora_tuahiniensis_scaffold297	5	297402	297474	Thr	GGT	0	0	64.1	
Pocillopora_tuahiniensis_scaffold297	6	74150 	74073 	Gln	CTG	0	0	21.3	pseudo
Pocillopora_tuahiniensis_scaffold297	7	22837 	22763 	Thr	TGT	0	0	21.8	pseudo
Pocillopora_tuahiniensis_scaffold298	1	153901	153827	Thr	GGT	0	0	70.7	
Pocillopora_tuahiniensis_scaffold299	1	49477 	49549 	Arg	GCG	0	0	51.8	
Pocillopora_tuahiniensis_scaffold299	2	102072	102001	Arg	CCG	0	0	20.7	pseudo
Pocillopora_tuahiniensis_scaffold300	1	258168	258097	Cys	GCA	0	0	60.0	
Pocillopora_tuahiniensis_scaffold300	2	199437	199365	Thr	GGT	0	0	56.9	
Pocillopora_tuahiniensis_scaffold300	3	193605	193533	Arg	CCG	0	0	43.2	pseudo
Pocillopora_tuahiniensis_scaffold300	4	190794	190722	Undet	NNN	0	0	21.7	pseudo
Pocillopora_tuahiniensis_scaffold300	5	165453	165381	Undet	NNN	0	0	21.7	pseudo
Pocillopora_tuahiniensis_scaffold300	6	108316	108245	Pro	CGG	0	0	50.8	
Pocillopora_tuahiniensis_scaffold300	7	63912 	63838 	Thr	TGT	0	0	30.5	pseudo
Pocillopora_tuahiniensis_scaffold301	1	124378	124450	Undet	NNN	0	0	32.3	pseudo
Pocillopora_tuahiniensis_scaffold302	1	15510 	15439 	Leu	CAG	0	0	20.7	pseudo
Pocillopora_tuahiniensis_scaffold303	1	60558 	60631 	Thr	TGT	0	0	24.1	pseudo
Pocillopora_tuahiniensis_scaffold304	1	13725 	13797 	Ile	GAT	0	0	76.6	
Pocillopora_tuahiniensis_scaffold304	2	280514	280586	Thr	GGT	0	0	74.8	
Pocillopora_tuahiniensis_scaffold304	3	281108	281180	Undet	NNN	0	0	48.8	pseudo
Pocillopora_tuahiniensis_scaffold304	4	640486	640558	Thr	GGT	0	0	55.5	
Pocillopora_tuahiniensis_scaffold304	5	787363	787291	Thr	GGT	0	0	49.8	
Pocillopora_tuahiniensis_scaffold304	6	280373	280301	Thr	GGT	0	0	47.9	pseudo
Pocillopora_tuahiniensis_scaffold305	1	399299	399371	Thr	GGT	0	0	37.3	pseudo
Pocillopora_tuahiniensis_scaffold305	2	425517	425589	Arg	GCG	0	0	37.8	
Pocillopora_tuahiniensis_scaffold305	3	515985	516057	Ala	AGC	0	0	51.0	
Pocillopora_tuahiniensis_scaffold305	4	818153	818225	Thr	GGT	0	0	41.1	pseudo
Pocillopora_tuahiniensis_scaffold305	5	1159857	1159930	Thr	GGT	0	0	38.4	pseudo
Pocillopora_tuahiniensis_scaffold305	6	1160101	1160173	Thr	GGT	0	0	41.2	pseudo
Pocillopora_tuahiniensis_scaffold305	7	1250492	1250567	Arg	CCG	0	0	23.0	pseudo
Pocillopora_tuahiniensis_scaffold305	8	1192764	1192696	Thr	TGT	0	0	23.5	pseudo
Pocillopora_tuahiniensis_scaffold305	9	1120843	1120771	Thr	GGT	0	0	46.7	
Pocillopora_tuahiniensis_scaffold305	10	879483	879411	His	GTG	0	0	23.1	pseudo
Pocillopora_tuahiniensis_scaffold305	11	787219	787147	Trp	CCA	0	0	30.4	pseudo
Pocillopora_tuahiniensis_scaffold305	12	665734	665662	Thr	GGT	0	0	44.0	pseudo
Pocillopora_tuahiniensis_scaffold305	13	591971	591895	Met	CAT	0	0	30.1	pseudo
Pocillopora_tuahiniensis_scaffold305	14	459929	459857	Thr	AGT	0	0	60.9	
Pocillopora_tuahiniensis_scaffold305	15	377549	377477	Thr	GGT	0	0	51.9	pseudo
Pocillopora_tuahiniensis_scaffold305	16	103988	103907	Leu	AAG	0	0	70.8	
Pocillopora_tuahiniensis_scaffold305	17	103416	103335	Leu	TAG	0	0	76.6	
Pocillopora_tuahiniensis_scaffold305	18	92348 	92276 	Pro	CGG	0	0	38.0	
Pocillopora_tuahiniensis_scaffold306	1	404068	403996	Thr	GGT	0	0	42.6	pseudo
Pocillopora_tuahiniensis_scaffold306	2	302390	302305	Arg	CCG	302353	302341	62.8	
Pocillopora_tuahiniensis_scaffold306	3	208131	208059	Thr	GGT	0	0	64.1	
Pocillopora_tuahiniensis_scaffold306	4	13878 	13806 	Thr	GGT	0	0	48.9	pseudo
Pocillopora_tuahiniensis_scaffold307	1	84590 	84662 	Thr	GGT	0	0	48.5	pseudo
Pocillopora_tuahiniensis_scaffold308	1	101296	101368	Pro	CGG	0	0	39.2	
Pocillopora_tuahiniensis_scaffold308	2	227087	227187	Ile	GAT	227124	227151	69.3	
Pocillopora_tuahiniensis_scaffold308	3	211326	211254	Tyr	GTA	0	0	51.3	
Pocillopora_tuahiniensis_scaffold309	1	236213	236285	Thr	GGT	0	0	52.6	
Pocillopora_tuahiniensis_scaffold309	2	326293	326365	Thr	GGT	0	0	57.7	
Pocillopora_tuahiniensis_scaffold309	3	176048	175977	Gln	CTG	0	0	22.1	pseudo
Pocillopora_tuahiniensis_scaffold310	1	65298 	65370 	Thr	AGT	0	0	71.5	
Pocillopora_tuahiniensis_scaffold310	2	535881	535809	Thr	GGT	0	0	34.9	pseudo
Pocillopora_tuahiniensis_scaffold310	3	532248	532176	Thr	GGT	0	0	68.2	
Pocillopora_tuahiniensis_scaffold310	4	327466	327394	Thr	GGT	0	0	25.9	pseudo
Pocillopora_tuahiniensis_scaffold310	5	266653	266578	Thr	GGT	266616	266614	64.1	
Pocillopora_tuahiniensis_scaffold310	6	114444	114372	Ala	AGC	0	0	33.0	pseudo
Pocillopora_tuahiniensis_scaffold311	1	119677	119749	Ser	GGA	0	0	31.8	pseudo
Pocillopora_tuahiniensis_scaffold311	2	882544	882615	Thr	GGT	0	0	21.1	pseudo
Pocillopora_tuahiniensis_scaffold311	3	794474	794401	Arg	TCT	0	0	75.1	
Pocillopora_tuahiniensis_scaffold311	4	573123	573050	Thr	GGT	0	0	27.1	pseudo
Pocillopora_tuahiniensis_scaffold312	1	204780	204854	Gln	CTG	0	0	26.1	pseudo
Pocillopora_tuahiniensis_scaffold312	2	593408	593336	Ala	GGC	0	0	44.6	pseudo
Pocillopora_tuahiniensis_scaffold312	3	591573	591502	Thr	GGT	0	0	65.8	
Pocillopora_tuahiniensis_scaffold312	4	355037	354963	Thr	GGT	0	0	59.3	
Pocillopora_tuahiniensis_scaffold312	5	272771	272713	Undet	NNN	0	0	28.3	pseudo
Pocillopora_tuahiniensis_scaffold313	1	201964	202036	Thr	GGT	0	0	49.9	pseudo
Pocillopora_tuahiniensis_scaffold313	2	336841	336914	Thr	GGT	0	0	50.5	pseudo
Pocillopora_tuahiniensis_scaffold313	3	337089	337162	Thr	GGT	0	0	47.2	pseudo
Pocillopora_tuahiniensis_scaffold313	4	337337	337409	Thr	GGT	0	0	21.7	pseudo
Pocillopora_tuahiniensis_scaffold313	5	338820	338748	Thr	GGT	0	0	53.2	pseudo
Pocillopora_tuahiniensis_scaffold313	6	324374	324301	Thr	GGT	0	0	60.3	
Pocillopora_tuahiniensis_scaffold313	7	324124	324052	Thr	GGT	0	0	71.7	
Pocillopora_tuahiniensis_scaffold313	8	95943 	95870 	Thr	GGT	0	0	25.7	pseudo
Pocillopora_tuahiniensis_scaffold313	9	3750  	3676  	Thr	GGT	0	0	39.0	
Pocillopora_tuahiniensis_scaffold314	1	167020	166948	Thr	GGT	0	0	61.5	
Pocillopora_tuahiniensis_scaffold314	2	76994 	76924 	Thr	GGT	0	0	34.7	
Pocillopora_tuahiniensis_scaffold314	3	27083 	27013 	Thr	GGT	0	0	32.1	
Pocillopora_tuahiniensis_scaffold314	4	6106  	6036  	Thr	GGT	0	0	51.7	
Pocillopora_tuahiniensis_scaffold315	1	39636 	39709 	Thr	GGT	0	0	23.9	pseudo
Pocillopora_tuahiniensis_scaffold315	2	15232 	15160 	Thr	GGT	0	0	64.1	
Pocillopora_tuahiniensis_scaffold315	3	14969 	14897 	Asn	GTT	0	0	57.1	
Pocillopora_tuahiniensis_scaffold316	1	529733	529805	Thr	GGT	0	0	58.7	
Pocillopora_tuahiniensis_scaffold316	2	532833	532901	Arg	GCG	0	0	21.6	
Pocillopora_tuahiniensis_scaffold316	3	701930	701858	Thr	GGT	0	0	66.2	
Pocillopora_tuahiniensis_scaffold316	4	637575	637503	Thr	AGT	0	0	24.6	pseudo
Pocillopora_tuahiniensis_scaffold317	1	335331	335403	Thr	GGT	0	0	55.6	
Pocillopora_tuahiniensis_scaffold317	2	400205	400282	Asn	ATT	400243	400246	36.4	
Pocillopora_tuahiniensis_scaffold317	3	231675	231602	Pro	CGG	0	0	45.2	pseudo
Pocillopora_tuahiniensis_scaffold319	1	30943 	31015 	Arg	CCG	0	0	20.7	pseudo
Pocillopora_tuahiniensis_scaffold319	2	71546 	71617 	Thr	GGT	0	0	46.9	pseudo
Pocillopora_tuahiniensis_scaffold319	3	122179	122251	Thr	GGT	0	0	21.5	pseudo
Pocillopora_tuahiniensis_scaffold319	4	64514 	64442 	Thr	GGT	0	0	32.6	pseudo
Pocillopora_tuahiniensis_scaffold320	1	164290	164363	Thr	CGT	0	0	73.1	
Pocillopora_tuahiniensis_scaffold320	2	439150	439222	Thr	GGT	0	0	51.1	
Pocillopora_tuahiniensis_scaffold320	3	521586	521657	Pro	AGG	0	0	68.3	
Pocillopora_tuahiniensis_scaffold320	4	525771	525842	Pro	CGG	0	0	73.8	
Pocillopora_tuahiniensis_scaffold320	5	644351	644424	Ser	AGA	0	0	55.8	
Pocillopora_tuahiniensis_scaffold320	6	765639	765725	Arg	ACG	0	0	21.3	pseudo
Pocillopora_tuahiniensis_scaffold320	7	790104	790176	Pro	CGG	0	0	64.7	
Pocillopora_tuahiniensis_scaffold320	8	1038647	1038575	Undet	NNN	0	0	27.7	pseudo
Pocillopora_tuahiniensis_scaffold320	9	670610	670538	Arg	ACG	0	0	40.1	pseudo
Pocillopora_tuahiniensis_scaffold320	10	652271	652199	Arg	ACG	0	0	40.1	pseudo
Pocillopora_tuahiniensis_scaffold320	11	524499	524428	Pro	TGG	0	0	69.3	
Pocillopora_tuahiniensis_scaffold320	12	491324	491252	Thr	GGT	0	0	70.5	
Pocillopora_tuahiniensis_scaffold320	13	181410	181338	Thr	GGT	0	0	46.6	pseudo
Pocillopora_tuahiniensis_scaffold321	1	38822 	38894 	Thr	GGT	0	0	60.9	
Pocillopora_tuahiniensis_scaffold321	2	39553 	39625 	Thr	AGT	0	0	49.9	
Pocillopora_tuahiniensis_scaffold321	3	460548	460476	Undet	NNN	0	0	20.8	pseudo
Pocillopora_tuahiniensis_scaffold321	4	411254	411186	Undet	NNN	0	0	22.7	pseudo
Pocillopora_tuahiniensis_scaffold321	5	231261	231189	Thr	AGT	0	0	66.7	
Pocillopora_tuahiniensis_scaffold321	6	231011	230939	Thr	GGT	0	0	42.7	pseudo
Pocillopora_tuahiniensis_scaffold321	7	172807	172735	Arg	GCG	0	0	43.9	
Pocillopora_tuahiniensis_scaffold321	8	172562	172490	His	GTG	0	0	34.4	pseudo
Pocillopora_tuahiniensis_scaffold322	1	464404	464476	Thr	GGT	0	0	59.6	
Pocillopora_tuahiniensis_scaffold322	2	537113	537186	Thr	GGT	0	0	49.0	pseudo
Pocillopora_tuahiniensis_scaffold322	3	547529	547601	Thr	GGT	0	0	63.7	
Pocillopora_tuahiniensis_scaffold322	4	700713	700641	Arg	ACG	0	0	27.0	pseudo
Pocillopora_tuahiniensis_scaffold322	5	547517	547445	Thr	GGT	0	0	40.2	pseudo
Pocillopora_tuahiniensis_scaffold322	6	418575	418503	Thr	GGT	0	0	66.6	
Pocillopora_tuahiniensis_scaffold323	1	40601 	40529 	Thr	GGT	0	0	43.8	pseudo
Pocillopora_tuahiniensis_scaffold324	1	63122 	63194 	Gln	CTG	0	0	29.7	pseudo
Pocillopora_tuahiniensis_scaffold324	2	84465 	84539 	Undet	NNN	0	0	31.1	pseudo
Pocillopora_tuahiniensis_scaffold324	3	87972 	88046 	Arg	GCG	0	0	47.9	
Pocillopora_tuahiniensis_scaffold324	4	95649 	95721 	Arg	GCG	0	0	37.8	
Pocillopora_tuahiniensis_scaffold324	5	142462	142534	Thr	GGT	0	0	62.6	
Pocillopora_tuahiniensis_scaffold324	6	196958	197031	Thr	TGT	0	0	38.8	pseudo
Pocillopora_tuahiniensis_scaffold326	1	1430  	1501  	Glu	CTC	0	0	70.4	
Pocillopora_tuahiniensis_scaffold326	2	6891  	6962  	Glu	CTC	0	0	70.4	
Pocillopora_tuahiniensis_scaffold326	3	10296 	10367 	Glu	CTC	0	0	70.4	
Pocillopora_tuahiniensis_scaffold326	4	17975 	18052 	Glu	TTC	0	0	35.9	pseudo
Pocillopora_tuahiniensis_scaffold326	5	63976 	64047 	Glu	CTC	0	0	74.5	
Pocillopora_tuahiniensis_scaffold326	6	65135 	65207 	Ala	GGC	0	0	63.7	
Pocillopora_tuahiniensis_scaffold326	7	99656 	99728 	Arg	CCG	0	0	41.3	pseudo
Pocillopora_tuahiniensis_scaffold326	8	113752	113824	Lys	TTT	0	0	87.2	
Pocillopora_tuahiniensis_scaffold326	9	140498	140572	Thr	AGT	0	0	43.0	
Pocillopora_tuahiniensis_scaffold326	10	377107	377036	Leu	CAG	0	0	24.9	pseudo
Pocillopora_tuahiniensis_scaffold326	11	308709	308637	Undet	NNN	0	0	48.7	pseudo
Pocillopora_tuahiniensis_scaffold326	12	284082	284007	Tyr	GTA	0	0	26.2	
Pocillopora_tuahiniensis_scaffold326	13	248136	248064	Thr	GGT	0	0	51.5	
Pocillopora_tuahiniensis_scaffold326	14	93760 	93688 	Lys	TTT	0	0	87.2	
Pocillopora_tuahiniensis_scaffold326	15	90449 	90377 	Lys	TTT	0	0	87.2	
Pocillopora_tuahiniensis_scaffold326	16	89203 	89131 	Lys	TTT	0	0	87.2	
Pocillopora_tuahiniensis_scaffold326	17	64467 	64396 	Glu	CTC	0	0	67.1	
Pocillopora_tuahiniensis_scaffold326	18	55791 	55720 	Glu	TTC	0	0	71.5	
Pocillopora_tuahiniensis_scaffold326	19	53358 	53287 	Glu	CTC	0	0	74.9	
Pocillopora_tuahiniensis_scaffold326	20	50429 	50357 	Lys	TTT	0	0	82.5	
Pocillopora_tuahiniensis_scaffold327	1	89501 	89573 	Ser	GCT	0	0	49.1	pseudo
Pocillopora_tuahiniensis_scaffold328	1	270521	270593	Thr	GGT	0	0	64.1	
Pocillopora_tuahiniensis_scaffold329	1	342163	342091	Thr	GGT	0	0	69.5	
Pocillopora_tuahiniensis_scaffold329	2	331743	331671	Ala	GGC	0	0	69.4	
Pocillopora_tuahiniensis_scaffold329	3	305262	305191	Asn	GTT	0	0	23.1	pseudo
Pocillopora_tuahiniensis_scaffold330	1	117754	117826	Thr	GGT	0	0	69.8	
Pocillopora_tuahiniensis_scaffold330	2	117624	117552	Thr	GGT	0	0	28.9	pseudo
Pocillopora_tuahiniensis_scaffold330	3	40383 	40311 	Ser	GGA	0	0	58.0	
Pocillopora_tuahiniensis_scaffold331	1	242792	242864	Ile	AAT	0	0	31.6	
Pocillopora_tuahiniensis_scaffold331	2	495252	495338	Tyr	GTA	495289	495302	78.0	
Pocillopora_tuahiniensis_scaffold331	3	502493	502579	Tyr	GTA	502530	502543	78.0	
Pocillopora_tuahiniensis_scaffold331	4	503088	503174	Tyr	GTA	503125	503138	78.0	
Pocillopora_tuahiniensis_scaffold331	5	547193	547265	Thr	GGT	0	0	39.5	
Pocillopora_tuahiniensis_scaffold331	6	512652	512566	Tyr	GTA	512615	512602	78.1	
Pocillopora_tuahiniensis_scaffold331	7	511715	511629	Tyr	GTA	511678	511665	66.8	
Pocillopora_tuahiniensis_scaffold331	8	511301	511212	Tyr	GTA	511264	511248	77.9	
Pocillopora_tuahiniensis_scaffold331	9	463662	463590	Thr	AGT	0	0	43.4	
Pocillopora_tuahiniensis_scaffold331	10	310795	310722	His	GTG	0	0	38.8	
Pocillopora_tuahiniensis_scaffold331	11	218612	218540	Thr	GGT	0	0	64.1	
Pocillopora_tuahiniensis_scaffold331	12	134172	134097	Thr	GGT	0	0	41.5	pseudo
Pocillopora_tuahiniensis_scaffold332	1	255796	255868	Thr	AGT	0	0	20.8	pseudo
Pocillopora_tuahiniensis_scaffold332	2	257126	257198	Asn	ATT	0	0	35.5	
Pocillopora_tuahiniensis_scaffold332	3	323932	324004	Arg	GCG	0	0	36.6	pseudo
Pocillopora_tuahiniensis_scaffold332	4	338591	338663	Undet	NNN	0	0	45.8	
Pocillopora_tuahiniensis_scaffold332	5	351939	352010	Cys	GCA	0	0	41.4	
Pocillopora_tuahiniensis_scaffold332	6	45688 	45616 	Thr	AGT	0	0	20.5	pseudo
Pocillopora_tuahiniensis_scaffold332	7	36103 	36031 	Asn	ATT	0	0	42.4	
Pocillopora_tuahiniensis_scaffold333	1	325980	326051	Gln	CTG	0	0	38.5	pseudo
Pocillopora_tuahiniensis_scaffold333	2	73941 	73870 	Undet	NNN	0	0	21.2	pseudo
Pocillopora_tuahiniensis_scaffold334	1	167470	167542	Undet	NNN	0	0	44.4	
Pocillopora_tuahiniensis_scaffold334	2	518398	518471	Pro	CGG	0	0	41.9	
Pocillopora_tuahiniensis_scaffold334	3	518663	518736	Arg	GCG	0	0	50.9	
Pocillopora_tuahiniensis_scaffold335	1	86823 	86894 	Cys	GCA	0	0	48.1	
Pocillopora_tuahiniensis_scaffold335	2	104378	104457	Arg	CCG	0	0	26.8	pseudo
Pocillopora_tuahiniensis_scaffold335	3	244712	244786	Thr	TGT	0	0	25.4	pseudo
Pocillopora_tuahiniensis_scaffold335	4	746261	746333	Thr	AGT	0	0	20.2	pseudo
Pocillopora_tuahiniensis_scaffold335	5	57221 	57149 	Pro	CGG	0	0	32.3	pseudo
Pocillopora_tuahiniensis_scaffold335	6	1668  	1596  	Arg	GCG	0	0	44.5	
Pocillopora_tuahiniensis_scaffold336	1	59909 	59978 	Arg	GCG	0	0	28.3	
Pocillopora_tuahiniensis_scaffold336	2	137210	137138	Undet	NNN	0	0	31.8	
Pocillopora_tuahiniensis_scaffold337	1	4565  	4494  	Gln	CTG	0	0	24.1	pseudo
Pocillopora_tuahiniensis_scaffold338	1	65735 	65805 	Undet	NNN	0	0	23.8	
Pocillopora_tuahiniensis_scaffold338	2	260224	260296	Thr	AGT	0	0	63.0	
Pocillopora_tuahiniensis_scaffold338	3	63031 	62955 	Thr	GGT	0	0	45.8	pseudo
Pocillopora_tuahiniensis_scaffold339	1	100814	100886	Ile	GAT	0	0	29.4	
Pocillopora_tuahiniensis_scaffold339	2	613510	613582	Thr	AGT	0	0	20.6	pseudo
Pocillopora_tuahiniensis_scaffold339	3	489841	489769	Thr	AGT	0	0	27.4	pseudo
Pocillopora_tuahiniensis_scaffold339	4	417590	417519	Glu	TTC	0	0	70.5	
Pocillopora_tuahiniensis_scaffold339	5	414729	414663	Glu	TTC	0	0	33.9	
Pocillopora_tuahiniensis_scaffold339	6	374572	374498	Thr	TGT	0	0	23.9	pseudo
Pocillopora_tuahiniensis_scaffold340	1	39287 	39358 	Gln	CTG	0	0	29.4	pseudo
Pocillopora_tuahiniensis_scaffold340	2	120316	120388	Undet	NNN	0	0	40.1	pseudo
Pocillopora_tuahiniensis_scaffold341	1	302274	302201	Thr	CGT	0	0	23.7	
Pocillopora_tuahiniensis_scaffold341	2	290712	290640	Thr	GGT	0	0	72.2	
Pocillopora_tuahiniensis_scaffold341	3	45032 	44972 	Undet	NNN	0	0	48.4	
Pocillopora_tuahiniensis_scaffold341	4	44747 	44674 	Arg	TCT	0	0	47.7	
Pocillopora_tuahiniensis_scaffold342	1	155363	155435	Thr	GGT	0	0	54.6	
Pocillopora_tuahiniensis_scaffold342	2	151801	151729	Thr	GGT	0	0	58.7	
Pocillopora_tuahiniensis_scaffold343	1	194721	194792	Cys	GCA	0	0	40.7	pseudo
Pocillopora_tuahiniensis_scaffold343	2	214687	214615	Thr	GGT	0	0	54.5	
Pocillopora_tuahiniensis_scaffold343	3	212340	212268	Thr	AGT	0	0	53.9	
Pocillopora_tuahiniensis_scaffold343	4	207269	207198	Thr	GGT	0	0	26.2	pseudo
Pocillopora_tuahiniensis_scaffold343	5	62727 	62655 	Thr	GGT	0	0	55.9	
Pocillopora_tuahiniensis_scaffold343	6	62505 	62433 	Thr	CGT	0	0	65.5	
Pocillopora_tuahiniensis_scaffold344	1	11972 	12044 	Thr	GGT	0	0	57.5	
Pocillopora_tuahiniensis_scaffold344	2	64146 	64218 	Thr	GGT	0	0	66.6	
Pocillopora_tuahiniensis_scaffold346	1	1584  	1657  	Thr	GGT	0	0	44.7	pseudo
Pocillopora_tuahiniensis_scaffold346	2	1371  	1299  	Thr	GGT	0	0	64.8	
Pocillopora_tuahiniensis_scaffold347	1	111679	111751	Thr	GGT	0	0	62.2	
Pocillopora_tuahiniensis_scaffold347	2	196438	196511	Thr	TGT	0	0	28.2	pseudo
Pocillopora_tuahiniensis_scaffold347	3	274680	274754	Thr	TGT	0	0	23.7	pseudo
Pocillopora_tuahiniensis_scaffold347	4	334536	334614	Thr	AGT	0	0	24.6	pseudo
Pocillopora_tuahiniensis_scaffold347	5	571336	571409	Thr	GGT	0	0	63.7	
Pocillopora_tuahiniensis_scaffold347	6	604977	605049	His	ATG	0	0	44.3	
Pocillopora_tuahiniensis_scaffold347	7	818959	819024	Undet	NNN	0	0	35.3	pseudo
Pocillopora_tuahiniensis_scaffold347	8	859374	859446	His	GTG	0	0	30.0	pseudo
Pocillopora_tuahiniensis_scaffold347	9	1015062	1015134	Ser	AGA	0	0	25.6	pseudo
Pocillopora_tuahiniensis_scaffold347	10	1087189	1087261	Gln	CTG	0	0	25.6	pseudo
Pocillopora_tuahiniensis_scaffold347	11	1319834	1319905	Cys	GCA	0	0	55.3	
Pocillopora_tuahiniensis_scaffold347	12	1019716	1019636	Thr	AGT	0	0	20.5	pseudo
Pocillopora_tuahiniensis_scaffold347	13	769982	769910	Thr	GGT	0	0	37.0	pseudo
Pocillopora_tuahiniensis_scaffold347	14	489636	489564	Thr	AGT	0	0	45.9	pseudo
Pocillopora_tuahiniensis_scaffold347	15	414298	414226	Thr	GGT	0	0	57.2	
Pocillopora_tuahiniensis_scaffold347	16	387064	386991	Arg	GCG	0	0	43.1	
Pocillopora_tuahiniensis_scaffold347	17	334273	334201	Thr	GGT	0	0	65.6	
Pocillopora_tuahiniensis_scaffold347	18	245723	245651	Thr	AGT	0	0	63.1	
Pocillopora_tuahiniensis_scaffold347	19	21175 	21103 	Thr	GGT	0	0	54.2	
Pocillopora_tuahiniensis_scaffold348	1	200150	200222	Undet	NNN	0	0	49.4	
Pocillopora_tuahiniensis_scaffold348	2	205349	205421	Thr	GGT	0	0	69.5	
Pocillopora_tuahiniensis_scaffold348	3	373663	373735	Arg	ACG	0	0	25.1	
Pocillopora_tuahiniensis_scaffold348	4	657947	657875	Ile	AAT	0	0	20.2	
Pocillopora_tuahiniensis_scaffold348	5	455131	455059	Arg	GCG	0	0	34.9	pseudo
Pocillopora_tuahiniensis_scaffold348	6	205206	205134	Thr	GGT	0	0	69.5	
Pocillopora_tuahiniensis_scaffold348	7	170072	170000	Thr	AGT	0	0	58.7	
Pocillopora_tuahiniensis_scaffold348	8	37591 	37513 	Arg	GCG	0	0	26.7	
Pocillopora_tuahiniensis_scaffold348	9	8140  	8068  	Arg	ACG	0	0	48.0	
Pocillopora_tuahiniensis_scaffold349	1	147584	147656	Thr	AGT	0	0	49.9	pseudo
Pocillopora_tuahiniensis_scaffold349	2	265801	265870	Ser	GCT	0	0	20.4	pseudo
Pocillopora_tuahiniensis_scaffold349	3	319351	319423	Thr	GGT	0	0	59.2	
Pocillopora_tuahiniensis_scaffold349	4	319306	319233	Thr	GGT	0	0	46.3	
Pocillopora_tuahiniensis_scaffold350	1	30890 	30962 	His	GTG	0	0	34.4	pseudo
Pocillopora_tuahiniensis_scaffold350	2	182252	182325	Thr	GGT	0	0	68.6	
Pocillopora_tuahiniensis_scaffold350	3	182505	182578	Thr	GGT	0	0	53.6	
Pocillopora_tuahiniensis_scaffold350	4	405258	405186	Undet	NNN	0	0	38.4	
Pocillopora_tuahiniensis_scaffold350	5	26781 	26709 	Cys	GCA	0	0	37.1	
Pocillopora_tuahiniensis_scaffold351	1	192435	192507	Ile	GAT	0	0	35.2	pseudo
Pocillopora_tuahiniensis_scaffold352	1	93903 	93976 	Thr	TGT	0	0	26.1	pseudo
Pocillopora_tuahiniensis_scaffold353	1	158266	158339	Asp	GTC	0	0	20.7	pseudo
Pocillopora_tuahiniensis_scaffold353	2	587741	587813	Lys	TTT	0	0	85.6	
Pocillopora_tuahiniensis_scaffold353	3	600395	600467	Thr	GGT	0	0	59.1	
Pocillopora_tuahiniensis_scaffold353	4	600641	600714	Undet	NNN	0	0	27.2	pseudo
Pocillopora_tuahiniensis_scaffold353	5	219691	219620	Thr	GGT	0	0	27.5	pseudo
Pocillopora_tuahiniensis_scaffold353	6	31513 	31441 	Thr	GGT	0	0	51.4	
Pocillopora_tuahiniensis_scaffold354	1	140903	140831	Thr	GGT	0	0	33.4	pseudo
Pocillopora_tuahiniensis_scaffold355	1	138925	138997	Thr	GGT	0	0	50.4	
Pocillopora_tuahiniensis_scaffold355	2	146069	146141	Thr	GGT	0	0	55.6	
Pocillopora_tuahiniensis_scaffold355	3	147254	147325	Thr	GGT	0	0	28.9	
Pocillopora_tuahiniensis_scaffold355	4	155407	155479	Thr	GGT	0	0	66.4	
Pocillopora_tuahiniensis_scaffold355	5	226189	226262	Ser	ACT	0	0	36.6	pseudo
Pocillopora_tuahiniensis_scaffold355	6	244189	244261	Thr	GGT	0	0	53.0	pseudo
Pocillopora_tuahiniensis_scaffold355	7	249811	249883	Thr	GGT	0	0	71.2	
Pocillopora_tuahiniensis_scaffold355	8	249478	249406	Thr	GGT	0	0	56.4	
Pocillopora_tuahiniensis_scaffold355	9	155195	155123	Thr	GGT	0	0	46.1	pseudo
Pocillopora_tuahiniensis_scaffold357	1	48272 	48347 	Arg	CCG	0	0	27.1	pseudo
Pocillopora_tuahiniensis_scaffold357	2	326346	326419	Cys	GCA	0	0	42.9	pseudo
Pocillopora_tuahiniensis_scaffold357	3	488055	488129	Arg	GCG	0	0	30.9	pseudo
Pocillopora_tuahiniensis_scaffold357	4	513751	513827	Thr	AGT	0	0	57.7	
Pocillopora_tuahiniensis_scaffold357	5	513982	514054	Ala	GGC	0	0	26.5	pseudo
Pocillopora_tuahiniensis_scaffold357	6	520618	520548	Phe	AAA	0	0	26.7	pseudo
Pocillopora_tuahiniensis_scaffold357	7	487293	487219	Arg	GCG	0	0	24.3	pseudo
Pocillopora_tuahiniensis_scaffold357	8	447890	447818	Ala	GGC	0	0	52.0	
Pocillopora_tuahiniensis_scaffold357	9	447609	447532	Ala	GGC	0	0	30.7	pseudo
Pocillopora_tuahiniensis_scaffold357	10	294821	294749	Thr	GGT	0	0	66.0	
Pocillopora_tuahiniensis_scaffold357	11	253822	253750	Arg	GCG	0	0	23.4	pseudo
Pocillopora_tuahiniensis_scaffold358	1	12480 	12552 	Thr	GGT	0	0	48.5	pseudo
Pocillopora_tuahiniensis_scaffold358	2	16391 	16463 	Thr	GGT	0	0	26.8	pseudo
Pocillopora_tuahiniensis_scaffold358	3	62216 	62288 	Thr	GGT	0	0	48.5	pseudo
Pocillopora_tuahiniensis_scaffold358	4	280428	280500	Thr	GGT	0	0	48.5	pseudo
Pocillopora_tuahiniensis_scaffold359	1	31566 	31639 	Arg	TCT	0	0	75.1	
Pocillopora_tuahiniensis_scaffold359	2	35793 	35866 	Arg	TCT	0	0	75.1	
Pocillopora_tuahiniensis_scaffold359	3	48773 	48846 	Arg	TCT	0	0	63.8	
Pocillopora_tuahiniensis_scaffold359	4	53532 	53605 	Arg	TCT	0	0	75.1	
Pocillopora_tuahiniensis_scaffold359	5	62290 	62363 	Arg	TCT	0	0	58.4	
Pocillopora_tuahiniensis_scaffold359	6	66558 	66631 	Arg	TCT	0	0	75.1	
Pocillopora_tuahiniensis_scaffold359	7	109883	109954	Trp	CCA	0	0	77.8	
Pocillopora_tuahiniensis_scaffold359	8	253955	254026	Arg	GCG	0	0	20.8	pseudo
Pocillopora_tuahiniensis_scaffold359	9	115532	115461	Trp	CCA	0	0	77.8	
Pocillopora_tuahiniensis_scaffold359	10	112870	112797	Arg	TCT	0	0	75.1	
Pocillopora_tuahiniensis_scaffold359	11	110735	110660	Arg	TCT	0	0	58.9	
Pocillopora_tuahiniensis_scaffold359	12	105490	105418	Arg	ACG	0	0	69.1	
Pocillopora_tuahiniensis_scaffold359	13	68663 	68591 	Thr	GGT	0	0	64.1	
Pocillopora_tuahiniensis_scaffold359	14	16921 	16847 	Arg	TCT	0	0	44.0	pseudo
Pocillopora_tuahiniensis_scaffold359	15	9870  	9798  	Pro	CGG	0	0	40.7	
Pocillopora_tuahiniensis_scaffold360	1	110147	110216	Ser	GCT	0	0	25.4	pseudo
Pocillopora_tuahiniensis_scaffold360	2	358525	358603	Undet	NNN	0	0	24.8	pseudo
Pocillopora_tuahiniensis_scaffold360	3	387108	387182	Undet	NNN	0	0	21.1	pseudo
Pocillopora_tuahiniensis_scaffold360	4	220284	220212	Thr	GGT	0	0	59.1	
Pocillopora_tuahiniensis_scaffold361	1	278043	277971	Thr	GGT	0	0	58.5	
Pocillopora_tuahiniensis_scaffold361	2	241914	241842	Arg	GCG	0	0	30.7	
Pocillopora_tuahiniensis_scaffold361	3	237475	237403	Thr	GGT	0	0	69.7	
Pocillopora_tuahiniensis_scaffold361	4	208597	208525	Thr	GGT	0	0	55.2	
Pocillopora_tuahiniensis_scaffold361	5	181693	181621	Arg	GCG	0	0	33.5	
Pocillopora_tuahiniensis_scaffold361	6	177465	177393	Thr	GGT	0	0	67.2	
Pocillopora_tuahiniensis_scaffold361	7	139456	139384	Thr	GGT	0	0	63.8	
Pocillopora_tuahiniensis_scaffold361	8	89009 	88937 	Ser	AGA	0	0	50.7	
Pocillopora_tuahiniensis_scaffold361	9	83021 	82945 	Thr	AGT	0	0	48.5	
Pocillopora_tuahiniensis_scaffold362	1	71265 	71337 	Thr	AGT	0	0	37.2	pseudo
Pocillopora_tuahiniensis_scaffold362	2	305158	305230	Thr	GGT	0	0	64.6	
Pocillopora_tuahiniensis_scaffold362	3	340109	340181	Leu	TAA	0	0	41.4	
Pocillopora_tuahiniensis_scaffold362	4	401426	401498	Thr	GGT	0	0	43.6	pseudo
Pocillopora_tuahiniensis_scaffold362	5	401672	401744	Thr	GGT	0	0	57.8	
Pocillopora_tuahiniensis_scaffold362	6	639035	638963	Thr	GGT	0	0	58.7	
Pocillopora_tuahiniensis_scaffold362	7	593588	593516	Ser	GGA	0	0	27.0	pseudo
Pocillopora_tuahiniensis_scaffold362	8	429775	429703	Thr	GGT	0	0	38.1	pseudo
Pocillopora_tuahiniensis_scaffold362	9	355089	355017	Pro	TGG	0	0	44.2	
Pocillopora_tuahiniensis_scaffold362	10	309665	309596	Arg	GCG	0	0	20.5	
Pocillopora_tuahiniensis_scaffold362	11	175714	175643	Undet	NNN	0	0	20.7	pseudo
Pocillopora_tuahiniensis_scaffold363	1	230087	230159	Arg	CCT	0	0	41.2	pseudo
Pocillopora_tuahiniensis_scaffold363	2	169212	169140	Thr	GGT	0	0	30.8	pseudo
Pocillopora_tuahiniensis_scaffold363	3	121315	121240	Arg	CCG	0	0	20.8	pseudo
Pocillopora_tuahiniensis_scaffold364	1	99481 	99553 	Thr	AGT	0	0	72.5	
Pocillopora_tuahiniensis_scaffold365	1	196955	197027	Undet	NNN	0	0	33.0	pseudo
Pocillopora_tuahiniensis_scaffold365	2	401386	401314	Thr	GGT	0	0	30.1	pseudo
Pocillopora_tuahiniensis_scaffold365	3	249782	249711	Ala	CGC	0	0	82.6	
Pocillopora_tuahiniensis_scaffold365	4	195048	194977	Arg	TCG	0	0	34.0	
Pocillopora_tuahiniensis_scaffold366	1	252436	252508	Thr	GGT	0	0	50.5	
Pocillopora_tuahiniensis_scaffold366	2	258729	258801	Thr	GGT	0	0	53.8	pseudo
Pocillopora_tuahiniensis_scaffold366	3	266158	266240	Thr	GGT	0	0	25.0	pseudo
Pocillopora_tuahiniensis_scaffold366	4	510736	510809	Undet	NNN	0	0	30.4	
Pocillopora_tuahiniensis_scaffold366	5	554815	554743	Thr	GGT	0	0	64.4	
Pocillopora_tuahiniensis_scaffold366	6	277085	277013	Thr	GGT	0	0	60.9	
Pocillopora_tuahiniensis_scaffold366	7	275683	275611	Thr	GGT	0	0	69.5	
Pocillopora_tuahiniensis_scaffold366	8	99440 	99361 	Ser	TGA	99404	99397	42.3	
Pocillopora_tuahiniensis_scaffold367	1	132799	132868	Ser	GCT	0	0	20.4	pseudo
Pocillopora_tuahiniensis_scaffold367	2	67294 	67222 	Trp	CCA	0	0	23.4	pseudo
Pocillopora_tuahiniensis_scaffold368	1	236756	236828	Thr	AGT	0	0	49.1	
Pocillopora_tuahiniensis_scaffold368	2	601908	601983	Thr	GGT	0	0	41.0	pseudo
Pocillopora_tuahiniensis_scaffold368	3	1099159	1099232	Thr	GGT	0	0	48.2	pseudo
Pocillopora_tuahiniensis_scaffold368	4	1123031	1122966	Undet	NNN	0	0	20.4	pseudo
Pocillopora_tuahiniensis_scaffold368	5	1050614	1050540	Arg	GCG	0	0	43.0	
Pocillopora_tuahiniensis_scaffold368	6	660966	660894	Thr	GGT	0	0	60.9	
Pocillopora_tuahiniensis_scaffold368	7	601803	601731	Thr	GGT	0	0	43.5	pseudo
Pocillopora_tuahiniensis_scaffold368	8	575752	575682	Ala	CGC	0	0	24.1	
Pocillopora_tuahiniensis_scaffold368	9	408876	408812	Asn	ATT	0	0	20.6	pseudo
Pocillopora_tuahiniensis_scaffold369	1	675152	675224	Thr	GGT	0	0	56.2	
Pocillopora_tuahiniensis_scaffold369	2	620077	620006	Thr	GGT	0	0	23.5	pseudo
Pocillopora_tuahiniensis_scaffold369	3	612519	612447	Undet	NNN	0	0	42.4	
Pocillopora_tuahiniensis_scaffold369	4	519137	519065	Thr	GGT	0	0	50.4	pseudo
Pocillopora_tuahiniensis_scaffold369	5	374683	374611	Thr	GGT	0	0	61.4	
Pocillopora_tuahiniensis_scaffold369	6	256390	256318	Thr	GGT	0	0	64.1	
Pocillopora_tuahiniensis_scaffold369	7	244617	244545	Arg	CCG	0	0	27.2	pseudo
Pocillopora_tuahiniensis_scaffold369	8	194433	194361	Arg	GCG	0	0	38.5	
Pocillopora_tuahiniensis_scaffold370	1	232376	232448	Thr	GGT	0	0	39.9	pseudo
Pocillopora_tuahiniensis_scaffold370	2	553146	553219	Thr	GGT	0	0	46.0	pseudo
Pocillopora_tuahiniensis_scaffold370	3	552881	552804	Thr	GGT	0	0	41.8	pseudo
Pocillopora_tuahiniensis_scaffold370	4	88917 	88844 	Pro	CGG	0	0	27.2	
Pocillopora_tuahiniensis_scaffold371	1	87774 	87702 	Thr	GGT	0	0	64.1	
Pocillopora_tuahiniensis_scaffold371	2	52630 	52558 	Thr	GGT	0	0	55.6	
Pocillopora_tuahiniensis_scaffold372	1	127775	127847	Ser	CGA	0	0	48.2	
Pocillopora_tuahiniensis_scaffold372	2	529696	529767	Gln	CTG	0	0	28.9	pseudo
Pocillopora_tuahiniensis_scaffold372	3	515077	515005	Arg	GCG	0	0	41.5	
Pocillopora_tuahiniensis_scaffold372	4	506674	506602	Arg	GCG	0	0	50.0	
Pocillopora_tuahiniensis_scaffold372	5	382169	382097	Thr	GGT	0	0	57.7	
Pocillopora_tuahiniensis_scaffold372	6	181773	181702	Cys	GCA	0	0	58.0	
Pocillopora_tuahiniensis_scaffold373	1	56640 	56711 	Cys	ACA	0	0	26.5	
Pocillopora_tuahiniensis_scaffold373	2	224403	224476	Ser	ACT	0	0	22.7	pseudo
Pocillopora_tuahiniensis_scaffold373	3	400622	400549	Thr	GGT	0	0	71.9	
Pocillopora_tuahiniensis_scaffold373	4	38076 	38004 	Thr	AGT	0	0	51.1	
Pocillopora_tuahiniensis_scaffold374	1	170414	170486	Thr	GGT	0	0	57.5	
Pocillopora_tuahiniensis_scaffold374	2	203948	203876	Thr	GGT	0	0	40.3	pseudo
Pocillopora_tuahiniensis_scaffold374	3	175685	175613	Ile	GAT	0	0	22.5	pseudo
Pocillopora_tuahiniensis_scaffold374	4	80471 	80398 	Arg	GCG	0	0	31.8	
Pocillopora_tuahiniensis_scaffold375	1	511250	511322	Trp	CCA	0	0	32.8	pseudo
Pocillopora_tuahiniensis_scaffold375	2	551400	551465	Undet	NNN	0	0	47.3	
Pocillopora_tuahiniensis_scaffold375	3	604086	604158	Arg	GCG	0	0	32.6	
Pocillopora_tuahiniensis_scaffold375	4	614572	614644	Arg	GCG	0	0	40.5	
Pocillopora_tuahiniensis_scaffold375	5	633184	633249	Undet	NNN	0	0	49.6	
Pocillopora_tuahiniensis_scaffold375	6	737304	737377	Arg	GCG	0	0	31.3	pseudo
Pocillopora_tuahiniensis_scaffold375	7	225194	225123	Arg	GCG	0	0	48.5	
Pocillopora_tuahiniensis_scaffold376	1	111852	111917	Thr	GGT	0	0	25.3	pseudo
Pocillopora_tuahiniensis_scaffold376	2	196967	197039	Thr	GGT	0	0	64.7	
Pocillopora_tuahiniensis_scaffold376	3	416573	416645	Arg	GCG	0	0	47.1	
Pocillopora_tuahiniensis_scaffold376	4	879433	879362	Leu	CAG	0	0	22.8	pseudo
Pocillopora_tuahiniensis_scaffold376	5	799324	799251	Thr	AGT	0	0	23.1	pseudo
Pocillopora_tuahiniensis_scaffold376	6	793048	792976	Arg	GCG	0	0	49.9	
Pocillopora_tuahiniensis_scaffold376	7	509566	509491	Leu	CAG	0	0	33.3	pseudo
Pocillopora_tuahiniensis_scaffold376	8	112475	112402	Thr	GGT	0	0	44.4	pseudo
Pocillopora_tuahiniensis_scaffold376	9	111353	111281	Thr	GGT	0	0	47.9	
Pocillopora_tuahiniensis_scaffold376	10	111106	111034	Thr	GGT	0	0	44.5	pseudo
Pocillopora_tuahiniensis_scaffold377	1	36194 	36266 	Thr	GGT	0	0	34.0	pseudo
Pocillopora_tuahiniensis_scaffold377	2	36446 	36518 	Thr	GGT	0	0	63.5	
Pocillopora_tuahiniensis_scaffold378	1	55132 	55205 	Arg	GCG	0	0	31.3	
Pocillopora_tuahiniensis_scaffold378	2	129180	129248	Cys	GCA	0	0	38.3	
Pocillopora_tuahiniensis_scaffold378	3	337317	337245	Cys	ACA	0	0	24.3	
Pocillopora_tuahiniensis_scaffold379	1	47852 	47781 	Leu	CAA	0	0	20.2	pseudo
Pocillopora_tuahiniensis_scaffold379	2	45157 	45085 	His	GTG	0	0	36.6	
Pocillopora_tuahiniensis_scaffold379	3	44896 	44824 	Arg	GCG	0	0	33.8	
Pocillopora_tuahiniensis_scaffold380	1	6347  	6419  	Arg	GCG	0	0	41.8	
Pocillopora_tuahiniensis_scaffold380	2	6612  	6684  	Arg	GCG	0	0	30.8	pseudo
Pocillopora_tuahiniensis_scaffold380	3	11031 	11103 	Cys	ACA	0	0	50.1	
Pocillopora_tuahiniensis_scaffold380	4	11288 	11362 	Arg	GCG	0	0	30.4	pseudo
Pocillopora_tuahiniensis_scaffold382	1	100136	100063	Thr	GGT	0	0	71.6	
Pocillopora_tuahiniensis_scaffold382	2	61788 	61716 	Thr	GGT	0	0	34.9	pseudo
Pocillopora_tuahiniensis_scaffold383	1	268513	268575	Leu	CAA	0	0	20.5	pseudo
Pocillopora_tuahiniensis_scaffold383	2	408421	408503	Gln	CTG	0	0	37.6	pseudo
Pocillopora_tuahiniensis_scaffold383	3	434417	434338	Arg	CCG	0	0	35.7	
Pocillopora_tuahiniensis_scaffold383	4	331513	331432	Ser	TGA	0	0	88.2	
Pocillopora_tuahiniensis_scaffold383	5	56402 	56330 	Thr	GGT	0	0	48.8	pseudo
Pocillopora_tuahiniensis_scaffold384	1	82482 	82568 	SeC	TCA	0	0	137.7	
Pocillopora_tuahiniensis_scaffold384	2	262902	262977	Undet	NNN	0	0	21.4	pseudo
Pocillopora_tuahiniensis_scaffold384	3	428629	428701	Thr	GGT	0	0	35.4	pseudo
Pocillopora_tuahiniensis_scaffold384	4	167491	167419	Thr	GGT	0	0	48.7	pseudo
Pocillopora_tuahiniensis_scaffold384	5	167245	167173	Thr	GGT	0	0	59.3	
Pocillopora_tuahiniensis_scaffold385	1	301475	301547	Pro	CGG	0	0	40.4	pseudo
Pocillopora_tuahiniensis_scaffold385	2	878816	878888	Arg	GCG	0	0	39.3	
Pocillopora_tuahiniensis_scaffold385	3	1095678	1095606	Thr	TGT	0	0	46.0	pseudo
Pocillopora_tuahiniensis_scaffold385	4	740195	740123	Val	TAC	0	0	78.7	
Pocillopora_tuahiniensis_scaffold385	5	33306 	33234 	Gln	CTG	0	0	32.8	pseudo
Pocillopora_tuahiniensis_scaffold386	1	576772	576844	Cys	GCA	0	0	39.2	pseudo
Pocillopora_tuahiniensis_scaffold386	2	735666	735738	Thr	GGT	0	0	62.7	
Pocillopora_tuahiniensis_scaffold386	3	788691	788764	Ser	AGA	0	0	55.8	
Pocillopora_tuahiniensis_scaffold386	4	1214648	1214720	Thr	AGT	0	0	40.0	
Pocillopora_tuahiniensis_scaffold386	5	1292157	1292229	Thr	GGT	0	0	69.5	
Pocillopora_tuahiniensis_scaffold386	6	782213	782138	Thr	TGT	0	0	28.5	pseudo
Pocillopora_tuahiniensis_scaffold386	7	699091	699019	Thr	GGT	0	0	64.1	
Pocillopora_tuahiniensis_scaffold386	8	541012	540940	His	GTG	0	0	51.0	
Pocillopora_tuahiniensis_scaffold386	9	392400	392328	Thr	GGT	0	0	75.8	
Pocillopora_tuahiniensis_scaffold386	10	392152	392080	Thr	GGT	0	0	63.3	
Pocillopora_tuahiniensis_scaffold386	11	324893	324821	Thr	GGT	0	0	62.2	
Pocillopora_tuahiniensis_scaffold386	12	208260	208188	Thr	GGT	0	0	56.9	
Pocillopora_tuahiniensis_scaffold386	13	52680 	52608 	Thr	GGT	0	0	64.7	
Pocillopora_tuahiniensis_scaffold387	1	122656	122728	Arg	GCG	0	0	44.3	
Pocillopora_tuahiniensis_scaffold387	2	272898	272965	Gln	CTG	0	0	30.6	pseudo
Pocillopora_tuahiniensis_scaffold387	3	328591	328663	Arg	GCG	0	0	40.5	
Pocillopora_tuahiniensis_scaffold387	4	580318	580411	Phe	GAA	0	0	41.9	
Pocillopora_tuahiniensis_scaffold387	5	581870	581962	Phe	GAA	0	0	23.0	pseudo
Pocillopora_tuahiniensis_scaffold387	6	606090	606162	Arg	ACG	0	0	36.5	pseudo
Pocillopora_tuahiniensis_scaffold387	7	90174 	90102 	Thr	GGT	0	0	66.9	
Pocillopora_tuahiniensis_scaffold388	1	122626	122698	Cys	ACA	0	0	44.3	
Pocillopora_tuahiniensis_scaffold388	2	251381	251466	Tyr	GTA	251418	251430	78.1	
Pocillopora_tuahiniensis_scaffold388	3	262817	262889	Arg	GCG	0	0	45.9	
Pocillopora_tuahiniensis_scaffold388	4	266154	266226	Ile	AAT	0	0	29.3	pseudo
Pocillopora_tuahiniensis_scaffold388	5	425073	425145	Thr	GGT	0	0	56.4	
Pocillopora_tuahiniensis_scaffold388	6	822755	822821	Cys	GCA	0	0	37.7	
Pocillopora_tuahiniensis_scaffold388	7	895521	895595	Thr	GGT	0	0	50.9	pseudo
Pocillopora_tuahiniensis_scaffold388	8	742513	742438	Arg	CCG	0	0	20.8	pseudo
Pocillopora_tuahiniensis_scaffold388	9	615931	615859	Ile	GAT	0	0	36.8	pseudo
Pocillopora_tuahiniensis_scaffold388	10	424954	424882	Thr	GGT	0	0	51.0	pseudo
Pocillopora_tuahiniensis_scaffold388	11	289931	289855	Cys	GCA	0	0	25.1	pseudo
Pocillopora_tuahiniensis_scaffold389	1	660909	660981	His	GTG	0	0	41.8	
Pocillopora_tuahiniensis_scaffold389	2	808769	808697	Thr	GGT	0	0	20.7	pseudo
Pocillopora_tuahiniensis_scaffold389	3	660327	660011	Cys	ACA	660291	660047	44.8	
Pocillopora_tuahiniensis_scaffold389	4	616128	616056	Ser	ACT	0	0	28.9	
Pocillopora_tuahiniensis_scaffold390	1	125506	125578	His	ATG	0	0	44.0	pseudo
Pocillopora_tuahiniensis_scaffold390	2	411531	411602	Gln	CTG	0	0	28.9	pseudo
Pocillopora_tuahiniensis_scaffold390	3	1717829	1717899	Thr	GGT	0	0	46.4	pseudo
Pocillopora_tuahiniensis_scaffold390	4	1773620	1773691	Cys	GCA	0	0	50.7	
Pocillopora_tuahiniensis_scaffold390	5	1774840	1774912	Gln	CTG	0	0	32.4	pseudo
Pocillopora_tuahiniensis_scaffold390	6	1575539	1575465	Ala	TGC	0	0	30.9	pseudo
Pocillopora_tuahiniensis_scaffold390	7	1467336	1467264	Ala	GGC	0	0	42.7	pseudo
Pocillopora_tuahiniensis_scaffold390	8	1432404	1432330	Arg	GCG	0	0	39.1	
Pocillopora_tuahiniensis_scaffold390	9	1232336	1232264	Thr	GGT	0	0	54.4	
Pocillopora_tuahiniensis_scaffold390	10	952601	952529	Arg	CCG	0	0	37.0	pseudo
Pocillopora_tuahiniensis_scaffold390	11	535127	535055	Thr	GGT	0	0	52.5	pseudo
Pocillopora_tuahiniensis_scaffold391	1	143635	143563	Pro	CGG	0	0	59.0	
Pocillopora_tuahiniensis_scaffold391	2	130792	130722	Thr	GGT	0	0	28.7	
Pocillopora_tuahiniensis_scaffold391	3	60139 	60067 	Pro	CGG	0	0	47.7	
Pocillopora_tuahiniensis_scaffold392	1	30643 	30714 	Arg	TCT	0	0	23.5	pseudo
Pocillopora_tuahiniensis_scaffold392	2	129857	129929	Ser	CGA	0	0	27.2	pseudo
Pocillopora_tuahiniensis_scaffold393	1	97546 	97625 	Thr	GGT	0	0	23.6	pseudo
Pocillopora_tuahiniensis_scaffold393	2	135734	135806	Thr	GGT	0	0	57.2	
Pocillopora_tuahiniensis_scaffold393	3	135980	136052	Thr	GGT	0	0	61.4	
Pocillopora_tuahiniensis_scaffold393	4	135629	135557	Thr	GGT	0	0	64.1	
Pocillopora_tuahiniensis_scaffold393	5	129041	128970	Ile	GAT	0	0	39.8	pseudo
Pocillopora_tuahiniensis_scaffold393	6	128824	128752	Ile	GAT	0	0	36.7	pseudo
Pocillopora_tuahiniensis_scaffold393	7	97347 	97274 	Thr	GGT	0	0	43.7	
Pocillopora_tuahiniensis_scaffold394	1	51844 	51919 	Thr	CGT	0	0	23.3	pseudo
Pocillopora_tuahiniensis_scaffold394	2	78764 	78828 	Trp	CCA	0	0	22.4	
Pocillopora_tuahiniensis_scaffold394	3	124577	124644	Pro	TGG	0	0	20.0	pseudo
Pocillopora_tuahiniensis_scaffold394	4	189710	189782	Thr	GGT	0	0	23.4	pseudo
Pocillopora_tuahiniensis_scaffold394	5	339521	339593	Thr	GGT	0	0	66.9	
Pocillopora_tuahiniensis_scaffold394	6	339771	339843	Thr	GGT	0	0	66.9	
Pocillopora_tuahiniensis_scaffold394	7	425919	425992	Pro	CGG	0	0	38.3	
Pocillopora_tuahiniensis_scaffold394	8	461742	461814	Thr	GGT	0	0	54.7	
Pocillopora_tuahiniensis_scaffold394	9	611914	611986	Thr	AGT	0	0	29.0	pseudo
Pocillopora_tuahiniensis_scaffold395	1	218606	218678	Thr	AGT	0	0	35.6	
Pocillopora_tuahiniensis_scaffold395	2	235801	235873	Arg	GCG	0	0	45.9	
Pocillopora_tuahiniensis_scaffold395	3	382115	382187	Arg	GCG	0	0	33.8	
Pocillopora_tuahiniensis_scaffold395	4	466256	466328	Arg	GCG	0	0	55.0	
Pocillopora_tuahiniensis_scaffold395	5	235596	235524	Arg	GCG	0	0	49.8	
Pocillopora_tuahiniensis_scaffold395	6	215309	215237	Leu	CAA	0	0	20.6	pseudo
Pocillopora_tuahiniensis_scaffold395	7	174812	174740	Thr	GGT	0	0	55.0	
Pocillopora_tuahiniensis_scaffold395	8	158852	158780	Ser	AGA	0	0	40.1	pseudo
Pocillopora_tuahiniensis_scaffold396	1	227217	227291	Ala	TGC	0	0	26.8	pseudo
Pocillopora_tuahiniensis_scaffold396	2	666908	666980	Thr	GGT	0	0	58.7	
Pocillopora_tuahiniensis_scaffold396	3	781139	781213	Thr	AGT	0	0	37.4	pseudo
Pocillopora_tuahiniensis_scaffold396	4	1042408	1042480	Pro	GGG	0	0	35.3	
Pocillopora_tuahiniensis_scaffold396	5	1177645	1177717	Asn	GTT	0	0	40.8	pseudo
Pocillopora_tuahiniensis_scaffold396	6	1084111	1084039	Thr	AGT	0	0	46.8	
Pocillopora_tuahiniensis_scaffold396	7	780074	780002	Gln	CTG	0	0	30.8	pseudo
Pocillopora_tuahiniensis_scaffold396	8	666850	666771	Thr	GGT	0	0	34.4	pseudo
Pocillopora_tuahiniensis_scaffold396	9	584331	584258	Thr	TGT	0	0	23.3	pseudo
Pocillopora_tuahiniensis_scaffold396	10	221641	221570	Cys	GCA	0	0	60.1	
Pocillopora_tuahiniensis_scaffold396	11	67827 	67755 	Arg	CCT	0	0	39.4	pseudo
Pocillopora_tuahiniensis_scaffold397	1	109445	109522	Thr	GGT	0	0	39.5	
Pocillopora_tuahiniensis_scaffold397	2	221233	221305	Undet	NNN	0	0	21.3	pseudo
Pocillopora_tuahiniensis_scaffold397	3	338765	338842	Thr	GGT	0	0	60.4	
Pocillopora_tuahiniensis_scaffold397	4	573200	573272	Thr	TGT	0	0	38.7	pseudo
Pocillopora_tuahiniensis_scaffold397	5	350092	350019	Thr	GGT	0	0	31.2	pseudo
Pocillopora_tuahiniensis_scaffold398	1	115921	115847	Thr	GGT	0	0	48.7	pseudo
Pocillopora_tuahiniensis_scaffold398	2	39005 	38936 	Thr	GGT	0	0	35.9	pseudo
Pocillopora_tuahiniensis_scaffold399	1	138819	138898	Thr	TGT	0	0	28.9	pseudo
Pocillopora_tuahiniensis_scaffold399	2	527970	528041	Arg	GCG	0	0	32.6	
Pocillopora_tuahiniensis_scaffold400	1	119664	119731	Undet	NNN	0	0	31.9	
Pocillopora_tuahiniensis_scaffold400	2	158188	158250	Thr	AGT	0	0	33.2	
Pocillopora_tuahiniensis_scaffold400	3	226702	226774	His	GTG	0	0	42.2	
Pocillopora_tuahiniensis_scaffold400	4	294891	294825	Ser	CGA	0	0	26.0	
Pocillopora_tuahiniensis_scaffold401	1	2446  	2518  	His	GTG	0	0	49.3	
Pocillopora_tuahiniensis_scaffold401	2	29949 	30021 	His	GTG	0	0	43.9	
Pocillopora_tuahiniensis_scaffold401	3	115343	115415	His	GTG	0	0	43.9	
Pocillopora_tuahiniensis_scaffold401	4	246939	247011	His	GTG	0	0	43.9	
Pocillopora_tuahiniensis_scaffold401	5	310457	310529	His	GTG	0	0	38.3	pseudo
Pocillopora_tuahiniensis_scaffold401	6	339035	339107	His	ATG	0	0	22.9	pseudo
Pocillopora_tuahiniensis_scaffold402	1	126898	126826	Pro	CGG	0	0	32.1	pseudo
Pocillopora_tuahiniensis_scaffold403	1	84120 	84192 	Arg	GCG	0	0	46.3	
Pocillopora_tuahiniensis_scaffold403	2	416065	416137	Thr	GGT	0	0	62.7	
Pocillopora_tuahiniensis_scaffold403	3	422444	422516	Thr	GGT	0	0	61.4	
Pocillopora_tuahiniensis_scaffold403	4	524810	524883	Asn	GTT	0	0	80.6	
Pocillopora_tuahiniensis_scaffold403	5	550367	550440	Asn	GTT	0	0	35.0	pseudo
Pocillopora_tuahiniensis_scaffold403	6	472714	472634	Arg	CCG	0	0	22.0	pseudo
Pocillopora_tuahiniensis_scaffold403	7	402003	401930	Asn	GTT	0	0	80.6	
Pocillopora_tuahiniensis_scaffold403	8	121369	121298	Arg	GCG	0	0	35.8	pseudo
Pocillopora_tuahiniensis_scaffold403	9	83884 	83813 	Arg	GCG	0	0	27.2	pseudo
Pocillopora_tuahiniensis_scaffold404	1	43952 	44024 	Thr	GGT	0	0	59.5	
Pocillopora_tuahiniensis_scaffold404	2	56917 	57032 	Ala	GGC	56954	56995	23.0	pseudo
Pocillopora_tuahiniensis_scaffold404	3	349500	349573	Thr	TGT	0	0	21.3	pseudo
Pocillopora_tuahiniensis_scaffold404	4	8581  	8509  	Undet	NNN	0	0	23.7	
Pocillopora_tuahiniensis_scaffold405	1	34325 	34400 	Ala	GGC	0	0	35.4	pseudo
Pocillopora_tuahiniensis_scaffold405	2	17685 	17613 	Thr	AGT	0	0	59.4	
Pocillopora_tuahiniensis_scaffold406	1	128006	128078	Arg	GCG	0	0	49.6	
Pocillopora_tuahiniensis_scaffold406	2	332053	331981	Thr	GGT	0	0	42.3	pseudo
Pocillopora_tuahiniensis_scaffold406	3	258056	257984	Thr	GGT	0	0	55.5	
Pocillopora_tuahiniensis_scaffold406	4	217332	217260	Thr	GGT	0	0	48.0	pseudo
Pocillopora_tuahiniensis_scaffold407	1	198832	198759	Thr	GGT	0	0	55.2	
Pocillopora_tuahiniensis_scaffold407	2	180070	179990	Sup	TCA	0	0	22.2	pseudo
Pocillopora_tuahiniensis_scaffold407	3	139820	139750	Thr	AGT	0	0	34.8	
Pocillopora_tuahiniensis_scaffold408	1	24608 	24680 	Thr	GGT	0	0	64.1	
Pocillopora_tuahiniensis_scaffold408	2	25421 	25493 	Thr	GGT	0	0	44.3	pseudo
Pocillopora_tuahiniensis_scaffold408	3	143553	143939	Arg	GCG	143589	143903	29.9	
Pocillopora_tuahiniensis_scaffold408	4	217399	217470	Cys	GCA	0	0	36.6	pseudo
Pocillopora_tuahiniensis_scaffold408	5	352502	352430	Thr	GGT	0	0	53.9	pseudo
Pocillopora_tuahiniensis_scaffold410	1	288542	288470	Thr	AGT	0	0	26.2	pseudo
Pocillopora_tuahiniensis_scaffold411	1	59587 	59659 	Thr	GGT	0	0	69.5	
Pocillopora_tuahiniensis_scaffold411	2	180721	180792	Thr	GGT	0	0	39.6	
Pocillopora_tuahiniensis_scaffold411	3	205299	205371	Thr	GGT	0	0	64.1	
Pocillopora_tuahiniensis_scaffold411	4	426964	427045	Leu	AAG	0	0	70.4	
Pocillopora_tuahiniensis_scaffold411	5	434224	434305	Leu	AAG	0	0	67.9	
Pocillopora_tuahiniensis_scaffold411	6	433007	432926	Leu	AAG	0	0	70.4	
Pocillopora_tuahiniensis_scaffold411	7	431438	431357	Leu	TAG	0	0	70.4	
Pocillopora_tuahiniensis_scaffold411	8	429158	429077	Leu	AAG	0	0	67.9	
Pocillopora_tuahiniensis_scaffold411	9	133724	133652	Thr	GGT	0	0	62.0	
Pocillopora_tuahiniensis_scaffold411	10	69936 	69864 	Thr	GGT	0	0	43.9	pseudo
Pocillopora_tuahiniensis_scaffold412	1	338846	338918	Thr	GGT	0	0	63.5	
Pocillopora_tuahiniensis_scaffold412	2	290195	290123	Trp	CCA	0	0	23.7	pseudo
Pocillopora_tuahiniensis_scaffold412	3	235536	235466	Undet	NNN	0	0	36.5	
Pocillopora_tuahiniensis_scaffold412	4	128877	128796	Leu	AAG	0	0	71.6	
Pocillopora_tuahiniensis_scaffold412	5	85055 	84983 	Thr	GGT	0	0	50.5	
Pocillopora_tuahiniensis_scaffold414	1	108527	108600	Arg	GCG	0	0	32.2	
Pocillopora_tuahiniensis_scaffold414	2	368545	368617	Thr	AGT	0	0	29.9	pseudo
Pocillopora_tuahiniensis_scaffold414	3	390335	390407	Undet	NNN	0	0	26.4	
Pocillopora_tuahiniensis_scaffold414	4	528295	528367	Leu	CAA	0	0	23.7	pseudo
Pocillopora_tuahiniensis_scaffold414	5	86864 	86792 	Thr	GGT	0	0	38.0	pseudo
Pocillopora_tuahiniensis_scaffold415	1	4679  	4751  	Leu	GAG	0	0	39.0	pseudo
Pocillopora_tuahiniensis_scaffold417	1	101457	101529	Thr	GGT	0	0	57.5	
Pocillopora_tuahiniensis_scaffold417	2	115615	115687	Thr	GGT	0	0	47.4	pseudo
Pocillopora_tuahiniensis_scaffold417	3	479012	479084	Thr	GGT	0	0	62.6	
Pocillopora_tuahiniensis_scaffold417	4	878077	878149	Thr	GGT	0	0	64.1	
Pocillopora_tuahiniensis_scaffold417	5	878322	878396	Thr	GGT	0	0	57.4	
Pocillopora_tuahiniensis_scaffold417	6	866313	866241	Ser	ACT	0	0	33.4	pseudo
Pocillopora_tuahiniensis_scaffold417	7	605197	605126	Thr	TGT	0	0	49.9	
Pocillopora_tuahiniensis_scaffold417	8	508931	508859	Thr	GGT	0	0	50.9	pseudo
Pocillopora_tuahiniensis_scaffold417	9	352351	352279	Thr	GGT	0	0	68.5	
Pocillopora_tuahiniensis_scaffold418	1	170981	171057	Thr	GGT	171018	171020	40.0	pseudo
Pocillopora_tuahiniensis_scaffold418	2	182105	182181	Thr	GGT	182142	182144	32.2	pseudo
Pocillopora_tuahiniensis_scaffold418	3	192439	192515	Thr	GGT	192476	192478	32.2	pseudo
Pocillopora_tuahiniensis_scaffold418	4	232411	232337	Undet	NNN	0	0	21.6	pseudo
Pocillopora_tuahiniensis_scaffold418	5	137067	136996	Thr	GGT	0	0	34.4	pseudo
Pocillopora_tuahiniensis_scaffold419	1	186130	186202	Arg	ACG	0	0	29.9	pseudo
Pocillopora_tuahiniensis_scaffold419	2	588908	588987	Arg	CCG	0	0	24.4	pseudo
Pocillopora_tuahiniensis_scaffold419	3	434188	434115	Arg	TCT	0	0	57.1	
Pocillopora_tuahiniensis_scaffold419	4	282999	282923	Gln	CTG	0	0	22.5	pseudo
Pocillopora_tuahiniensis_scaffold420	1	319035	319102	Undet	NNN	0	0	31.4	
Pocillopora_tuahiniensis_scaffold420	2	72238 	72166 	Arg	GCG	0	0	40.8	
Pocillopora_tuahiniensis_scaffold420	3	29687 	29616 	Arg	GCG	0	0	25.6	pseudo
Pocillopora_tuahiniensis_scaffold421	1	60093 	60169 	Val	AAC	0	0	45.3	
Pocillopora_tuahiniensis_scaffold421	2	140893	140968	Thr	GGT	0	0	49.0	pseudo
Pocillopora_tuahiniensis_scaffold421	3	299834	299906	His	GTG	0	0	43.8	
Pocillopora_tuahiniensis_scaffold421	4	36666 	36595 	Undet	NNN	0	0	40.8	pseudo
Pocillopora_tuahiniensis_scaffold421	5	36417 	36345 	Ser	GCT	0	0	36.6	
Pocillopora_tuahiniensis_scaffold421	6	20184 	20110 	Arg	GCG	0	0	26.8	pseudo
Pocillopora_tuahiniensis_scaffold421	7	2568  	2496  	Leu	CAA	0	0	27.8	pseudo
Pocillopora_tuahiniensis_scaffold422	1	48466 	48538 	Thr	AGT	0	0	22.1	pseudo
Pocillopora_tuahiniensis_scaffold423	1	307920	307992	Trp	CCA	0	0	28.7	pseudo
Pocillopora_tuahiniensis_scaffold424	1	1024041	1024112	Cys	GCA	0	0	46.5	
Pocillopora_tuahiniensis_scaffold424	2	1158044	1158116	Thr	GGT	0	0	48.8	pseudo
Pocillopora_tuahiniensis_scaffold424	3	1268146	1268218	Thr	AGT	0	0	28.4	
Pocillopora_tuahiniensis_scaffold424	4	1568236	1568308	Thr	GGT	0	0	61.8	
Pocillopora_tuahiniensis_scaffold424	5	1573331	1573441	Ile	TAT	1573369	1573405	69.4	
Pocillopora_tuahiniensis_scaffold424	6	1717704	1717632	Leu	AAG	0	0	32.2	
Pocillopora_tuahiniensis_scaffold424	7	1568014	1567942	Thr	GGT	0	0	45.4	pseudo
Pocillopora_tuahiniensis_scaffold424	8	1554372	1554300	Thr	GGT	0	0	47.3	
Pocillopora_tuahiniensis_scaffold424	9	1203652	1203580	Ala	AGC	0	0	61.4	
Pocillopora_tuahiniensis_scaffold424	10	535840	535768	Undet	NNN	0	0	34.9	
Pocillopora_tuahiniensis_scaffold424	11	368968	368896	Thr	GGT	0	0	48.6	
Pocillopora_tuahiniensis_scaffold424	12	284370	284298	Cys	GCA	0	0	32.9	
Pocillopora_tuahiniensis_scaffold425	1	92    	164   	Thr	GGT	0	0	66.9	
Pocillopora_tuahiniensis_scaffold425	2	336   	408   	Thr	GGT	0	0	64.1	
Pocillopora_tuahiniensis_scaffold425	3	581   	653   	Thr	GGT	0	0	66.9	
Pocillopora_tuahiniensis_scaffold425	4	825   	897   	Thr	GGT	0	0	64.1	
Pocillopora_tuahiniensis_scaffold425	5	136808	136734	Cys	ACA	0	0	43.2	
Pocillopora_tuahiniensis_scaffold426	1	298269	298200	Asn	GTT	0	0	20.4	pseudo
Pocillopora_tuahiniensis_scaffold426	2	217355	217282	Arg	GCG	0	0	23.9	pseudo
Pocillopora_tuahiniensis_scaffold426	3	150086	150013	Thr	GGT	0	0	46.3	
Pocillopora_tuahiniensis_scaffold426	4	145765	145685	Thr	TGT	0	0	29.7	pseudo
Pocillopora_tuahiniensis_scaffold426	5	16230 	16158 	Thr	GGT	0	0	55.0	
Pocillopora_tuahiniensis_scaffold427	1	49272 	49344 	Thr	CGT	0	0	22.7	pseudo
Pocillopora_tuahiniensis_scaffold427	2	151359	151287	Leu	CAA	0	0	46.1	pseudo
Pocillopora_tuahiniensis_scaffold427	3	139676	139356	Arg	GCG	139639	139392	37.5	
Pocillopora_tuahiniensis_scaffold428	1	185889	185817	Thr	GGT	0	0	51.2	
Pocillopora_tuahiniensis_scaffold429	1	52820 	52892 	Arg	GCG	0	0	22.4	pseudo
Pocillopora_tuahiniensis_scaffold429	2	112035	112108	Thr	AGT	0	0	21.1	pseudo
Pocillopora_tuahiniensis_scaffold429	3	144178	144104	Thr	TGT	0	0	30.6	pseudo
Pocillopora_tuahiniensis_scaffold429	4	25200 	25128 	Arg	GCG	0	0	22.6	pseudo
Pocillopora_tuahiniensis_scaffold430	1	104576	104648	Thr	GGT	0	0	64.1	
Pocillopora_tuahiniensis_scaffold433	1	236833	236905	Arg	GCG	0	0	26.7	pseudo
Pocillopora_tuahiniensis_scaffold433	2	262631	262708	Undet	NNN	0	0	21.8	pseudo
Pocillopora_tuahiniensis_scaffold433	3	818958	818887	Cys	GCA	0	0	63.3	
Pocillopora_tuahiniensis_scaffold433	4	564012	563940	Thr	GGT	0	0	59.1	
Pocillopora_tuahiniensis_scaffold433	5	535101	535030	Thr	GGT	0	0	41.1	
Pocillopora_tuahiniensis_scaffold433	6	528256	528184	Thr	GGT	0	0	57.9	
Pocillopora_tuahiniensis_scaffold433	7	477789	477717	Thr	GGT	0	0	53.4	
Pocillopora_tuahiniensis_scaffold433	8	332355	332281	Thr	GGT	0	0	41.0	pseudo
Pocillopora_tuahiniensis_scaffold433	9	319737	319663	Thr	GGT	0	0	41.0	pseudo
Pocillopora_tuahiniensis_scaffold433	10	289352	289280	Thr	GGT	0	0	56.6	
Pocillopora_tuahiniensis_scaffold433	11	119455	119383	Arg	GCG	0	0	25.1	pseudo
Pocillopora_tuahiniensis_scaffold434	1	120315	120387	Thr	GGT	0	0	48.0	pseudo
Pocillopora_tuahiniensis_scaffold434	2	140664	140736	Ala	GGC	0	0	53.6	pseudo
Pocillopora_tuahiniensis_scaffold434	3	385733	385805	Thr	GGT	0	0	36.8	pseudo
Pocillopora_tuahiniensis_scaffold434	4	594214	594142	Cys	GCA	0	0	28.6	pseudo
Pocillopora_tuahiniensis_scaffold434	5	488130	488056	Leu	GAG	0	0	48.8	pseudo
Pocillopora_tuahiniensis_scaffold434	6	231092	231020	Thr	CGT	0	0	20.1	pseudo
Pocillopora_tuahiniensis_scaffold434	7	194149	194077	Thr	GGT	0	0	41.8	
Pocillopora_tuahiniensis_scaffold434	8	180611	180539	Thr	GGT	0	0	36.7	pseudo
Pocillopora_tuahiniensis_scaffold435	1	109688	109756	Undet	NNN	0	0	22.1	pseudo
Pocillopora_tuahiniensis_scaffold435	2	357989	357920	Undet	NNN	0	0	22.5	pseudo
Pocillopora_tuahiniensis_scaffold435	3	50886 	50814 	Thr	GGT	0	0	48.6	pseudo
Pocillopora_tuahiniensis_scaffold436	1	28355 	28438 	Arg	CCG	0	0	31.7	
Pocillopora_tuahiniensis_scaffold436	2	16243 	16171 	Thr	GGT	0	0	68.2	
Pocillopora_tuahiniensis_scaffold437	1	19645 	19719 	Arg	GCG	0	0	20.9	
Pocillopora_tuahiniensis_scaffold437	2	43432 	43505 	Arg	GCG	0	0	32.7	pseudo
Pocillopora_tuahiniensis_scaffold437	3	53142 	53216 	Arg	GCG	0	0	21.8	pseudo
Pocillopora_tuahiniensis_scaffold437	4	77586 	77659 	Arg	GCG	0	0	40.2	pseudo
Pocillopora_tuahiniensis_scaffold437	5	216958	217022	Undet	NNN	0	0	22.3	pseudo
Pocillopora_tuahiniensis_scaffold437	6	306177	306249	Arg	GCG	0	0	45.5	
Pocillopora_tuahiniensis_scaffold437	7	528279	528351	Thr	GGT	0	0	60.9	
Pocillopora_tuahiniensis_scaffold437	8	642673	642745	Thr	GGT	0	0	57.0	
Pocillopora_tuahiniensis_scaffold437	9	276305	276243	Ser	CGA	0	0	21.9	pseudo
Pocillopora_tuahiniensis_scaffold438	1	18572 	18646 	Thr	TGT	0	0	26.8	pseudo
Pocillopora_tuahiniensis_scaffold438	2	396275	396203	Thr	GGT	0	0	63.7	
Pocillopora_tuahiniensis_scaffold438	3	302212	302140	Thr	AGT	0	0	47.5	pseudo
Pocillopora_tuahiniensis_scaffold438	4	262070	261997	Undet	NNN	0	0	39.8	pseudo
Pocillopora_tuahiniensis_scaffold438	5	31321 	31250 	Gln	CTG	0	0	28.4	pseudo
Pocillopora_tuahiniensis_scaffold439	1	140918	140990	Thr	GGT	0	0	47.4	
Pocillopora_tuahiniensis_scaffold439	2	406705	406781	Arg	GCG	0	0	24.9	
Pocillopora_tuahiniensis_scaffold439	3	446706	446778	Arg	TCG	0	0	45.3	pseudo
Pocillopora_tuahiniensis_scaffold439	4	450405	450333	Arg	TCG	0	0	64.6	
Pocillopora_tuahiniensis_scaffold439	5	444594	444522	Arg	TCG	0	0	65.7	
Pocillopora_tuahiniensis_scaffold439	6	377323	377029	Ile	TAT	377287	377065	22.9	pseudo
Pocillopora_tuahiniensis_scaffold442	1	83317 	83389 	Thr	GGT	0	0	50.3	pseudo
Pocillopora_tuahiniensis_scaffold442	2	217050	217122	Arg	GCG	0	0	36.1	
Pocillopora_tuahiniensis_scaffold442	3	377821	377750	Gln	TTG	0	0	72.6	
Pocillopora_tuahiniensis_scaffold442	4	364128	364057	Gln	TTG	0	0	42.0	
Pocillopora_tuahiniensis_scaffold442	5	292380	292309	Gln	TTG	0	0	72.6	
Pocillopora_tuahiniensis_scaffold442	6	141533	141469	Phe	GAA	0	0	54.9	
Pocillopora_tuahiniensis_scaffold442	7	97601 	97527 	Ile	TAT	97563	97560	27.8	
Pocillopora_tuahiniensis_scaffold444	1	447474	447555	Pro	CGG	447511	447517	39.3	
Pocillopora_tuahiniensis_scaffold444	2	373299	373228	Thr	GGT	0	0	54.7	
Pocillopora_tuahiniensis_scaffold444	3	10340 	10268 	Arg	GCG	0	0	37.1	
Pocillopora_tuahiniensis_scaffold445	1	280727	280799	Arg	CCG	0	0	40.6	pseudo
Pocillopora_tuahiniensis_scaffold445	2	310233	310305	Thr	GGT	0	0	57.5	
Pocillopora_tuahiniensis_scaffold445	3	363420	363492	Cys	ACA	0	0	41.7	
Pocillopora_tuahiniensis_scaffold445	4	507467	507552	Thr	AGT	0	0	20.4	pseudo
Pocillopora_tuahiniensis_scaffold445	5	881564	881636	Thr	GGT	0	0	30.5	pseudo
Pocillopora_tuahiniensis_scaffold445	6	908661	908733	Thr	GGT	0	0	41.8	pseudo
Pocillopora_tuahiniensis_scaffold445	7	1023181	1023109	Thr	GGT	0	0	30.5	pseudo
Pocillopora_tuahiniensis_scaffold445	8	996480	996408	Thr	GGT	0	0	41.8	pseudo
Pocillopora_tuahiniensis_scaffold445	9	778050	777968	Pro	GGG	0	0	32.6	
Pocillopora_tuahiniensis_scaffold445	10	764952	764880	Thr	GGT	0	0	33.3	pseudo
Pocillopora_tuahiniensis_scaffold445	11	739434	739362	Thr	GGT	0	0	64.1	
Pocillopora_tuahiniensis_scaffold445	12	739188	739116	Thr	GGT	0	0	64.1	
Pocillopora_tuahiniensis_scaffold445	13	692761	692683	Thr	AGT	0	0	47.7	pseudo
Pocillopora_tuahiniensis_scaffold445	14	485007	484935	Thr	GGT	0	0	48.1	pseudo
Pocillopora_tuahiniensis_scaffold445	15	310069	309997	Thr	GGT	0	0	45.4	pseudo
Pocillopora_tuahiniensis_scaffold445	16	309804	309729	Thr	GGT	0	0	37.6	pseudo
Pocillopora_tuahiniensis_scaffold445	17	146880	146804	Cys	GCA	0	0	26.8	pseudo
Pocillopora_tuahiniensis_scaffold446	1	5414  	5486  	Undet	NNN	0	0	24.2	pseudo
Pocillopora_tuahiniensis_scaffold446	2	17292 	17364 	Ile	GAT	0	0	85.1	
Pocillopora_tuahiniensis_scaffold446	3	17948 	18019 	Val	CAC	0	0	22.4	pseudo
Pocillopora_tuahiniensis_scaffold446	4	22740 	22812 	Ile	GAT	0	0	85.1	
Pocillopora_tuahiniensis_scaffold446	5	27391 	27451 	Undet	NNN	0	0	23.1	
Pocillopora_tuahiniensis_scaffold446	6	31335 	31407 	Val	CAC	0	0	42.8	
Pocillopora_tuahiniensis_scaffold446	7	33968 	34040 	Ala	CGC	0	0	49.0	
Pocillopora_tuahiniensis_scaffold446	8	35341 	35417 	Asp	GTC	0	0	45.4	
Pocillopora_tuahiniensis_scaffold446	9	36507 	36579 	Ile	GAT	0	0	85.1	
Pocillopora_tuahiniensis_scaffold446	10	39026 	38954 	Ala	AGC	0	0	57.6	
Pocillopora_tuahiniensis_scaffold446	11	34850 	34778 	Val	AAC	0	0	82.2	
Pocillopora_tuahiniensis_scaffold446	12	32094 	32022 	Ala	TGC	0	0	62.1	
Pocillopora_tuahiniensis_scaffold446	13	30835 	30757 	Ile	GAT	30798	30793	47.6	
Pocillopora_tuahiniensis_scaffold446	14	29789 	29717 	Ala	TGC	0	0	20.0	pseudo
Pocillopora_tuahiniensis_scaffold446	15	26095 	26023 	Val	AAC	0	0	60.9	
Pocillopora_tuahiniensis_scaffold446	16	24435 	24363 	Ala	TGC	0	0	61.0	
Pocillopora_tuahiniensis_scaffold446	17	19414 	19343 	Asp	GTC	0	0	68.0	
Pocillopora_tuahiniensis_scaffold446	18	18826 	18755 	Asp	GTC	0	0	58.1	
Pocillopora_tuahiniensis_scaffold446	19	9720  	9646  	Pro	CGG	0	0	44.2	
Pocillopora_tuahiniensis_scaffold446	20	4559  	4486  	Asn	GTT	0	0	81.2	
Pocillopora_tuahiniensis_scaffold446	21	141   	69    	Val	TAC	0	0	75.8	
Pocillopora_tuahiniensis_scaffold451	1	164129	164200	Thr	GGT	0	0	40.0	
Pocillopora_tuahiniensis_scaffold452	1	100926	100998	Thr	GGT	0	0	54.3	pseudo
Pocillopora_tuahiniensis_scaffold453	1	348183	348255	Thr	GGT	0	0	54.6	
Pocillopora_tuahiniensis_scaffold453	2	348430	348502	Thr	GGT	0	0	57.2	
Pocillopora_tuahiniensis_scaffold453	3	464540	464623	Leu	TAA	0	0	84.0	
Pocillopora_tuahiniensis_scaffold453	4	430635	430561	Arg	CCG	0	0	41.5	pseudo
Pocillopora_tuahiniensis_scaffold453	5	237125	237053	Thr	GGT	0	0	69.5	
Pocillopora_tuahiniensis_scaffold453	6	235744	235665	Thr	TGT	0	0	29.0	pseudo
Pocillopora_tuahiniensis_scaffold453	7	72820 	72744 	Thr	GGT	0	0	51.9	
Pocillopora_tuahiniensis_scaffold457	1	18742 	18670 	Arg	CCG	0	0	40.6	pseudo
Pocillopora_tuahiniensis_scaffold458	1	33254 	33326 	Pro	CGG	0	0	23.4	
Pocillopora_tuahiniensis_scaffold458	2	115793	115865	Pro	CGG	0	0	26.9	pseudo
Pocillopora_tuahiniensis_scaffold458	3	268900	268972	Arg	CCG	0	0	28.1	pseudo
Pocillopora_tuahiniensis_scaffold459	1	804   	875   	Cys	GCA	0	0	77.2	
Pocillopora_tuahiniensis_scaffold459	2	78579 	78651 	Thr	GGT	0	0	70.1	
Pocillopora_tuahiniensis_scaffold459	3	128027	128102	Ser	CGA	0	0	24.4	pseudo
Pocillopora_tuahiniensis_scaffold459	4	139159	139231	Ser	CGA	0	0	47.0	pseudo
Pocillopora_tuahiniensis_scaffold459	5	149854	149926	Ser	CGA	0	0	47.0	pseudo
Pocillopora_tuahiniensis_scaffold459	6	158923	158995	Arg	GCG	0	0	37.6	pseudo
Pocillopora_tuahiniensis_scaffold459	7	634563	634635	Pro	CGG	0	0	29.6	
Pocillopora_tuahiniensis_scaffold459	8	661734	661808	Cys	GCA	0	0	47.5	
Pocillopora_tuahiniensis_scaffold459	9	668165	668239	Cys	GCA	0	0	48.2	
Pocillopora_tuahiniensis_scaffold459	10	805515	805587	Ile	GAT	0	0	38.1	pseudo
Pocillopora_tuahiniensis_scaffold459	11	900456	900383	Arg	GCG	0	0	31.2	
Pocillopora_tuahiniensis_scaffold459	12	728678	728616	Thr	GGT	0	0	21.4	pseudo
Pocillopora_tuahiniensis_scaffold459	13	383259	383188	Thr	CGT	0	0	50.7	
Pocillopora_tuahiniensis_scaffold459	14	120989	120913	Thr	GGT	0	0	46.0	pseudo
Pocillopora_tuahiniensis_scaffold459	15	120755	120683	Thr	GGT	0	0	64.1	
Pocillopora_tuahiniensis_scaffold459	16	78508 	78433 	Thr	AGT	0	0	33.6	pseudo
Pocillopora_tuahiniensis_scaffold461	1	14347 	14419 	Thr	GGT	0	0	64.1	
Pocillopora_tuahiniensis_scaffold461	2	50231 	50305 	Cys	GCA	0	0	31.5	pseudo
Pocillopora_tuahiniensis_scaffold461	3	239268	239339	Arg	TCG	0	0	25.0	pseudo
Pocillopora_tuahiniensis_scaffold461	4	276725	276653	Ile	GAT	0	0	49.7	pseudo
Pocillopora_tuahiniensis_scaffold461	5	138615	138543	Cys	GCA	0	0	30.2	
Pocillopora_tuahiniensis_scaffold461	6	137144	137072	Arg	ACG	0	0	48.9	
Pocillopora_tuahiniensis_scaffold461	7	121413	121355	Undet	NNN	0	0	33.2	pseudo
Pocillopora_tuahiniensis_scaffold461	8	99204 	99132 	Arg	CCG	0	0	29.3	pseudo
Pocillopora_tuahiniensis_scaffold461	9	15093 	15021 	Arg	ACG	0	0	43.3	
Pocillopora_tuahiniensis_scaffold462	1	153548	153620	Arg	ACG	0	0	37.2	
Pocillopora_tuahiniensis_scaffold463	1	100171	100243	Thr	GGT	0	0	69.5	
Pocillopora_tuahiniensis_scaffold463	2	35176 	35104 	Thr	GGT	0	0	63.1	
Pocillopora_tuahiniensis_scaffold465	1	12562 	12491 	Gln	CTG	0	0	27.1	pseudo
Pocillopora_tuahiniensis_scaffold466	1	67748 	67675 	Thr	GGT	0	0	42.3	pseudo
Pocillopora_tuahiniensis_scaffold467	1	51632 	51704 	Arg	CCG	0	0	20.8	pseudo
Pocillopora_tuahiniensis_scaffold470	1	17625 	17703 	Pro	CGG	17661	17667	20.1	pseudo
Pocillopora_tuahiniensis_scaffold470	2	47165 	47237 	Arg	ACG	0	0	48.0	
Pocillopora_tuahiniensis_scaffold470	3	49718 	49799 	Undet	NNN	0	0	23.0	pseudo
Pocillopora_tuahiniensis_scaffold470	4	304571	304643	Thr	GGT	0	0	59.6	
Pocillopora_tuahiniensis_scaffold470	5	304820	304892	Asn	GTT	0	0	39.7	pseudo
Pocillopora_tuahiniensis_scaffold470	6	336219	336291	Ala	GGC	0	0	38.9	pseudo
Pocillopora_tuahiniensis_scaffold470	7	461712	461784	Cys	GCA	0	0	57.2	
Pocillopora_tuahiniensis_scaffold470	8	541144	541219	Arg	CCG	0	0	20.7	pseudo
Pocillopora_tuahiniensis_scaffold470	9	542777	542849	Arg	GCG	0	0	31.6	
Pocillopora_tuahiniensis_scaffold470	10	562981	562909	Pro	TGG	0	0	52.6	
Pocillopora_tuahiniensis_scaffold470	11	184105	184033	Thr	AGT	0	0	50.5	
Pocillopora_tuahiniensis_scaffold471	1	230373	230454	Ser	GCT	0	0	90.9	
Pocillopora_tuahiniensis_scaffold471	2	283315	283385	Pro	CGG	0	0	27.7	pseudo
Pocillopora_tuahiniensis_scaffold471	3	461195	461269	Thr	TGT	0	0	23.4	pseudo
Pocillopora_tuahiniensis_scaffold471	4	526429	526501	Arg	CCG	0	0	40.8	pseudo
Pocillopora_tuahiniensis_scaffold471	5	248698	248626	Arg	TCT	0	0	30.0	pseudo
Pocillopora_tuahiniensis_scaffold472	1	78934 	79021 	Ser	ACT	0	0	21.7	pseudo
Pocillopora_tuahiniensis_scaffold472	2	334687	334615	Thr	GGT	0	0	68.5	
Pocillopora_tuahiniensis_scaffold473	1	48013 	48085 	Thr	GGT	0	0	66.9	
Pocillopora_tuahiniensis_scaffold473	2	152678	152753	Pro	CGG	0	0	24.1	pseudo
Pocillopora_tuahiniensis_scaffold474	1	53523 	53592 	Undet	NNN	0	0	31.5	pseudo
Pocillopora_tuahiniensis_scaffold474	2	112728	112807	Thr	GGT	0	0	38.7	pseudo
Pocillopora_tuahiniensis_scaffold474	3	246141	246061	Thr	GGT	0	0	35.6	pseudo
Pocillopora_tuahiniensis_scaffold474	4	44284 	44212 	Arg	GCG	0	0	36.1	
Pocillopora_tuahiniensis_scaffold475	1	13946 	13874 	Arg	GCG	0	0	37.0	
Pocillopora_tuahiniensis_scaffold476	1	29615 	29687 	Thr	GGT	0	0	54.1	pseudo
Pocillopora_tuahiniensis_scaffold476	2	380600	380528	Thr	GGT	0	0	40.0	pseudo
Pocillopora_tuahiniensis_scaffold476	3	259093	259021	Thr	GGT	0	0	51.0	
Pocillopora_tuahiniensis_scaffold477	1	151147	151220	Pro	CGG	0	0	52.3	
Pocillopora_tuahiniensis_scaffold477	2	193284	193356	Thr	GGT	0	0	54.3	pseudo
Pocillopora_tuahiniensis_scaffold477	3	301480	301551	Arg	CCG	0	0	24.8	pseudo
Pocillopora_tuahiniensis_scaffold479	1	148002	148075	Asn	GTT	0	0	80.6	
Pocillopora_tuahiniensis_scaffold479	2	148765	148838	Asn	GTT	0	0	81.2	
Pocillopora_tuahiniensis_scaffold479	3	318724	318796	Arg	GCG	0	0	23.6	pseudo
Pocillopora_tuahiniensis_scaffold479	4	173100	173028	Ser	AGA	0	0	49.3	
Pocillopora_tuahiniensis_scaffold480	1	31111 	31184 	Leu	GAG	0	0	20.0	pseudo
Pocillopora_tuahiniensis_scaffold480	2	9913  	9830  	Undet	NNN	0	0	29.0	
Pocillopora_tuahiniensis_scaffold481	1	53318 	53397 	Undet	NNN	0	0	22.7	pseudo
Pocillopora_tuahiniensis_scaffold481	2	167446	167519	Asn	GTT	0	0	80.6	
Pocillopora_tuahiniensis_scaffold481	3	168055	168127	Arg	ACG	0	0	69.1	
Pocillopora_tuahiniensis_scaffold481	4	417203	417270	Phe	GAA	0	0	54.9	
Pocillopora_tuahiniensis_scaffold481	5	417695	417797	Phe	GAA	0	0	72.1	
Pocillopora_tuahiniensis_scaffold481	6	418015	418117	Phe	GAA	0	0	72.1	
Pocillopora_tuahiniensis_scaffold481	7	418972	419074	Phe	GAA	0	0	72.1	
Pocillopora_tuahiniensis_scaffold481	8	420205	420307	Phe	GAA	0	0	72.1	
Pocillopora_tuahiniensis_scaffold481	9	423573	423675	Phe	GAA	0	0	72.1	
Pocillopora_tuahiniensis_scaffold481	10	424532	424634	Phe	GAA	0	0	72.1	
Pocillopora_tuahiniensis_scaffold481	11	425772	425874	Phe	GAA	0	0	68.2	
Pocillopora_tuahiniensis_scaffold481	12	426086	426188	Phe	GAA	0	0	72.1	
Pocillopora_tuahiniensis_scaffold481	13	427057	427159	Phe	GAA	0	0	72.1	
Pocillopora_tuahiniensis_scaffold481	14	427378	427480	Phe	GAA	0	0	72.1	
Pocillopora_tuahiniensis_scaffold481	15	428011	428085	Phe	GAA	0	0	49.0	pseudo
Pocillopora_tuahiniensis_scaffold481	16	596191	596293	Phe	GAA	0	0	52.3	
Pocillopora_tuahiniensis_scaffold481	17	228800	228698	Phe	GAA	0	0	72.2	
Pocillopora_tuahiniensis_scaffold481	18	191978	191907	Gln	CTG	0	0	24.1	pseudo
Pocillopora_tuahiniensis_scaffold481	19	131119	131047	Thr	GGT	0	0	27.9	pseudo
Pocillopora_tuahiniensis_scaffold481	20	115782	115710	Val	CAC	0	0	83.7	
Pocillopora_tuahiniensis_scaffold481	21	21687 	21612 	Gln	CTG	0	0	26.1	pseudo
Pocillopora_tuahiniensis_scaffold482	1	316011	316083	Undet	NNN	0	0	37.8	
Pocillopora_tuahiniensis_scaffold482	2	324638	324694	Undet	NNN	0	0	31.2	pseudo
Pocillopora_tuahiniensis_scaffold482	3	460826	460898	Arg	GCG	0	0	27.0	pseudo
Pocillopora_tuahiniensis_scaffold482	4	594303	594375	Pro	CGG	0	0	56.6	
Pocillopora_tuahiniensis_scaffold482	5	607829	607901	Thr	GGT	0	0	36.7	
Pocillopora_tuahiniensis_scaffold482	6	617951	618023	Thr	GGT	0	0	47.8	
Pocillopora_tuahiniensis_scaffold482	7	823386	823458	Arg	TCG	0	0	65.7	
Pocillopora_tuahiniensis_scaffold482	8	829190	829262	Arg	TCG	0	0	65.7	
Pocillopora_tuahiniensis_scaffold482	9	867108	867032	Arg	GCG	0	0	24.9	
Pocillopora_tuahiniensis_scaffold482	10	827080	827008	Arg	TCG	0	0	45.3	pseudo
Pocillopora_tuahiniensis_scaffold482	11	608266	608182	Thr	CGT	0	0	27.0	pseudo
Pocillopora_tuahiniensis_scaffold482	12	337418	337346	Arg	GCG	0	0	48.1	
Pocillopora_tuahiniensis_scaffold482	13	315800	315728	His	GTG	0	0	40.6	
Pocillopora_tuahiniensis_scaffold483	1	31325 	31406 	Ser	GCT	0	0	88.4	
Pocillopora_tuahiniensis_scaffold483	2	123501	123573	Thr	GGT	0	0	64.1	
Pocillopora_tuahiniensis_scaffold483	3	42877 	42813 	Undet	NNN	0	0	31.1	pseudo
Pocillopora_tuahiniensis_scaffold484	1	16236 	16308 	Thr	GGT	0	0	58.2	
Pocillopora_tuahiniensis_scaffold484	2	16486 	16562 	Thr	GGT	0	0	44.7	pseudo
Pocillopora_tuahiniensis_scaffold484	3	116446	116374	Thr	AGT	0	0	31.7	pseudo
Pocillopora_tuahiniensis_scaffold484	4	63613 	63540 	Arg	GCG	0	0	31.2	
Pocillopora_tuahiniensis_scaffold485	1	247712	247784	Thr	GGT	0	0	34.1	pseudo
Pocillopora_tuahiniensis_scaffold485	2	129763	129691	Arg	GCG	0	0	34.2	
Pocillopora_tuahiniensis_scaffold485	3	100202	100136	Undet	NNN	0	0	37.2	
Pocillopora_tuahiniensis_scaffold485	4	72682 	72610 	Arg	GCG	0	0	25.8	
Pocillopora_tuahiniensis_scaffold485	5	40270 	40198 	Arg	GCG	0	0	26.2	
Pocillopora_tuahiniensis_scaffold486	1	159899	159971	Arg	CCG	0	0	27.6	pseudo
Pocillopora_tuahiniensis_scaffold486	2	359287	359359	Trp	CCA	0	0	23.8	pseudo
Pocillopora_tuahiniensis_scaffold488	1	34573 	34645 	Thr	GGT	0	0	72.9	
Pocillopora_tuahiniensis_scaffold488	2	69046 	69118 	Thr	AGT	0	0	30.2	pseudo
Pocillopora_tuahiniensis_scaffold488	3	62874 	62802 	Thr	GGT	0	0	53.8	
Pocillopora_tuahiniensis_scaffold488	4	34486 	34414 	Thr	GGT	0	0	37.2	
Pocillopora_tuahiniensis_scaffold490	1	157177	157249	Arg	GCG	0	0	28.7	
Pocillopora_tuahiniensis_scaffold490	2	267819	267891	Thr	AGT	0	0	51.7	pseudo
Pocillopora_tuahiniensis_scaffold490	3	268066	268138	Thr	AGT	0	0	43.9	pseudo
Pocillopora_tuahiniensis_scaffold490	4	395379	395451	His	ATG	0	0	40.0	
Pocillopora_tuahiniensis_scaffold490	5	424204	424279	Undet	NNN	0	0	40.9	
Pocillopora_tuahiniensis_scaffold490	6	659923	659994	Trp	CCA	0	0	25.3	pseudo
Pocillopora_tuahiniensis_scaffold491	1	92835 	92763 	Cys	GCA	0	0	39.0	
Pocillopora_tuahiniensis_scaffold492	1	128935	129007	Thr	GGT	0	0	49.3	
Pocillopora_tuahiniensis_scaffold492	2	144311	144383	Thr	GGT	0	0	50.0	
Pocillopora_tuahiniensis_scaffold492	3	219417	219489	Thr	GGT	0	0	51.8	
Pocillopora_tuahiniensis_scaffold492	4	312109	312181	Thr	GGT	0	0	42.8	
Pocillopora_tuahiniensis_scaffold492	5	328532	328604	Thr	GGT	0	0	50.0	
Pocillopora_tuahiniensis_scaffold492	6	328429	328357	Thr	GGT	0	0	48.0	
Pocillopora_tuahiniensis_scaffold492	7	312022	311950	Thr	GGT	0	0	68.2	
Pocillopora_tuahiniensis_scaffold492	8	286569	286496	Thr	AGT	0	0	24.0	pseudo
Pocillopora_tuahiniensis_scaffold492	9	219314	219242	Thr	GGT	0	0	41.9	pseudo
Pocillopora_tuahiniensis_scaffold492	10	174024	173952	Arg	CCG	0	0	33.5	pseudo
Pocillopora_tuahiniensis_scaffold492	11	144208	144136	Thr	GGT	0	0	45.7	
Pocillopora_tuahiniensis_scaffold492	12	128848	128772	Thr	GGT	0	0	44.9	
Pocillopora_tuahiniensis_scaffold492	13	94269 	94207 	Undet	NNN	0	0	21.0	pseudo
Pocillopora_tuahiniensis_scaffold492	14	58559 	58487 	Thr	AGT	0	0	21.5	pseudo
Pocillopora_tuahiniensis_scaffold492	15	11790 	11717 	Thr	AGT	0	0	36.2	
Pocillopora_tuahiniensis_scaffold493	1	12327 	12399 	Pro	AGG	0	0	31.8	pseudo
Pocillopora_tuahiniensis_scaffold494	1	193068	192996	Arg	GCG	0	0	39.9	pseudo
Pocillopora_tuahiniensis_scaffold494	2	130827	130759	Asn	GTT	0	0	24.1	pseudo
Pocillopora_tuahiniensis_scaffold494	3	125660	125588	His	GTG	0	0	43.9	
Pocillopora_tuahiniensis_scaffold494	4	55683 	55611 	His	ATG	0	0	26.6	pseudo
Pocillopora_tuahiniensis_scaffold496	1	27703 	27637 	Thr	GGT	0	0	20.9	pseudo
Pocillopora_tuahiniensis_scaffold497	1	63955 	64027 	Thr	GGT	0	0	66.6	
Pocillopora_tuahiniensis_scaffold498	1	77182 	77110 	Pro	CGG	0	0	42.2	pseudo
Pocillopora_tuahiniensis_scaffold499	1	181464	181536	Thr	AGT	0	0	31.7	pseudo
Pocillopora_tuahiniensis_scaffold500	1	230562	230634	Thr	GGT	0	0	31.1	
Pocillopora_tuahiniensis_scaffold500	2	363871	363799	Cys	ACA	0	0	44.7	
Pocillopora_tuahiniensis_scaffold501	1	27560 	27632 	Thr	AGT	0	0	27.5	pseudo
Pocillopora_tuahiniensis_scaffold501	2	27683 	27757 	Thr	GGT	0	0	43.5	pseudo
Pocillopora_tuahiniensis_scaffold501	3	586067	586139	Gln	CTG	0	0	36.6	pseudo
Pocillopora_tuahiniensis_scaffold501	4	415722	415650	Gln	CTG	0	0	34.9	pseudo
Pocillopora_tuahiniensis_scaffold501	5	307521	307449	Arg	GCG	0	0	42.2	
Pocillopora_tuahiniensis_scaffold502	1	3100  	3172  	Ile	AAT	0	0	47.0	pseudo
Pocillopora_tuahiniensis_scaffold503	1	14389 	14317 	Thr	GGT	0	0	66.7	
Pocillopora_tuahiniensis_scaffold503	2	14140 	14068 	Thr	GGT	0	0	66.7	
Pocillopora_tuahiniensis_scaffold504	1	79039 	79111 	Thr	GGT	0	0	65.3	
Pocillopora_tuahiniensis_scaffold504	2	136979	137050	Cys	ACA	0	0	59.3	
Pocillopora_tuahiniensis_scaffold504	3	240692	240764	Thr	GGT	0	0	28.3	pseudo
Pocillopora_tuahiniensis_scaffold504	4	538783	538854	Cys	GCA	0	0	37.1	
Pocillopora_tuahiniensis_scaffold504	5	560491	560563	Thr	GGT	0	0	62.2	
Pocillopora_tuahiniensis_scaffold504	6	565871	565799	Thr	GGT	0	0	55.8	
Pocillopora_tuahiniensis_scaffold504	7	508917	508846	Thr	GGT	0	0	52.4	pseudo
Pocillopora_tuahiniensis_scaffold504	8	463450	463377	Thr	GGT	0	0	30.0	pseudo
Pocillopora_tuahiniensis_scaffold504	9	443567	443495	Thr	GGT	0	0	60.3	
Pocillopora_tuahiniensis_scaffold504	10	443319	443247	Thr	GGT	0	0	41.0	pseudo
Pocillopora_tuahiniensis_scaffold504	11	426060	425985	Ala	GGC	0	0	65.7	
Pocillopora_tuahiniensis_scaffold504	12	409015	408942	Thr	GGT	0	0	25.7	pseudo
Pocillopora_tuahiniensis_scaffold504	13	400582	400510	Pro	CGG	0	0	32.2	pseudo
Pocillopora_tuahiniensis_scaffold504	14	288131	288055	Ala	GGC	0	0	35.1	pseudo
Pocillopora_tuahiniensis_scaffold504	15	265104	265033	Cys	GCA	0	0	60.1	
Pocillopora_tuahiniensis_scaffold504	16	257090	257018	Thr	GGT	0	0	72.3	
Pocillopora_tuahiniensis_scaffold504	17	256853	256770	Thr	GGT	0	0	28.3	pseudo
Pocillopora_tuahiniensis_scaffold504	18	248874	248803	Arg	ACG	0	0	34.2	pseudo
Pocillopora_tuahiniensis_scaffold504	19	240552	240477	Thr	GGT	0	0	59.6	
Pocillopora_tuahiniensis_scaffold504	20	188945	188874	Arg	ACG	0	0	31.7	pseudo
Pocillopora_tuahiniensis_scaffold504	21	182380	182305	Thr	GGT	0	0	20.0	
Pocillopora_tuahiniensis_scaffold504	22	175872	175800	Thr	GGT	0	0	65.0	
Pocillopora_tuahiniensis_scaffold504	23	105089	105016	Thr	GGT	0	0	30.0	pseudo
Pocillopora_tuahiniensis_scaffold504	24	97712 	97640 	Thr	GGT	0	0	69.5	
Pocillopora_tuahiniensis_scaffold504	25	97460 	97398 	Thr	AGT	0	0	22.9	pseudo
Pocillopora_tuahiniensis_scaffold504	26	90959 	90888 	Arg	ACG	0	0	31.1	pseudo
Pocillopora_tuahiniensis_scaffold504	27	62066 	61994 	Thr	GGT	0	0	36.5	pseudo
Pocillopora_tuahiniensis_scaffold504	28	42330 	42258 	Thr	AGT	0	0	23.9	pseudo
Pocillopora_tuahiniensis_scaffold504	29	23310 	23238 	Thr	GGT	0	0	69.5	
Pocillopora_tuahiniensis_scaffold504	30	15506 	15435 	Arg	ACG	0	0	26.2	pseudo
Pocillopora_tuahiniensis_scaffold506	1	74148 	74076 	Thr	GGT	0	0	39.7	pseudo
Pocillopora_tuahiniensis_scaffold507	1	8257  	8188  	Ser	GCT	0	0	20.4	pseudo
Pocillopora_tuahiniensis_scaffold508	1	59391 	59463 	Ile	GAT	0	0	33.3	
Pocillopora_tuahiniensis_scaffold509	1	59480 	59552 	Thr	GGT	0	0	57.4	
Pocillopora_tuahiniensis_scaffold509	2	66220 	66148 	Thr	GGT	0	0	58.0	
Pocillopora_tuahiniensis_scaffold511	1	137429	137357	Thr	GGT	0	0	51.1	
Pocillopora_tuahiniensis_scaffold511	2	137182	137110	Thr	GGT	0	0	64.1	
Pocillopora_tuahiniensis_scaffold512	1	45653 	45725 	Thr	GGT	0	0	36.2	pseudo
Pocillopora_tuahiniensis_scaffold512	2	45905 	45977 	Thr	GGT	0	0	36.8	
Pocillopora_tuahiniensis_scaffold512	3	177291	177362	Gln	CTG	0	0	22.4	pseudo
Pocillopora_tuahiniensis_scaffold513	1	329581	329653	Thr	GGT	0	0	34.8	pseudo
Pocillopora_tuahiniensis_scaffold513	2	419406	419470	Undet	NNN	0	0	49.8	
Pocillopora_tuahiniensis_scaffold513	3	610515	610587	Thr	GGT	0	0	42.4	pseudo
Pocillopora_tuahiniensis_scaffold514	1	67799 	67871 	Gly	CCC	0	0	42.7	pseudo
Pocillopora_tuahiniensis_scaffold514	2	578737	578809	His	GTG	0	0	50.8	
Pocillopora_tuahiniensis_scaffold514	3	803596	803668	Thr	GGT	0	0	64.1	
Pocillopora_tuahiniensis_scaffold514	4	851696	851768	Ser	GCT	0	0	43.7	
Pocillopora_tuahiniensis_scaffold514	5	689142	689070	Asn	GTT	0	0	40.8	pseudo
Pocillopora_tuahiniensis_scaffold514	6	503812	503739	Thr	GGT	0	0	58.3	
Pocillopora_tuahiniensis_scaffold514	7	153382	153310	Undet	NNN	0	0	28.4	
Pocillopora_tuahiniensis_scaffold517	1	71898 	71970 	Arg	GCG	0	0	55.0	
Pocillopora_tuahiniensis_scaffold517	2	231356	231284	Thr	GGT	0	0	55.7	
Pocillopora_tuahiniensis_scaffold517	3	170814	170739	Val	TAC	0	0	49.5	pseudo
Pocillopora_tuahiniensis_scaffold518	1	92899 	92993 	Thr	AGT	0	0	39.7	
Pocillopora_tuahiniensis_scaffold518	2	104416	104487	Ser	ACT	0	0	35.3	
Pocillopora_tuahiniensis_scaffold518	3	119004	119075	Pro	TGG	0	0	69.3	
Pocillopora_tuahiniensis_scaffold518	4	119477	119550	Thr	AGT	0	0	86.4	
Pocillopora_tuahiniensis_scaffold519	1	17598 	17670 	Gln	CTG	0	0	21.7	pseudo
Pocillopora_tuahiniensis_scaffold520	1	31666 	31594 	Thr	GGT	0	0	64.1	
Pocillopora_tuahiniensis_scaffold520	2	31421 	31349 	Thr	GGT	0	0	58.6	
Pocillopora_tuahiniensis_scaffold521	1	268828	268900	Thr	GGT	0	0	51.0	pseudo
Pocillopora_tuahiniensis_scaffold521	2	312765	312837	Thr	GGT	0	0	62.3	
Pocillopora_tuahiniensis_scaffold521	3	313634	313706	Thr	GGT	0	0	44.4	pseudo
Pocillopora_tuahiniensis_scaffold521	4	154470	154395	Thr	GGT	0	0	22.2	pseudo
Pocillopora_tuahiniensis_scaffold521	5	145257	145187	Thr	GGT	0	0	38.2	pseudo
Pocillopora_tuahiniensis_scaffold521	6	121139	121067	Cys	GCA	0	0	50.3	
Pocillopora_tuahiniensis_scaffold522	1	29106 	29178 	Ala	GGC	0	0	33.5	pseudo
Pocillopora_tuahiniensis_scaffold522	2	28991 	28919 	Thr	GGT	0	0	56.1	
Pocillopora_tuahiniensis_scaffold523	1	147848	147921	Ile	GAT	0	0	38.9	pseudo
Pocillopora_tuahiniensis_scaffold523	2	180680	180752	Ile	GAT	0	0	32.8	pseudo
Pocillopora_tuahiniensis_scaffold523	3	317506	317434	Thr	GGT	0	0	61.6	
Pocillopora_tuahiniensis_scaffold526	1	69495 	69567 	Thr	GGT	0	0	56.3	
Pocillopora_tuahiniensis_scaffold526	2	69271 	69199 	Thr	GGT	0	0	56.6	
Pocillopora_tuahiniensis_scaffold527	1	38903 	38975 	Leu	CAG	0	0	23.6	pseudo
Pocillopora_tuahiniensis_scaffold527	2	51464 	51582 	Leu	CAA	51502	51536	73.9	
Pocillopora_tuahiniensis_scaffold527	3	478682	478754	Undet	NNN	0	0	34.7	
Pocillopora_tuahiniensis_scaffold527	4	577068	577142	Thr	CGT	0	0	26.3	pseudo
Pocillopora_tuahiniensis_scaffold529	1	180961	180889	Thr	GGT	0	0	45.5	
Pocillopora_tuahiniensis_scaffold529	2	140689	140618	His	GTG	0	0	26.2	
Pocillopora_tuahiniensis_scaffold529	3	140428	140358	Arg	ACG	0	0	28.4	
Pocillopora_tuahiniensis_scaffold529	4	119067	118996	His	GTG	0	0	26.2	
Pocillopora_tuahiniensis_scaffold529	5	118806	118736	Arg	ACG	0	0	28.4	
Pocillopora_tuahiniensis_scaffold529	6	87690 	87619 	His	GTG	0	0	26.2	
Pocillopora_tuahiniensis_scaffold529	7	87429 	87359 	Arg	ACG	0	0	28.4	
Pocillopora_tuahiniensis_scaffold529	8	62862 	62791 	His	GTG	0	0	26.2	
Pocillopora_tuahiniensis_scaffold529	9	62601 	62531 	Arg	ACG	0	0	28.4	
Pocillopora_tuahiniensis_scaffold531	1	157613	157685	Arg	TCT	0	0	28.0	pseudo
Pocillopora_tuahiniensis_scaffold531	2	190135	190207	Arg	ACG	0	0	34.4	pseudo
Pocillopora_tuahiniensis_scaffold531	3	335873	335945	Arg	GCG	0	0	36.3	
Pocillopora_tuahiniensis_scaffold531	4	413244	413316	Thr	GGT	0	0	40.3	
Pocillopora_tuahiniensis_scaffold531	5	484560	484631	Cys	GCA	0	0	77.2	
Pocillopora_tuahiniensis_scaffold531	6	486346	486417	Cys	GCA	0	0	81.5	
Pocillopora_tuahiniensis_scaffold531	7	492690	492760	Gly	GCC	0	0	81.7	
Pocillopora_tuahiniensis_scaffold531	8	490713	490644	Asn	ATT	0	0	59.7	
Pocillopora_tuahiniensis_scaffold531	9	485839	485769	Gly	GCC	0	0	79.4	
Pocillopora_tuahiniensis_scaffold531	10	485344	485274	Gly	GCC	0	0	71.0	
Pocillopora_tuahiniensis_scaffold531	11	484051	483981	Gly	GCC	0	0	79.4	
Pocillopora_tuahiniensis_scaffold531	12	319313	319241	Thr	GGT	0	0	69.5	
Pocillopora_tuahiniensis_scaffold531	13	165193	165121	Thr	GGT	0	0	48.9	
Pocillopora_tuahiniensis_scaffold531	14	97398 	97326 	Thr	GGT	0	0	51.6	pseudo
Pocillopora_tuahiniensis_scaffold532	1	115976	116056	Thr	GGT	0	0	38.9	pseudo
Pocillopora_tuahiniensis_scaffold532	2	143368	143296	Pro	TGG	0	0	32.7	
Pocillopora_tuahiniensis_scaffold532	3	115861	115789	Thr	GGT	0	0	64.7	
Pocillopora_tuahiniensis_scaffold532	4	46487 	46415 	Thr	GGT	0	0	64.1	
Pocillopora_tuahiniensis_scaffold533	1	109184	109112	Thr	GGT	0	0	32.0	pseudo
Pocillopora_tuahiniensis_scaffold534	1	6069  	6141  	Thr	GGT	0	0	55.3	
Pocillopora_tuahiniensis_scaffold534	2	251974	252047	Pro	GGG	0	0	45.0	pseudo
Pocillopora_tuahiniensis_scaffold534	3	201279	201207	Thr	GGT	0	0	52.4	
Pocillopora_tuahiniensis_scaffold534	4	5958  	5886  	Thr	GGT	0	0	48.9	pseudo
Pocillopora_tuahiniensis_scaffold536	1	152643	152715	Thr	GGT	0	0	65.0	
Pocillopora_tuahiniensis_scaffold536	2	148862	148790	Thr	GGT	0	0	66.7	
Pocillopora_tuahiniensis_scaffold538	1	24736 	24808 	Asn	GTT	0	0	40.8	pseudo
Pocillopora_tuahiniensis_scaffold539	1	272810	272881	Thr	GGT	0	0	24.1	pseudo
Pocillopora_tuahiniensis_scaffold539	2	166435	166362	Pro	GGG	0	0	45.0	pseudo
Pocillopora_tuahiniensis_scaffold540	1	28193 	28265 	Asn	GTT	0	0	62.2	
Pocillopora_tuahiniensis_scaffold540	2	40263 	40335 	Cys	GCA	0	0	20.5	
Pocillopora_tuahiniensis_scaffold540	3	154975	154903	Thr	GGT	0	0	31.4	
Pocillopora_tuahiniensis_scaffold541	1	18538 	18610 	Thr	AGT	0	0	69.4	
Pocillopora_tuahiniensis_scaffold541	2	26394 	26466 	Thr	GGT	0	0	69.5	
Pocillopora_tuahiniensis_scaffold542	1	307037	307095	Undet	NNN	0	0	35.7	pseudo
Pocillopora_tuahiniensis_scaffold542	2	306704	306632	Pro	GGG	0	0	36.4	
Pocillopora_tuahiniensis_scaffold545	1	18658 	18586 	His	GTG	0	0	46.1	
Pocillopora_tuahiniensis_scaffold547	1	204231	204303	Thr	AGT	0	0	35.6	
Pocillopora_tuahiniensis_scaffold547	2	390572	390657	Tyr	GTA	390609	390621	77.1	
Pocillopora_tuahiniensis_scaffold547	3	111029	110960	Ser	ACT	0	0	24.1	
Pocillopora_tuahiniensis_scaffold548	1	78832 	78761 	Cys	GCA	0	0	45.5	
Pocillopora_tuahiniensis_scaffold548	2	16402 	16330 	Undet	NNN	0	0	23.7	pseudo
Pocillopora_tuahiniensis_scaffold549	1	123523	123451	Thr	GGT	0	0	41.3	pseudo
Pocillopora_tuahiniensis_scaffold549	2	112463	112391	Thr	GGT	0	0	47.5	pseudo
Pocillopora_tuahiniensis_scaffold549	3	27856 	27784 	Asn	GTT	0	0	48.5	pseudo
Pocillopora_tuahiniensis_scaffold550	1	194226	194297	Cys	GCA	0	0	42.0	
Pocillopora_tuahiniensis_scaffold550	2	207940	207865	Thr	GGT	0	0	22.5	pseudo
Pocillopora_tuahiniensis_scaffold552	1	46955 	47027 	Thr	GGT	0	0	56.8	
Pocillopora_tuahiniensis_scaffold553	1	65235 	65163 	Thr	GGT	0	0	55.8	
Pocillopora_tuahiniensis_scaffold553	2	43411 	43339 	Thr	GGT	0	0	64.1	
Pocillopora_tuahiniensis_scaffold554	1	115864	115947	Leu	CAG	0	0	80.6	
Pocillopora_tuahiniensis_scaffold554	2	123257	123329	Thr	GGT	0	0	52.2	pseudo
Pocillopora_tuahiniensis_scaffold554	3	123622	123694	Thr	GGT	0	0	44.1	
Pocillopora_tuahiniensis_scaffold554	4	128199	128271	Thr	GGT	0	0	52.1	pseudo
Pocillopora_tuahiniensis_scaffold554	5	131135	131207	Ala	AGC	0	0	59.0	
Pocillopora_tuahiniensis_scaffold554	6	113759	113676	Leu	CAG	0	0	79.8	
Pocillopora_tuahiniensis_scaffold554	7	55083 	55011 	Arg	CCG	0	0	20.7	pseudo
Pocillopora_tuahiniensis_scaffold555	1	42632 	42707 	Gln	CTG	0	0	21.7	pseudo
Pocillopora_tuahiniensis_scaffold555	2	69775 	69847 	Ile	GAT	0	0	46.8	
Pocillopora_tuahiniensis_scaffold555	3	139634	139706	Thr	GGT	0	0	48.0	pseudo
Pocillopora_tuahiniensis_scaffold555	4	156445	156373	Thr	GGT	0	0	69.5	
Pocillopora_tuahiniensis_scaffold555	5	50805 	50733 	Thr	TGT	0	0	27.2	pseudo
Pocillopora_tuahiniensis_scaffold556	1	20149 	20077 	Ala	AGC	0	0	30.3	pseudo
Pocillopora_tuahiniensis_scaffold557	1	22028 	22100 	Thr	GGT	0	0	52.8	
Pocillopora_tuahiniensis_scaffold557	2	48313 	48236 	Undet	NNN	0	0	21.8	pseudo
Pocillopora_tuahiniensis_scaffold558	1	179562	179634	Ser	GCT	0	0	49.1	pseudo
Pocillopora_tuahiniensis_scaffold558	2	341984	342056	Trp	CCA	0	0	29.7	pseudo
Pocillopora_tuahiniensis_scaffold558	3	427904	427976	Asn	GTT	0	0	54.5	
Pocillopora_tuahiniensis_scaffold558	4	735834	735906	Thr	GGT	0	0	69.5	
Pocillopora_tuahiniensis_scaffold558	5	704960	704888	Arg	GCG	0	0	25.7	pseudo
Pocillopora_tuahiniensis_scaffold558	6	536057	535985	Ser	GCT	0	0	41.5	pseudo
Pocillopora_tuahiniensis_scaffold558	7	347950	347879	Arg	CCG	0	0	26.6	pseudo
Pocillopora_tuahiniensis_scaffold558	8	228539	228467	Pro	CGG	0	0	30.8	
Pocillopora_tuahiniensis_scaffold558	9	92377 	92305 	Trp	CCA	0	0	30.1	pseudo
Pocillopora_tuahiniensis_scaffold558	10	4162  	4090  	Thr	GGT	0	0	51.0	
Pocillopora_tuahiniensis_scaffold560	1	12279 	12351 	Undet	NNN	0	0	59.7	
Pocillopora_tuahiniensis_scaffold560	2	11809 	11733 	Cys	GCA	0	0	27.3	pseudo
Pocillopora_tuahiniensis_scaffold562	1	142018	142091	Pro	CGG	0	0	33.6	
Pocillopora_tuahiniensis_scaffold562	2	390805	390877	Undet	NNN	0	0	25.1	pseudo
Pocillopora_tuahiniensis_scaffold562	3	270045	269976	Arg	CCG	0	0	31.2	pseudo
Pocillopora_tuahiniensis_scaffold562	4	210470	210396	Arg	GCG	0	0	39.7	pseudo
Pocillopora_tuahiniensis_scaffold563	1	65520 	65589 	Ser	GCT	0	0	20.4	pseudo
Pocillopora_tuahiniensis_scaffold563	2	133399	133471	Thr	GGT	0	0	33.5	pseudo
Pocillopora_tuahiniensis_scaffold563	3	133284	133212	Thr	GGT	0	0	56.1	
Pocillopora_tuahiniensis_scaffold564	1	67457 	67379 	Thr	TGT	0	0	26.9	pseudo
Pocillopora_tuahiniensis_scaffold565	1	4976  	5052  	Thr	GGT	0	0	32.4	pseudo
Pocillopora_tuahiniensis_scaffold565	2	37094 	37166 	Thr	GGT	0	0	51.7	
Pocillopora_tuahiniensis_scaffold565	3	36670 	36598 	Thr	GGT	0	0	59.9	
Pocillopora_tuahiniensis_scaffold565	4	15954 	15882 	Thr	GGT	0	0	53.6	
Pocillopora_tuahiniensis_scaffold568	1	51952 	52024 	Ile	GAT	0	0	44.1	pseudo
Pocillopora_tuahiniensis_scaffold570	1	323913	323985	Thr	AGT	0	0	49.6	pseudo
Pocillopora_tuahiniensis_scaffold570	2	330688	330616	Thr	GGT	0	0	69.4	
Pocillopora_tuahiniensis_scaffold571	1	389831	389903	His	ATG	0	0	45.0	
Pocillopora_tuahiniensis_scaffold573	1	193568	193640	Thr	GGT	0	0	36.6	pseudo
Pocillopora_tuahiniensis_scaffold573	2	206637	206707	Arg	ACG	0	0	29.8	
Pocillopora_tuahiniensis_scaffold573	3	206898	206969	His	GTG	0	0	27.6	
Pocillopora_tuahiniensis_scaffold573	4	372639	372711	Thr	GGT	0	0	59.8	
Pocillopora_tuahiniensis_scaffold573	5	395565	395638	Arg	GCG	0	0	29.7	pseudo
Pocillopora_tuahiniensis_scaffold576	1	109925	109998	Asn	GTT	0	0	72.4	
Pocillopora_tuahiniensis_scaffold576	2	14918 	14845 	Asn	GTT	0	0	80.6	
Pocillopora_tuahiniensis_scaffold576	3	3432  	3359  	Asp	GTC	0	0	24.5	pseudo
Pocillopora_tuahiniensis_scaffold577	1	263798	263870	Cys	GCA	0	0	59.2	
Pocillopora_tuahiniensis_scaffold577	2	268875	268947	His	ATG	0	0	40.7	pseudo
Pocillopora_tuahiniensis_scaffold577	3	380366	380438	Trp	CCA	0	0	29.7	pseudo
Pocillopora_tuahiniensis_scaffold577	4	395727	395799	Thr	GGT	0	0	39.1	
Pocillopora_tuahiniensis_scaffold577	5	711409	711480	Undet	NNN	0	0	40.7	pseudo
Pocillopora_tuahiniensis_scaffold577	6	750637	750708	Arg	TCT	0	0	22.3	pseudo
Pocillopora_tuahiniensis_scaffold577	7	879113	879188	Undet	NNN	0	0	32.7	
Pocillopora_tuahiniensis_scaffold577	8	1121222	1121294	His	GTG	0	0	37.7	
Pocillopora_tuahiniensis_scaffold577	9	1122479	1122563	Ser	ACT	0	0	26.6	pseudo
Pocillopora_tuahiniensis_scaffold577	10	1162683	1162773	Thr	TGT	0	0	21.4	pseudo
Pocillopora_tuahiniensis_scaffold577	11	1194147	1194219	Thr	AGT	0	0	56.1	
Pocillopora_tuahiniensis_scaffold577	12	1183194	1183118	Met	CAT	0	0	26.2	pseudo
Pocillopora_tuahiniensis_scaffold577	13	1139307	1139235	Trp	CCA	0	0	20.8	pseudo
Pocillopora_tuahiniensis_scaffold577	14	1122482	1122410	Thr	GGT	0	0	47.9	pseudo
Pocillopora_tuahiniensis_scaffold577	15	977230	977158	Gln	CTG	0	0	31.1	pseudo
Pocillopora_tuahiniensis_scaffold577	16	954460	954391	Arg	GCG	0	0	24.1	pseudo
Pocillopora_tuahiniensis_scaffold577	17	846020	845948	Gln	CTG	0	0	30.4	pseudo
Pocillopora_tuahiniensis_scaffold577	18	644409	644337	Thr	GGT	0	0	63.9	
Pocillopora_tuahiniensis_scaffold577	19	600995	600923	Thr	GGT	0	0	50.5	pseudo
Pocillopora_tuahiniensis_scaffold577	20	479114	479042	Thr	GGT	0	0	41.1	pseudo
Pocillopora_tuahiniensis_scaffold578	1	8328  	8395  	Undet	NNN	0	0	34.6	
Pocillopora_tuahiniensis_scaffold578	2	189989	190058	Undet	NNN	0	0	25.0	
Pocillopora_tuahiniensis_scaffold581	1	100   	172   	Thr	AGT	0	0	55.6	
Pocillopora_tuahiniensis_scaffold581	2	46002 	46074 	Thr	GGT	0	0	25.3	pseudo
Pocillopora_tuahiniensis_scaffold582	1	83759 	83815 	Undet	NNN	0	0	24.9	pseudo
Pocillopora_tuahiniensis_scaffold582	2	83602 	83530 	Thr	GGT	0	0	63.9	
Pocillopora_tuahiniensis_scaffold582	3	69601 	69529 	Thr	GGT	0	0	75.5	
Pocillopora_tuahiniensis_scaffold583	1	86074 	86146 	Arg	ACG	0	0	35.9	
Pocillopora_tuahiniensis_scaffold583	2	157527	157599	Undet	NNN	0	0	37.5	
Pocillopora_tuahiniensis_scaffold583	3	187408	187480	Arg	GCG	0	0	29.6	
Pocillopora_tuahiniensis_scaffold583	4	221489	221415	Thr	GGT	0	0	31.9	pseudo
Pocillopora_tuahiniensis_scaffold584	1	146564	146492	Thr	GGT	0	0	64.1	
Pocillopora_tuahiniensis_scaffold584	2	146319	146247	Thr	GGT	0	0	64.1	
Pocillopora_tuahiniensis_scaffold587	1	40690 	40629 	Arg	GCG	0	0	30.2	pseudo
Pocillopora_tuahiniensis_scaffold589	1	192723	192801	Ala	TGC	0	0	29.8	pseudo
Pocillopora_tuahiniensis_scaffold589	2	288659	288732	Val	AAC	0	0	28.8	pseudo
Pocillopora_tuahiniensis_scaffold589	3	306160	306232	Arg	GCG	0	0	25.9	pseudo
Pocillopora_tuahiniensis_scaffold589	4	357842	357914	Thr	GGT	0	0	43.6	pseudo
Pocillopora_tuahiniensis_scaffold589	5	361059	361145	Thr	GGT	0	0	36.1	
Pocillopora_tuahiniensis_scaffold589	6	513579	513651	Thr	GGT	0	0	55.0	
Pocillopora_tuahiniensis_scaffold589	7	225870	225798	Thr	AGT	0	0	39.0	
Pocillopora_tuahiniensis_scaffold589	8	221679	221607	Thr	GGT	0	0	44.9	
Pocillopora_tuahiniensis_scaffold589	9	199858	199786	Thr	TGT	0	0	47.9	pseudo
Pocillopora_tuahiniensis_scaffold589	10	191521	191449	Thr	GGT	0	0	62.9	
Pocillopora_tuahiniensis_scaffold589	11	62780 	62708 	Thr	GGT	0	0	40.6	
Pocillopora_tuahiniensis_scaffold590	1	120   	192   	Thr	GGT	0	0	69.5	
Pocillopora_tuahiniensis_scaffold590	2	4303  	4374  	Cys	GCA	0	0	36.6	
Pocillopora_tuahiniensis_scaffold590	3	14200 	14127 	Thr	GGT	0	0	30.0	pseudo
Pocillopora_tuahiniensis_scaffold592	1	60605 	60677 	Cys	GCA	0	0	52.3	
Pocillopora_tuahiniensis_scaffold592	2	103269	103198	Pro	CGG	0	0	24.9	pseudo
Pocillopora_tuahiniensis_scaffold593	1	98063 	98135 	Thr	GGT	0	0	59.9	
Pocillopora_tuahiniensis_scaffold593	2	300783	300854	Tyr	ATA	0	0	25.1	pseudo
Pocillopora_tuahiniensis_scaffold593	3	301307	301383	Ser	ACT	0	0	20.8	pseudo
Pocillopora_tuahiniensis_scaffold596	1	14827 	14899 	Thr	GGT	0	0	64.1	
Pocillopora_tuahiniensis_scaffold599	1	37568 	37496 	Asn	GTT	0	0	67.0	
Pocillopora_tuahiniensis_scaffold599	2	31312 	31240 	Cys	GCA	0	0	38.8	
Pocillopora_tuahiniensis_scaffold600	1	58084 	58012 	Ile	GAT	0	0	32.8	pseudo
Pocillopora_tuahiniensis_scaffold601	1	88532 	88613 	Ser	GCT	0	0	61.6	
Pocillopora_tuahiniensis_scaffold601	2	312661	312733	Arg	ACG	0	0	35.9	pseudo
Pocillopora_tuahiniensis_scaffold601	3	328796	328869	His	GTG	0	0	35.2	
Pocillopora_tuahiniensis_scaffold601	4	355150	355222	Thr	GGT	0	0	24.8	pseudo
Pocillopora_tuahiniensis_scaffold601	5	380897	380969	Arg	GCG	0	0	27.2	pseudo
Pocillopora_tuahiniensis_scaffold601	6	562097	562169	Thr	GGT	0	0	54.2	
Pocillopora_tuahiniensis_scaffold603	1	194983	195055	Thr	GGT	0	0	56.7	
Pocillopora_tuahiniensis_scaffold604	1	385328	385398	Thr	GGT	0	0	45.4	pseudo
Pocillopora_tuahiniensis_scaffold604	2	463074	463146	Thr	AGT	0	0	53.4	pseudo
Pocillopora_tuahiniensis_scaffold604	3	483229	483301	Thr	AGT	0	0	53.4	pseudo
Pocillopora_tuahiniensis_scaffold604	4	494055	494127	Thr	AGT	0	0	55.5	
Pocillopora_tuahiniensis_scaffold604	5	562710	562782	Pro	CGG	0	0	37.1	
Pocillopora_tuahiniensis_scaffold604	6	420261	420197	Undet	NNN	0	0	48.6	
Pocillopora_tuahiniensis_scaffold604	7	313405	313333	His	GTG	0	0	38.0	
Pocillopora_tuahiniensis_scaffold604	8	91878 	91802 	Pro	CGG	91841	91838	27.4	pseudo
Pocillopora_tuahiniensis_scaffold605	1	179938	180007	Undet	NNN	0	0	57.0	
Pocillopora_tuahiniensis_scaffold605	2	212688	212606	Ser	GCT	0	0	25.4	pseudo
Pocillopora_tuahiniensis_scaffold605	3	16940 	16878 	Undet	NNN	0	0	24.5	pseudo
Pocillopora_tuahiniensis_scaffold607	1	174997	174921	Undet	NNN	0	0	22.5	pseudo
Pocillopora_tuahiniensis_scaffold608	1	48346 	48418 	Thr	GGT	0	0	30.7	pseudo
Pocillopora_tuahiniensis_scaffold608	2	87885 	87957 	Arg	GCG	0	0	21.7	
Pocillopora_tuahiniensis_scaffold608	3	88135 	88207 	Pro	CGG	0	0	50.4	
Pocillopora_tuahiniensis_scaffold608	4	133173	133249	Lys	CTT	133211	133213	54.0	pseudo
Pocillopora_tuahiniensis_scaffold608	5	187048	187108	Ile	AAT	0	0	20.2	pseudo
Pocillopora_tuahiniensis_scaffold608	6	188085	188155	Ser	ACT	0	0	20.3	pseudo
Pocillopora_tuahiniensis_scaffold608	7	245155	245224	Thr	GGT	0	0	29.7	
Pocillopora_tuahiniensis_scaffold608	8	269296	269224	Thr	GGT	0	0	66.9	
Pocillopora_tuahiniensis_scaffold608	9	245044	244972	Thr	GGT	0	0	64.1	
Pocillopora_tuahiniensis_scaffold608	10	244797	244725	Ser	GGA	0	0	64.1	
Pocillopora_tuahiniensis_scaffold608	11	244552	244480	Ser	GGA	0	0	64.1	
Pocillopora_tuahiniensis_scaffold608	12	137823	137751	Thr	GGT	0	0	36.7	pseudo
Pocillopora_tuahiniensis_scaffold611	1	1383  	1311  	Arg	GCG	0	0	48.5	
Pocillopora_tuahiniensis_scaffold613	1	34152 	34224 	Thr	GGT	0	0	54.1	
Pocillopora_tuahiniensis_scaffold614	1	134726	134798	Thr	GGT	0	0	65.3	
Pocillopora_tuahiniensis_scaffold614	2	158546	158618	Thr	GGT	0	0	64.1	
Pocillopora_tuahiniensis_scaffold614	3	158378	158306	Thr	GGT	0	0	72.2	
Pocillopora_tuahiniensis_scaffold615	1	10716 	10790 	Thr	TGT	0	0	26.8	pseudo
Pocillopora_tuahiniensis_scaffold617	1	69920 	69992 	Undet	NNN	0	0	21.4	pseudo
Pocillopora_tuahiniensis_scaffold618	1	32715 	32787 	Thr	GGT	0	0	54.2	pseudo
Pocillopora_tuahiniensis_scaffold618	2	96654 	96582 	Thr	GGT	0	0	66.0	
Pocillopora_tuahiniensis_scaffold618	3	51499 	51427 	Gly	GCC	0	0	25.9	pseudo
Pocillopora_tuahiniensis_scaffold619	1	129276	129348	Thr	GGT	0	0	40.4	
Pocillopora_tuahiniensis_scaffold619	2	307630	307566	Undet	NNN	0	0	21.5	pseudo
Pocillopora_tuahiniensis_scaffold619	3	105164	105093	Undet	NNN	0	0	28.2	pseudo
Pocillopora_tuahiniensis_scaffold620	1	3301  	3377  	Lys	CTT	3339	3341	54.0	pseudo
Pocillopora_tuahiniensis_scaffold620	2	57383 	57456 	Cys	ACA	0	0	25.8	
Pocillopora_tuahiniensis_scaffold620	3	7942  	7870  	Thr	GGT	0	0	50.0	pseudo
Pocillopora_tuahiniensis_scaffold621	1	18496 	18568 	Thr	GGT	0	0	48.6	pseudo
Pocillopora_tuahiniensis_scaffold624	1	135360	135432	Thr	GGT	0	0	31.7	pseudo
Pocillopora_tuahiniensis_scaffold624	2	148333	148406	Cys	GCA	0	0	24.9	
Pocillopora_tuahiniensis_scaffold624	3	160525	160597	Undet	NNN	0	0	32.4	
Pocillopora_tuahiniensis_scaffold624	4	164946	165018	Thr	GGT	0	0	69.5	
Pocillopora_tuahiniensis_scaffold624	5	177752	177817	Leu	CAA	0	0	24.0	pseudo
Pocillopora_tuahiniensis_scaffold624	6	383668	383740	Thr	AGT	0	0	39.4	pseudo
Pocillopora_tuahiniensis_scaffold624	7	409919	409991	Thr	GGT	0	0	38.5	pseudo
Pocillopora_tuahiniensis_scaffold624	8	429779	429851	Thr	AGT	0	0	52.2	
Pocillopora_tuahiniensis_scaffold624	9	453119	453191	His	GTG	0	0	21.2	pseudo
Pocillopora_tuahiniensis_scaffold624	10	600626	600698	Thr	GGT	0	0	52.7	pseudo
Pocillopora_tuahiniensis_scaffold624	11	612459	612529	Thr	GGT	0	0	47.0	
Pocillopora_tuahiniensis_scaffold624	12	685436	685507	Undet	NNN	0	0	20.3	pseudo
Pocillopora_tuahiniensis_scaffold624	13	919702	919630	Thr	GGT	0	0	59.9	
Pocillopora_tuahiniensis_scaffold624	14	634278	634207	Undet	NNN	0	0	21.3	pseudo
Pocillopora_tuahiniensis_scaffold624	15	170013	169942	Ser	CGA	0	0	23.3	pseudo
Pocillopora_tuahiniensis_scaffold626	1	31531 	31603 	Thr	GGT	0	0	44.2	
Pocillopora_tuahiniensis_scaffold628	1	9544  	9616  	Thr	GGT	0	0	54.3	pseudo
Pocillopora_tuahiniensis_scaffold629	1	40396 	40324 	Thr	GGT	0	0	66.9	
Pocillopora_tuahiniensis_scaffold632	1	109954	110029	Thr	GGT	0	0	21.0	pseudo
Pocillopora_tuahiniensis_scaffold633	1	70279 	70353 	Gln	CTG	0	0	26.1	pseudo
Pocillopora_tuahiniensis_scaffold633	2	135995	136067	Thr	GGT	0	0	32.5	pseudo
Pocillopora_tuahiniensis_scaffold635	1	21411 	21483 	Arg	CCG	0	0	29.0	pseudo
Pocillopora_tuahiniensis_scaffold637	1	58548 	58618 	Arg	GCG	0	0	36.0	
Pocillopora_tuahiniensis_scaffold637	2	77036 	77108 	Ala	GGC	0	0	71.2	
Pocillopora_tuahiniensis_scaffold637	3	114495	114566	Arg	GCG	0	0	38.6	
Pocillopora_tuahiniensis_scaffold637	4	223717	223787	Arg	GCG	0	0	30.2	
Pocillopora_tuahiniensis_scaffold637	5	99594 	99528 	Undet	NNN	0	0	28.5	pseudo
Pocillopora_tuahiniensis_scaffold637	6	44286 	44220 	Undet	NNN	0	0	28.5	pseudo
Pocillopora_tuahiniensis_scaffold640	1	25185 	25257 	Thr	GGT	0	0	57.4	
Pocillopora_tuahiniensis_scaffold641	1	43306 	43234 	Thr	GGT	0	0	63.8	
Pocillopora_tuahiniensis_scaffold642	1	9680  	9752  	His	ATG	0	0	34.1	
Pocillopora_tuahiniensis_scaffold643	1	150219	150304	Thr	GGT	0	0	41.2	pseudo
Pocillopora_tuahiniensis_scaffold643	2	150455	150527	Thr	GGT	0	0	52.8	
Pocillopora_tuahiniensis_scaffold643	3	60516 	60445 	Gln	CTG	0	0	31.7	pseudo
Pocillopora_tuahiniensis_scaffold643	4	53536 	53464 	Thr	GGT	0	0	49.2	
Pocillopora_tuahiniensis_scaffold643	5	13326 	13254 	Arg	CCG	0	0	31.8	pseudo
Pocillopora_tuahiniensis_scaffold645	1	33054 	33126 	Thr	GGT	0	0	69.5	
Pocillopora_tuahiniensis_scaffold646	1	255663	255591	Thr	GGT	0	0	66.6	
Pocillopora_tuahiniensis_scaffold646	2	135802	135730	Trp	CCA	0	0	27.1	pseudo
Pocillopora_tuahiniensis_scaffold646	3	74861 	74784 	Thr	GGT	0	0	34.2	pseudo
Pocillopora_tuahiniensis_scaffold646	4	71738 	71665 	Arg	TCT	0	0	57.1	
Pocillopora_tuahiniensis_scaffold647	1	25160 	25227 	Undet	NNN	0	0	51.2	
Pocillopora_tuahiniensis_scaffold649	1	51126 	51199 	Ala	GGC	0	0	20.6	pseudo
Pocillopora_tuahiniensis_scaffold649	2	75004 	75075 	Gly	TCC	0	0	73.8	
Pocillopora_tuahiniensis_scaffold649	3	340987	340915	Thr	GGT	0	0	59.7	
Pocillopora_tuahiniensis_scaffold649	4	319543	319471	Thr	GGT	0	0	59.9	
Pocillopora_tuahiniensis_scaffold649	5	314916	314844	Thr	GGT	0	0	59.9	
Pocillopora_tuahiniensis_scaffold649	6	292086	292015	Cys	GCA	0	0	43.8	
Pocillopora_tuahiniensis_scaffold649	7	35036 	34970 	Pro	CGG	0	0	34.3	
Pocillopora_tuahiniensis_scaffold651	1	162505	162577	Thr	AGT	0	0	31.1	pseudo
Pocillopora_tuahiniensis_scaffold651	2	143790	143718	Thr	GGT	0	0	64.1	
Pocillopora_tuahiniensis_scaffold651	3	128301	128227	Gln	CTG	0	0	26.1	pseudo
Pocillopora_tuahiniensis_scaffold652	1	98421 	98493 	Asn	GTT	0	0	65.3	
Pocillopora_tuahiniensis_scaffold653	1	50187 	50259 	Arg	CCG	0	0	33.8	pseudo
Pocillopora_tuahiniensis_scaffold653	2	140151	140223	Ser	GCT	0	0	30.8	
Pocillopora_tuahiniensis_scaffold653	3	613463	613535	Ile	GAT	0	0	55.4	
Pocillopora_tuahiniensis_scaffold653	4	293097	293026	Val	CAC	0	0	32.4	
Pocillopora_tuahiniensis_scaffold653	5	247825	247753	Thr	TGT	0	0	64.1	
Pocillopora_tuahiniensis_scaffold654	1	97509 	97437 	Thr	GGT	0	0	40.4	pseudo
Pocillopora_tuahiniensis_scaffold655	1	67551 	67479 	Thr	GGT	0	0	69.5	
Pocillopora_tuahiniensis_scaffold658	1	169121	169193	Thr	GGT	0	0	50.6	
Pocillopora_tuahiniensis_scaffold658	2	169374	169446	Ile	GAT	0	0	46.8	pseudo
Pocillopora_tuahiniensis_scaffold658	3	188566	188637	Thr	GGT	0	0	27.2	pseudo
Pocillopora_tuahiniensis_scaffold658	4	189115	189187	Ile	GAT	0	0	46.4	pseudo
Pocillopora_tuahiniensis_scaffold658	5	339517	339443	Ile	GAT	0	0	29.2	pseudo
Pocillopora_tuahiniensis_scaffold658	6	339269	339197	Thr	GGT	0	0	60.4	
Pocillopora_tuahiniensis_scaffold659	1	17742 	17814 	Thr	GGT	0	0	61.1	
Pocillopora_tuahiniensis_scaffold659	2	162262	162334	Thr	GGT	0	0	62.9	
Pocillopora_tuahiniensis_scaffold659	3	281377	281449	Pro	CGG	0	0	28.9	
Pocillopora_tuahiniensis_scaffold659	4	298028	298100	Thr	GGT	0	0	64.1	
Pocillopora_tuahiniensis_scaffold659	5	563722	563794	Trp	CCA	0	0	30.7	pseudo
Pocillopora_tuahiniensis_scaffold659	6	654664	654736	Arg	ACG	0	0	30.7	pseudo
Pocillopora_tuahiniensis_scaffold659	7	747974	748045	Thr	GGT	0	0	34.3	pseudo
Pocillopora_tuahiniensis_scaffold659	8	865727	865799	Thr	GGT	0	0	72.9	
Pocillopora_tuahiniensis_scaffold659	9	919006	918935	Cys	GCA	0	0	51.8	
Pocillopora_tuahiniensis_scaffold659	10	602592	602520	Arg	GCG	0	0	26.2	
Pocillopora_tuahiniensis_scaffold659	11	581345	581267	Pro	CGG	0	0	28.8	
Pocillopora_tuahiniensis_scaffold659	12	550928	550856	Thr	GGT	0	0	46.1	pseudo
Pocillopora_tuahiniensis_scaffold659	13	472007	471935	Thr	GGT	0	0	53.7	
Pocillopora_tuahiniensis_scaffold659	14	240490	240418	His	GTG	0	0	53.2	
Pocillopora_tuahiniensis_scaffold660	1	14160 	14232 	Thr	GGT	0	0	58.9	
Pocillopora_tuahiniensis_scaffold662	1	215003	215074	Gly	CCC	0	0	68.9	
Pocillopora_tuahiniensis_scaffold663	1	77501 	77573 	Cys	GCA	0	0	31.4	
Pocillopora_tuahiniensis_scaffold663	2	162864	162936	Trp	CCA	0	0	22.0	pseudo
Pocillopora_tuahiniensis_scaffold663	3	282685	282611	Ala	TGC	0	0	26.8	pseudo
Pocillopora_tuahiniensis_scaffold664	1	72395 	72323 	Arg	GCG	0	0	33.9	pseudo
Pocillopora_tuahiniensis_scaffold665	1	65283 	65355 	Arg	GCG	0	0	50.9	
Pocillopora_tuahiniensis_scaffold665	2	72787 	72731 	Thr	GGT	0	0	35.6	
Pocillopora_tuahiniensis_scaffold669	1	52909 	52981 	Arg	ACG	0	0	46.1	
Pocillopora_tuahiniensis_scaffold669	2	13079 	13007 	Trp	CCA	0	0	37.6	pseudo
Pocillopora_tuahiniensis_scaffold670	1	120758	120684	Thr	GGT	0	0	40.6	pseudo
Pocillopora_tuahiniensis_scaffold670	2	106525	106453	Thr	GGT	0	0	50.3	pseudo
Pocillopora_tuahiniensis_scaffold671	1	111806	111881	Thr	GGT	0	0	39.1	pseudo
Pocillopora_tuahiniensis_scaffold671	2	111700	111628	Thr	GGT	0	0	52.6	
Pocillopora_tuahiniensis_scaffold674	1	98305 	98377 	Ser	CGA	0	0	21.3	pseudo
Pocillopora_tuahiniensis_scaffold675	1	141674	141602	Pro	CGG	0	0	58.4	
Pocillopora_tuahiniensis_scaffold680	1	42594 	42517 	Thr	AGT	0	0	20.2	pseudo
Pocillopora_tuahiniensis_scaffold681	1	69714 	69786 	Thr	GGT	0	0	56.8	
Pocillopora_tuahiniensis_scaffold681	2	77425 	77497 	Thr	GGT	0	0	57.9	
Pocillopora_tuahiniensis_scaffold681	3	368904	368976	Thr	GGT	0	0	61.3	
Pocillopora_tuahiniensis_scaffold681	4	572792	572865	Ser	GCT	0	0	33.9	
Pocillopora_tuahiniensis_scaffold681	5	580141	580213	Thr	GGT	0	0	69.5	
Pocillopora_tuahiniensis_scaffold681	6	632729	632655	Gln	CTG	0	0	26.1	pseudo
Pocillopora_tuahiniensis_scaffold681	7	430792	430720	Thr	AGT	0	0	23.8	pseudo
Pocillopora_tuahiniensis_scaffold681	8	352829	352758	Glu	TTC	0	0	73.1	
Pocillopora_tuahiniensis_scaffold681	9	137298	137226	Leu	GAG	0	0	32.7	
Pocillopora_tuahiniensis_scaffold681	10	93031 	92595 	Undet	NNN	0	0	36.5	
Pocillopora_tuahiniensis_scaffold683	1	35614 	35686 	Thr	GGT	0	0	58.8	
Pocillopora_tuahiniensis_scaffold685	1	36750 	36822 	Thr	GGT	0	0	69.5	
Pocillopora_tuahiniensis_scaffold685	2	151166	151238	Thr	GGT	0	0	54.9	
Pocillopora_tuahiniensis_scaffold685	3	151416	151488	Thr	GGT	0	0	53.2	
Pocillopora_tuahiniensis_scaffold685	4	264709	264781	Thr	AGT	0	0	29.5	pseudo
Pocillopora_tuahiniensis_scaffold685	5	383528	383456	Thr	GGT	0	0	64.1	
Pocillopora_tuahiniensis_scaffold685	6	383280	383209	Thr	GGT	0	0	30.6	pseudo
Pocillopora_tuahiniensis_scaffold685	7	302813	302741	Thr	GGT	0	0	43.1	pseudo
Pocillopora_tuahiniensis_scaffold685	8	76930 	76858 	Arg	GCG	0	0	36.7	
Pocillopora_tuahiniensis_scaffold685	9	4862  	4791  	Gln	CTG	0	0	31.5	pseudo
Pocillopora_tuahiniensis_scaffold686	1	27522 	27449 	Pro	CGG	0	0	57.9	
Pocillopora_tuahiniensis_scaffold687	1	80202 	80274 	Pro	TGG	0	0	32.4	
Pocillopora_tuahiniensis_scaffold687	2	212892	212965	Ser	ACT	0	0	21.5	pseudo
Pocillopora_tuahiniensis_scaffold687	3	252682	252754	Arg	GCG	0	0	47.8	
Pocillopora_tuahiniensis_scaffold687	4	298469	298555	Thr	GGT	0	0	34.8	pseudo
Pocillopora_tuahiniensis_scaffold687	5	408895	408966	Glu	CTC	0	0	74.9	
Pocillopora_tuahiniensis_scaffold687	6	410350	410421	Glu	CTC	0	0	50.7	
Pocillopora_tuahiniensis_scaffold687	7	61226 	61154 	Thr	GGT	0	0	51.8	
Pocillopora_tuahiniensis_scaffold688	1	30032 	30104 	Thr	GGT	0	0	64.1	
Pocillopora_tuahiniensis_scaffold688	2	30277 	30349 	Thr	GGT	0	0	64.1	
Pocillopora_tuahiniensis_scaffold688	3	30533 	30605 	Thr	GGT	0	0	63.1	
Pocillopora_tuahiniensis_scaffold689	1	119437	119370	Arg	CCG	0	0	22.5	pseudo
Pocillopora_tuahiniensis_scaffold691	1	227651	227724	Arg	ACG	0	0	37.2	
Pocillopora_tuahiniensis_scaffold691	2	142097	142025	Thr	GGT	0	0	44.7	
Pocillopora_tuahiniensis_scaffold691	3	16797 	16727 	Arg	GCG	0	0	46.5	
Pocillopora_tuahiniensis_scaffold691	4	3211  	3139  	Thr	GGT	0	0	57.3	
Pocillopora_tuahiniensis_scaffold692	1	50412 	50340 	Arg	GCG	0	0	39.1	
Pocillopora_tuahiniensis_scaffold692	2	45895 	45823 	Thr	GGT	0	0	67.8	
Pocillopora_tuahiniensis_scaffold694	1	100327	100399	Ser	GCT	0	0	42.9	
Pocillopora_tuahiniensis_scaffold694	2	553249	553320	Gly	TCC	0	0	74.1	
Pocillopora_tuahiniensis_scaffold694	3	555324	555395	Gly	TCC	0	0	74.1	
Pocillopora_tuahiniensis_scaffold694	4	562032	562103	Gly	TCC	0	0	74.1	
Pocillopora_tuahiniensis_scaffold694	5	648004	648076	Arg	CCG	0	0	27.1	pseudo
Pocillopora_tuahiniensis_scaffold694	6	728116	728045	Gln	TTG	0	0	70.0	
Pocillopora_tuahiniensis_scaffold694	7	684299	684228	Gln	TTG	0	0	63.4	
Pocillopora_tuahiniensis_scaffold694	8	557323	557252	Gln	CTG	0	0	70.5	
Pocillopora_tuahiniensis_scaffold694	9	554494	554423	Gln	CTG	0	0	70.5	
Pocillopora_tuahiniensis_scaffold694	10	54878 	54807 	Gln	TTG	0	0	74.6	
Pocillopora_tuahiniensis_scaffold694	11	53090 	53019 	Gln	CTG	0	0	72.5	
Pocillopora_tuahiniensis_scaffold694	12	52663 	52592 	Gly	TCC	0	0	74.1	
Pocillopora_tuahiniensis_scaffold695	1	287417	287344	Thr	GGT	0	0	41.2	pseudo
Pocillopora_tuahiniensis_scaffold695	2	213351	213279	Thr	GGT	0	0	25.2	pseudo
Pocillopora_tuahiniensis_scaffold697	1	98240 	98169 	Gln	CTG	0	0	28.9	pseudo
Pocillopora_tuahiniensis_scaffold698	1	48668 	48743 	Arg	TCG	0	0	20.4	pseudo
Pocillopora_tuahiniensis_scaffold698	2	66289 	66363 	Thr	TGT	0	0	26.8	pseudo
Pocillopora_tuahiniensis_scaffold699	1	97308 	97380 	Thr	GGT	0	0	64.1	
Pocillopora_tuahiniensis_scaffold700	1	46111 	46045 	Undet	NNN	0	0	37.7	pseudo
Pocillopora_tuahiniensis_scaffold701	1	33641 	33567 	Arg	CCG	0	0	29.5	pseudo
Pocillopora_tuahiniensis_scaffold703	1	497   	569   	Thr	GGT	0	0	57.0	
Pocillopora_tuahiniensis_scaffold705	1	57357 	57285 	Thr	GGT	0	0	51.2	
Pocillopora_tuahiniensis_scaffold706	1	14654 	14717 	Val	CAC	0	0	25.4	pseudo
Pocillopora_tuahiniensis_scaffold706	2	3414  	3343  	His	GTG	0	0	28.2	pseudo
Pocillopora_tuahiniensis_scaffold707	1	46340 	46270 	Thr	GGT	0	0	31.3	pseudo
Pocillopora_tuahiniensis_scaffold708	1	11500 	11572 	Thr	GGT	0	0	62.3	
Pocillopora_tuahiniensis_scaffold708	2	12369 	12441 	Thr	GGT	0	0	44.4	pseudo
Pocillopora_tuahiniensis_scaffold708	3	152113	152041	Thr	AGT	0	0	63.7	
Pocillopora_tuahiniensis_scaffold710	1	10898 	10970 	Undet	NNN	0	0	32.3	pseudo
Pocillopora_tuahiniensis_scaffold712	1	33428 	33359 	Undet	NNN	0	0	21.1	pseudo
Pocillopora_tuahiniensis_scaffold712	2	210   	136   	Thr	TGT	0	0	26.2	pseudo
Pocillopora_tuahiniensis_scaffold713	1	73143 	73215 	Ser	AGA	0	0	24.7	pseudo
Pocillopora_tuahiniensis_scaffold713	2	103922	103994	Pro	CGG	0	0	37.1	
Pocillopora_tuahiniensis_scaffold713	3	16302 	16230 	Thr	GGT	0	0	64.1	
Pocillopora_tuahiniensis_scaffold714	1	33866 	33940 	Arg	GCG	0	0	26.2	pseudo
Pocillopora_tuahiniensis_scaffold715	1	55121 	55055 	Undet	NNN	0	0	46.9	pseudo
Pocillopora_tuahiniensis_scaffold716	1	253992	254055	Undet	NNN	0	0	32.9	pseudo
Pocillopora_tuahiniensis_scaffold716	2	467211	467283	Cys	GCA	0	0	44.9	
Pocillopora_tuahiniensis_scaffold716	3	511469	511395	Cys	GCA	0	0	44.8	
Pocillopora_tuahiniensis_scaffold716	4	209139	209067	Thr	GGT	0	0	64.8	
Pocillopora_tuahiniensis_scaffold716	5	85058 	84940 	Leu	CAA	85020	84986	73.6	
Pocillopora_tuahiniensis_scaffold717	1	120441	120527	SeC	TCA	0	0	131.0	
Pocillopora_tuahiniensis_scaffold719	1	72205 	72276 	Cys	GCA	0	0	35.8	
Pocillopora_tuahiniensis_scaffold719	2	181551	181479	Thr	GGT	0	0	65.0	
Pocillopora_tuahiniensis_scaffold719	3	151317	151244	Thr	GGT	0	0	24.4	pseudo
Pocillopora_tuahiniensis_scaffold719	4	140229	140158	Cys	GCA	0	0	42.7	
Pocillopora_tuahiniensis_scaffold719	5	90002 	89929 	Thr	GGT	0	0	20.9	pseudo
Pocillopora_tuahiniensis_scaffold719	6	46279 	46204 	Ala	GGC	0	0	65.7	
Pocillopora_tuahiniensis_scaffold719	7	25936 	25862 	Thr	GGT	0	0	58.1	
Pocillopora_tuahiniensis_scaffold719	8	21615 	21543 	Arg	GCG	0	0	26.3	
Pocillopora_tuahiniensis_scaffold719	9	3214  	3141  	Thr	GGT	0	0	30.0	pseudo
Pocillopora_tuahiniensis_scaffold720	1	1411  	1484  	Thr	GGT	0	0	30.0	pseudo
Pocillopora_tuahiniensis_scaffold720	2	8788  	8860  	Thr	GGT	0	0	69.5	
Pocillopora_tuahiniensis_scaffold720	3	9040  	9102  	Thr	AGT	0	0	22.9	pseudo
Pocillopora_tuahiniensis_scaffold720	4	15574 	15645 	Arg	ACG	0	0	31.1	pseudo
Pocillopora_tuahiniensis_scaffold720	5	61591 	61663 	Thr	AGT	0	0	23.9	pseudo
Pocillopora_tuahiniensis_scaffold720	6	104189	104261	Thr	GGT	0	0	60.3	
Pocillopora_tuahiniensis_scaffold720	7	104437	104509	Thr	GGT	0	0	41.0	pseudo
Pocillopora_tuahiniensis_scaffold720	8	129359	129431	Pro	CGG	0	0	20.7	pseudo
Pocillopora_tuahiniensis_scaffold721	1	2536  	2608  	Thr	AGT	0	0	79.2	
Pocillopora_tuahiniensis_scaffold722	1	175900	175972	Thr	AGT	0	0	37.6	pseudo
Pocillopora_tuahiniensis_scaffold722	2	120564	120492	Arg	GCG	0	0	40.2	
Pocillopora_tuahiniensis_scaffold722	3	75884 	75812 	Arg	GCG	0	0	49.9	
Pocillopora_tuahiniensis_scaffold722	4	15773 	15707 	Undet	NNN	0	0	21.2	pseudo
Pocillopora_tuahiniensis_scaffold724	1	36451 	36379 	Arg	TCG	0	0	25.3	pseudo
Pocillopora_tuahiniensis_scaffold726	1	49083 	48999 	Undet	NNN	0	0	24.9	pseudo
Pocillopora_tuahiniensis_scaffold728	1	114661	114735	Undet	NNN	0	0	20.5	pseudo
Pocillopora_tuahiniensis_scaffold729	1	106589	106517	Thr	GGT	0	0	59.8	
Pocillopora_tuahiniensis_scaffold732	1	419833	419904	Ser	CGA	0	0	49.9	
Pocillopora_tuahiniensis_scaffold732	2	521121	521193	Arg	GCG	0	0	48.8	
Pocillopora_tuahiniensis_scaffold732	3	6081  	6017  	Undet	NNN	0	0	21.8	pseudo
Pocillopora_tuahiniensis_scaffold733	1	34848 	34920 	Thr	GGT	0	0	48.8	
Pocillopora_tuahiniensis_scaffold733	2	60682 	60605 	Undet	NNN	0	0	20.7	pseudo
Pocillopora_tuahiniensis_scaffold736	1	3132  	3203  	Cys	GCA	0	0	62.4	
Pocillopora_tuahiniensis_scaffold736	2	46706 	46777 	Cys	GCA	0	0	62.4	
Pocillopora_tuahiniensis_scaffold740	1	26883 	26961 	Pro	TGG	26919	26925	42.4	
Pocillopora_tuahiniensis_scaffold740	2	45625 	45696 	Trp	CCA	0	0	76.7	
Pocillopora_tuahiniensis_scaffold740	3	63370 	63310 	Undet	NNN	0	0	50.2	
Pocillopora_tuahiniensis_scaffold740	4	46109 	46036 	Arg	TCT	0	0	74.4	
Pocillopora_tuahiniensis_scaffold741	1	2412  	2484  	Thr	GGT	0	0	52.2	pseudo
Pocillopora_tuahiniensis_scaffold743	1	179349	179421	Arg	GCG	0	0	34.0	
Pocillopora_tuahiniensis_scaffold743	2	179613	179685	Cys	GCA	0	0	27.7	
Pocillopora_tuahiniensis_scaffold744	1	41957 	41885 	His	ATG	0	0	35.4	
Pocillopora_tuahiniensis_scaffold745	1	76128 	76200 	Thr	GGT	0	0	49.4	pseudo
Pocillopora_tuahiniensis_scaffold747	1	8663  	8592  	Pro	AGG	0	0	21.7	pseudo
Pocillopora_tuahiniensis_scaffold748	1	34844 	34920 	Pro	GGG	0	0	34.9	pseudo
Pocillopora_tuahiniensis_scaffold749	1	96097 	96026 	Cys	GCA	0	0	78.0	
Pocillopora_tuahiniensis_scaffold750	1	110101	110173	Arg	GCG	0	0	46.1	
Pocillopora_tuahiniensis_scaffold750	2	108471	108398	Thr	GGT	0	0	24.9	pseudo
Pocillopora_tuahiniensis_scaffold751	1	62364 	62295 	Thr	GGT	0	0	24.4	pseudo
Pocillopora_tuahiniensis_scaffold752	1	16444 	16516 	Thr	GGT	0	0	68.7	
Pocillopora_tuahiniensis_scaffold753	1	115547	115475	Thr	GGT	0	0	68.7	
Pocillopora_tuahiniensis_scaffold757	1	51974 	52047 	Arg	GCG	0	0	37.0	
Pocillopora_tuahiniensis_scaffold757	2	2185  	2113  	Thr	GGT	0	0	50.7	
Pocillopora_tuahiniensis_scaffold760	1	18161 	18247 	Gly	ACC	0	0	38.4	
Pocillopora_tuahiniensis_scaffold762	1	50898 	50970 	Arg	GCG	0	0	33.0	
Pocillopora_tuahiniensis_scaffold763	1	19164 	19236 	Thr	GGT	0	0	57.4	
Pocillopora_tuahiniensis_scaffold764	1	103266	103340	Ala	TGC	0	0	26.8	pseudo
Pocillopora_tuahiniensis_scaffold764	2	230580	230504	Thr	GGT	0	0	44.2	pseudo
Pocillopora_tuahiniensis_scaffold764	3	170128	170052	Undet	NNN	0	0	37.8	pseudo
Pocillopora_tuahiniensis_scaffold769	1	32602 	32679 	Arg	ACG	0	0	22.7	pseudo
Pocillopora_tuahiniensis_scaffold769	2	71427 	71495 	Gln	CTG	0	0	20.0	pseudo
Pocillopora_tuahiniensis_scaffold769	3	100520	100588	Gln	CTG	0	0	20.0	pseudo
Pocillopora_tuahiniensis_scaffold770	1	349883	349955	Thr	GGT	0	0	42.5	pseudo
Pocillopora_tuahiniensis_scaffold770	2	766354	766426	Thr	GGT	0	0	49.3	pseudo
Pocillopora_tuahiniensis_scaffold770	3	1032010	1032083	Arg	TCT	0	0	57.1	
Pocillopora_tuahiniensis_scaffold770	4	736984	736902	Cys	GCA	0	0	24.8	
Pocillopora_tuahiniensis_scaffold770	5	736714	736643	Cys	ACA	0	0	55.2	
Pocillopora_tuahiniensis_scaffold770	6	417647	417570	Leu	TAG	0	0	25.8	pseudo
Pocillopora_tuahiniensis_scaffold770	7	401652	401580	Trp	CCA	0	0	31.4	pseudo
Pocillopora_tuahiniensis_scaffold770	8	376182	376110	Cys	GCA	0	0	22.6	pseudo
Pocillopora_tuahiniensis_scaffold770	9	219895	219819	Thr	GGT	0	0	39.0	pseudo
Pocillopora_tuahiniensis_scaffold770	10	115135	115061	Thr	GGT	0	0	43.7	pseudo
Pocillopora_tuahiniensis_scaffold770	11	53856 	53784 	Arg	GCG	0	0	41.8	
Pocillopora_tuahiniensis_scaffold771	1	263330	263258	Pro	CGG	0	0	30.7	pseudo
Pocillopora_tuahiniensis_scaffold772	1	10447 	10519 	Cys	ACA	0	0	31.3	
Pocillopora_tuahiniensis_scaffold774	1	43434 	43362 	Cys	GCA	0	0	50.5	
Pocillopora_tuahiniensis_scaffold775	1	9587  	9659  	Arg	GCG	0	0	47.2	
Pocillopora_tuahiniensis_scaffold775	2	252555	252627	Undet	NNN	0	0	36.2	pseudo
Pocillopora_tuahiniensis_scaffold775	3	490011	490083	Thr	GGT	0	0	41.3	pseudo
Pocillopora_tuahiniensis_scaffold775	4	690655	690727	His	GTG	0	0	28.8	pseudo
Pocillopora_tuahiniensis_scaffold775	5	345245	345173	Thr	GGT	0	0	22.3	pseudo
Pocillopora_tuahiniensis_scaffold775	6	337130	337058	Tyr	GTA	0	0	20.0	pseudo
Pocillopora_tuahiniensis_scaffold775	7	296442	296370	Thr	GGT	0	0	53.2	
Pocillopora_tuahiniensis_scaffold775	8	147882	147810	Thr	GGT	0	0	65.4	
Pocillopora_tuahiniensis_scaffold775	9	131267	131195	Thr	AGT	0	0	27.5	pseudo
Pocillopora_tuahiniensis_scaffold775	10	26778 	26705 	His	GTG	0	0	30.6	pseudo
Pocillopora_tuahiniensis_scaffold779	1	305779	305846	Undet	NNN	0	0	24.5	pseudo
Pocillopora_tuahiniensis_scaffold779	2	333890	333962	Thr	AGT	0	0	37.2	pseudo
Pocillopora_tuahiniensis_scaffold779	3	380047	380122	His	ATG	380084	380087	29.6	pseudo
Pocillopora_tuahiniensis_scaffold779	4	596716	596788	Arg	GCG	0	0	23.5	pseudo
Pocillopora_tuahiniensis_scaffold779	5	825637	825566	Gln	CTG	0	0	24.1	pseudo
Pocillopora_tuahiniensis_scaffold779	6	811729	811657	Thr	CGT	0	0	25.1	pseudo
Pocillopora_tuahiniensis_scaffold779	7	658184	658113	Pro	CGG	0	0	34.3	pseudo
Pocillopora_tuahiniensis_scaffold779	8	569026	568954	Undet	NNN	0	0	28.7	
Pocillopora_tuahiniensis_scaffold780	1	33976 	34048 	Arg	GCG	0	0	37.1	
Pocillopora_tuahiniensis_scaffold780	2	110232	110160	Arg	CCG	0	0	31.8	pseudo
Pocillopora_tuahiniensis_scaffold784	1	126422	126348	Thr	GGT	0	0	49.1	
Pocillopora_tuahiniensis_scaffold784	2	21389 	21317 	Thr	GGT	0	0	27.6	pseudo
Pocillopora_tuahiniensis_scaffold786	1	53942 	54016 	Gln	CTG	0	0	26.1	pseudo
Pocillopora_tuahiniensis_scaffold787	1	47622 	47550 	Thr	GGT	0	0	25.9	pseudo
Pocillopora_tuahiniensis_scaffold788	1	22591 	22663 	His	GTG	0	0	52.5	
Pocillopora_tuahiniensis_scaffold790	1	24529 	24457 	Arg	GCG	0	0	24.2	pseudo
Pocillopora_tuahiniensis_scaffold790	2	24272 	24201 	Arg	GCG	0	0	24.2	
Pocillopora_tuahiniensis_scaffold793	1	85264 	85347 	Leu	TAA	0	0	82.1	
Pocillopora_tuahiniensis_scaffold795	1	45298 	45226 	Arg	GCG	0	0	31.2	
Pocillopora_tuahiniensis_scaffold798	1	26201 	26129 	Thr	AGT	0	0	29.0	pseudo
Pocillopora_tuahiniensis_scaffold800	1	95676 	95602 	Thr	TGT	0	0	26.8	pseudo
Pocillopora_tuahiniensis_scaffold805	1	79024 	79085 	Undet	NNN	0	0	42.0	
Pocillopora_tuahiniensis_scaffold805	2	85147 	85083 	Undet	NNN	0	0	27.4	
Pocillopora_tuahiniensis_scaffold809	1	11792 	11864 	Thr	TGT	0	0	44.5	
Pocillopora_tuahiniensis_scaffold809	2	28047 	28119 	Thr	GGT	0	0	56.6	
Pocillopora_tuahiniensis_scaffold812	1	9460  	9532  	Ile	GAT	0	0	47.7	pseudo
Pocillopora_tuahiniensis_scaffold812	2	28215 	28292 	Thr	GGT	0	0	40.5	pseudo
Pocillopora_tuahiniensis_scaffold813	1	11803 	11875 	Ile	GAT	0	0	41.8	pseudo
Pocillopora_tuahiniensis_scaffold813	2	22041 	22103 	Ile	GAT	0	0	42.5	
Pocillopora_tuahiniensis_scaffold813	3	33901 	33973 	Ile	GAT	0	0	37.4	
Pocillopora_tuahiniensis_scaffold813	4	72909 	72975 	Ile	GAT	0	0	47.3	
Pocillopora_tuahiniensis_scaffold813	5	81329 	81410 	Thr	GGT	0	0	44.9	pseudo
Pocillopora_tuahiniensis_scaffold813	6	81154 	81082 	Thr	AGT	0	0	42.2	pseudo
Pocillopora_tuahiniensis_scaffold813	7	21854 	21782 	Thr	AGT	0	0	35.2	pseudo
Pocillopora_tuahiniensis_scaffold814	1	104787	104871	Arg	CCG	0	0	31.1	pseudo
Pocillopora_tuahiniensis_scaffold814	2	124198	124272	Arg	CCG	0	0	34.2	pseudo
Pocillopora_tuahiniensis_scaffold815	1	83358 	83285 	Thr	GGT	0	0	52.2	pseudo
Pocillopora_tuahiniensis_scaffold815	2	83112 	83040 	Ala	GGC	0	0	64.1	
Pocillopora_tuahiniensis_scaffold815	3	82867 	82795 	Ala	GGC	0	0	64.1	
Pocillopora_tuahiniensis_scaffold815	4	82622 	82550 	Thr	GGT	0	0	64.1	
Pocillopora_tuahiniensis_scaffold815	5	82377 	82305 	Thr	GGT	0	0	64.1	
Pocillopora_tuahiniensis_scaffold816	1	53332 	53260 	Cys	GCA	0	0	47.8	
Pocillopora_tuahiniensis_scaffold817	1	6588  	6660  	Asn	ATT	0	0	44.2	pseudo
Pocillopora_tuahiniensis_scaffold822	1	76217 	76142 	Thr	GGT	0	0	36.0	pseudo
Pocillopora_tuahiniensis_scaffold823	1	288217	288297	Arg	TCG	0	0	20.0	pseudo
Pocillopora_tuahiniensis_scaffold823	2	228013	227941	Thr	AGT	0	0	50.5	
Pocillopora_tuahiniensis_scaffold832	1	87903 	87828 	Arg	CCG	0	0	24.4	pseudo
Pocillopora_tuahiniensis_scaffold833	1	9957  	10029 	Thr	GGT	0	0	23.9	pseudo
Pocillopora_tuahiniensis_scaffold833	2	17043 	17115 	Thr	GGT	0	0	23.9	pseudo
Pocillopora_tuahiniensis_scaffold833	3	16986 	16914 	Thr	GGT	0	0	49.7	pseudo
Pocillopora_tuahiniensis_scaffold833	4	16663 	16580 	Ser	GGA	0	0	41.4	pseudo
Pocillopora_tuahiniensis_scaffold833	5	9900  	9828  	Thr	GGT	0	0	42.5	pseudo
Pocillopora_tuahiniensis_scaffold833	6	9577  	9494  	Ser	GGA	0	0	37.5	pseudo
Pocillopora_tuahiniensis_scaffold833	7	1630  	1558  	Thr	GGT	0	0	42.5	pseudo
Pocillopora_tuahiniensis_scaffold833	8	1310  	1229  	Ser	GGA	0	0	42.3	pseudo
Pocillopora_tuahiniensis_scaffold834	1	8342  	8414  	Ile	GAT	0	0	23.7	
Pocillopora_tuahiniensis_scaffold835	1	125384	125312	Pro	CGG	0	0	22.8	pseudo
Pocillopora_tuahiniensis_scaffold836	1	75476 	75404 	Asn	GTT	0	0	70.7	
Pocillopora_tuahiniensis_scaffold838	1	46345 	46417 	Thr	GGT	0	0	27.4	pseudo
Pocillopora_tuahiniensis_scaffold838	2	71846 	71917 	Gln	CTG	0	0	25.1	pseudo
Pocillopora_tuahiniensis_scaffold840	1	61785 	61712 	Thr	GGT	0	0	42.2	pseudo
Pocillopora_tuahiniensis_scaffold841	1	31860 	31788 	Thr	GGT	0	0	52.9	
Pocillopora_tuahiniensis_scaffold844	1	78422 	78494 	Thr	GGT	0	0	38.1	pseudo
Pocillopora_tuahiniensis_scaffold844	2	78671 	78743 	Thr	GGT	0	0	63.9	
Pocillopora_tuahiniensis_scaffold845	1	39296 	39224 	Thr	GGT	0	0	64.1	
Pocillopora_tuahiniensis_scaffold845	2	39050 	38978 	Thr	GGT	0	0	69.8	
Pocillopora_tuahiniensis_scaffold845	3	38804 	38732 	Thr	GGT	0	0	64.1	
Pocillopora_tuahiniensis_scaffold848	1	18546 	18474 	Undet	NNN	0	0	48.1	
Pocillopora_tuahiniensis_scaffold856	1	30395 	30323 	Thr	GGT	0	0	64.1	
Pocillopora_tuahiniensis_scaffold864	1	138559	138480	Thr	GGT	0	0	68.0	
Pocillopora_tuahiniensis_scaffold865	1	41679 	41751 	Thr	AGT	0	0	49.6	
Pocillopora_tuahiniensis_scaffold867	1	44557 	44629 	Cys	GCA	0	0	42.0	
Pocillopora_tuahiniensis_scaffold867	2	44708 	44780 	Arg	GCG	0	0	30.7	pseudo
Pocillopora_tuahiniensis_scaffold871	1	50489 	50560 	Thr	AGT	0	0	48.0	pseudo
Pocillopora_tuahiniensis_scaffold871	2	34501 	34427 	Thr	GGT	0	0	38.5	pseudo
Pocillopora_tuahiniensis_scaffold873	1	15427 	15510 	Thr	GGT	0	0	34.6	pseudo
Pocillopora_tuahiniensis_scaffold873	2	88431 	88503 	Thr	GGT	0	0	61.9	
Pocillopora_tuahiniensis_scaffold873	3	101074	101002	Ile	GAT	0	0	31.3	pseudo
Pocillopora_tuahiniensis_scaffold875	1	79279 	79351 	Thr	GGT	0	0	56.1	
Pocillopora_tuahiniensis_scaffold876	1	23477 	23549 	Ser	AGA	0	0	57.6	
Pocillopora_tuahiniensis_scaffold876	2	23963 	24035 	Thr	GGT	0	0	77.0	
Pocillopora_tuahiniensis_scaffold876	3	48389 	48461 	Thr	GGT	0	0	30.5	pseudo
Pocillopora_tuahiniensis_scaffold876	4	134808	134880	Arg	GCG	0	0	27.9	
Pocillopora_tuahiniensis_scaffold876	5	200495	200567	Arg	GCG	0	0	31.5	
Pocillopora_tuahiniensis_scaffold876	6	218358	218287	Thr	GGT	0	0	37.0	pseudo
Pocillopora_tuahiniensis_scaffold876	7	62301 	62229 	Thr	GGT	0	0	65.3	
Pocillopora_tuahiniensis_scaffold878	1	59313 	59385 	Pro	CGG	0	0	33.5	
Pocillopora_tuahiniensis_scaffold878	2	37417 	37345 	Thr	GGT	0	0	41.9	pseudo
Pocillopora_tuahiniensis_scaffold880	1	43475 	43547 	Thr	GGT	0	0	69.5	
Pocillopora_tuahiniensis_scaffold880	2	249438	249509	Cys	GCA	0	0	47.7	
Pocillopora_tuahiniensis_scaffold880	3	305528	305602	Thr	GGT	0	0	41.8	
Pocillopora_tuahiniensis_scaffold880	4	522521	522449	Arg	GCG	0	0	31.0	
Pocillopora_tuahiniensis_scaffold880	5	505300	505228	Thr	GGT	0	0	64.1	
Pocillopora_tuahiniensis_scaffold880	6	286991	286916	Thr	AGT	0	0	30.8	pseudo
Pocillopora_tuahiniensis_scaffold880	7	268758	268688	Asn	GTT	0	0	40.7	pseudo
Pocillopora_tuahiniensis_scaffold880	8	127255	127182	Arg	GCG	0	0	37.0	
Pocillopora_tuahiniensis_scaffold880	9	4440  	4368  	Thr	TGT	0	0	46.0	pseudo
Pocillopora_tuahiniensis_scaffold882	1	13704 	13631 	Asn	GTT	0	0	63.5	
Pocillopora_tuahiniensis_scaffold882	2	6668  	6595  	Asp	GTC	0	0	34.7	pseudo
Pocillopora_tuahiniensis_scaffold886	1	21385 	21451 	Undet	NNN	0	0	40.3	
Pocillopora_tuahiniensis_scaffold888	1	7295  	7367  	Thr	GGT	0	0	64.1	
Pocillopora_tuahiniensis_scaffold889	1	3497  	3569  	Thr	GGT	0	0	64.1	
Pocillopora_tuahiniensis_scaffold889	2	32846 	32918 	Pro	CGG	0	0	24.0	pseudo
Pocillopora_tuahiniensis_scaffold892	1	31311 	31239 	Thr	GGT	0	0	67.6	
Pocillopora_tuahiniensis_scaffold892	2	3293  	3221  	Ser	AGA	0	0	24.7	pseudo
Pocillopora_tuahiniensis_scaffold893	1	26797 	26868 	Gln	TTG	0	0	53.6	
Pocillopora_tuahiniensis_scaffold893	2	20980 	20908 	Thr	GGT	0	0	51.2	
Pocillopora_tuahiniensis_scaffold896	1	18865 	18780 	Tyr	GTA	18828	18816	78.1	
Pocillopora_tuahiniensis_scaffold896	2	7556  	7484  	Arg	GCG	0	0	45.9	
Pocillopora_tuahiniensis_scaffold897	1	24900 	24828 	Thr	GGT	0	0	58.4	
Pocillopora_tuahiniensis_scaffold897	2	8691  	8619  	Thr	GGT	0	0	56.4	
Pocillopora_tuahiniensis_scaffold897	3	8446  	8374  	Thr	GGT	0	0	60.2	
Pocillopora_tuahiniensis_scaffold899	1	4581  	4509  	Cys	GCA	0	0	50.3	
Pocillopora_tuahiniensis_scaffold902	1	113990	113921	Asn	GTT	0	0	23.9	pseudo
Pocillopora_tuahiniensis_scaffold903	1	59658 	59730 	Ile	GAT	0	0	24.3	pseudo
Pocillopora_tuahiniensis_scaffold903	2	54826 	54752 	Ala	TGC	0	0	26.8	pseudo
Pocillopora_tuahiniensis_scaffold908	1	6263  	6345  	Ser	GCT	0	0	27.9	pseudo
Pocillopora_tuahiniensis_scaffold909	1	31489 	31418 	Cys	GCA	0	0	53.5	
Pocillopora_tuahiniensis_scaffold909	2	8285  	8214  	Cys	GCA	0	0	35.7	pseudo
Pocillopora_tuahiniensis_scaffold910	1	29814 	29742 	Thr	GGT	0	0	63.9	
Pocillopora_tuahiniensis_scaffold915	1	29318 	29392 	Arg	TCT	0	0	36.8	pseudo
Pocillopora_tuahiniensis_scaffold915	2	31658 	31731 	Arg	TCT	0	0	75.1	
Pocillopora_tuahiniensis_scaffold915	3	254384	254455	Asn	GTT	0	0	29.4	pseudo
Pocillopora_tuahiniensis_scaffold918	1	9407  	9480  	Undet	NNN	0	0	20.5	pseudo
Pocillopora_tuahiniensis_scaffold919	1	3496  	3425  	His	ATG	0	0	47.1	
Pocillopora_tuahiniensis_scaffold920	1	16053 	16125 	Thr	AGT	0	0	28.7	pseudo
Pocillopora_tuahiniensis_scaffold921	1	52737 	52809 	Cys	GCA	0	0	53.3	
Pocillopora_tuahiniensis_scaffold921	2	230741	230813	Arg	CCG	0	0	33.0	pseudo
Pocillopora_tuahiniensis_scaffold921	3	289483	289555	Thr	AGT	0	0	45.6	pseudo
Pocillopora_tuahiniensis_scaffold924	1	158993	159065	Thr	AGT	0	0	58.6	
Pocillopora_tuahiniensis_scaffold925	1	3227  	3155  	Thr	GGT	0	0	64.1	
Pocillopora_tuahiniensis_scaffold928	1	24334 	24406 	Undet	NNN	0	0	25.9	pseudo
Pocillopora_tuahiniensis_scaffold932	1	13072 	13137 	Arg	GCG	0	0	25.5	pseudo
Pocillopora_tuahiniensis_scaffold933	1	16866 	16795 	Arg	CCG	0	0	24.9	pseudo
Pocillopora_tuahiniensis_scaffold937	1	33099 	33171 	Ala	GGC	0	0	44.0	pseudo
Pocillopora_tuahiniensis_scaffold937	2	37297 	37369 	Thr	AGT	0	0	33.7	pseudo
Pocillopora_tuahiniensis_scaffold949	1	116159	116088	Cys	GCA	0	0	63.3	
Pocillopora_tuahiniensis_scaffold949	2	59448 	59377 	Cys	GCA	0	0	62.4	
Pocillopora_tuahiniensis_scaffold958	1	3788  	3860  	Gln	CTG	0	0	21.8	pseudo
Pocillopora_tuahiniensis_scaffold976	1	16645 	16716 	His	GTG	0	0	26.5	pseudo
Pocillopora_tuahiniensis_scaffold981	1	43841 	43769 	Thr	GGT	0	0	34.7	pseudo
Pocillopora_tuahiniensis_scaffold982	1	4490  	4564  	Pro	CGG	0	0	23.3	pseudo
Pocillopora_tuahiniensis_scaffold982	2	10858 	11003 	Arg	CCG	10893	10968	26.1	pseudo
Pocillopora_tuahiniensis_scaffold984	1	4024  	4096  	Thr	GGT	0	0	69.5	
Pocillopora_tuahiniensis_scaffold984	2	4274  	4346  	Thr	GGT	0	0	69.5	
Pocillopora_tuahiniensis_scaffold984	3	4524  	4596  	Thr	GGT	0	0	68.2	
Pocillopora_tuahiniensis_scaffold984	4	4774  	4846  	Thr	GGT	0	0	69.5	
Pocillopora_tuahiniensis_scaffold984	5	5029  	5101  	Thr	GGT	0	0	69.5	
Pocillopora_tuahiniensis_scaffold993	1	14978 	15050 	Thr	GGT	0	0	61.4	
Pocillopora_tuahiniensis_scaffold994	1	29486 	29561 	Ser	AGA	0	0	20.0	pseudo
Pocillopora_tuahiniensis_scaffold999	1	886   	988   	Phe	GAA	0	0	72.1	
Pocillopora_tuahiniensis_scaffold999	2	3449  	3551  	Phe	GAA	0	0	60.2	
Pocillopora_tuahiniensis_scaffold999	3	3766  	3868  	Phe	GAA	0	0	72.1	
Pocillopora_tuahiniensis_scaffold999	4	4724  	4826  	Phe	GAA	0	0	72.1	
Pocillopora_tuahiniensis_scaffold999	5	5140  	5242  	Phe	GAA	0	0	64.5	
Pocillopora_tuahiniensis_scaffold1002	1	25438 	25510 	Thr	AGT	0	0	36.9	pseudo
Pocillopora_tuahiniensis_scaffold1002	2	10871 	10799 	Thr	AGT	0	0	36.9	pseudo
Pocillopora_tuahiniensis_scaffold1011	1	41436 	41508 	Cys	GCA	0	0	20.1	pseudo
Pocillopora_tuahiniensis_scaffold1017	1	20266 	20194 	Thr	GGT	0	0	66.9	
Pocillopora_tuahiniensis_scaffold1017	2	20021 	19948 	Gln	CTG	0	0	49.8	
Pocillopora_tuahiniensis_scaffold1047	1	3217  	3288  	Gln	CTG	0	0	24.1	pseudo
Pocillopora_tuahiniensis_scaffold1052	1	24627 	24700 	Arg	TCT	0	0	57.1	
Pocillopora_tuahiniensis_scaffold1052	2	48624 	48696 	Pro	CGG	0	0	23.6	pseudo
Pocillopora_tuahiniensis_scaffold1052	3	79223 	79151 	Thr	GGT	0	0	53.0	
Pocillopora_tuahiniensis_scaffold1054	1	28616 	28688 	Ser	CGA	0	0	21.3	pseudo
Pocillopora_tuahiniensis_scaffold1062	1	688   	614   	Thr	AGT	0	0	43.0	
Pocillopora_tuahiniensis_scaffold1081	1	5473  	5395  	Asn	ATT	0	0	37.4	pseudo
Pocillopora_tuahiniensis_scaffold1086	1	8716  	8788  	Thr	CGT	0	0	38.9	
Pocillopora_tuahiniensis_scaffold1086	2	8511  	8439  	Thr	TGT	0	0	27.0	pseudo
Pocillopora_tuahiniensis_scaffold1090	1	14001 	14074 	Thr	AGT	0	0	85.2	
Pocillopora_tuahiniensis_scaffold1090	2	24696 	24625 	Pro	TGG	0	0	52.4	
Pocillopora_tuahiniensis_scaffold1090	3	23341 	23269 	Val	CAC	0	0	81.8	
Pocillopora_tuahiniensis_scaffold1090	4	22211 	22140 	Pro	AGG	0	0	36.5	
Pocillopora_tuahiniensis_scaffold1090	5	20336 	20263 	Asn	GTT	0	0	80.6	
Pocillopora_tuahiniensis_scaffold1090	6	19636 	19565 	Pro	TGG	0	0	69.3	
Pocillopora_tuahiniensis_scaffold1090	7	18283 	18211 	Val	CAC	0	0	62.3	
Pocillopora_tuahiniensis_scaffold1090	8	17049 	16977 	Val	AAC	0	0	61.5	
Pocillopora_tuahiniensis_scaffold1090	9	15460 	15389 	Asp	ATC	0	0	50.8	
Pocillopora_tuahiniensis_scaffold1090	10	12618 	12547 	Pro	TGG	0	0	53.4	
Pocillopora_tuahiniensis_scaffold1090	11	11560 	11488 	Val	CAC	0	0	72.8	
Pocillopora_tuahiniensis_scaffold1090	12	2404  	2329  	Pro	AGG	0	0	58.4	
Pocillopora_tuahiniensis_scaffold1090	13	1653  	1581  	Val	AAC	0	0	81.0	
Pocillopora_tuahiniensis_scaffold1090	14	812   	741   	Asp	GTC	0	0	68.0	
Pocillopora_tuahiniensis_scaffold1097	1	13567 	13645 	Trp	CCA	0	0	22.8	pseudo
Pocillopora_tuahiniensis_scaffold1110	1	11763 	11835 	Thr	GGT	0	0	43.8	
Pocillopora_tuahiniensis_scaffold1112	1	15230 	15295 	Undet	NNN	0	0	46.8	
Pocillopora_tuahiniensis_scaffold1137	1	10434 	10362 	Thr	GGT	0	0	41.9	pseudo
